row_id,listing_id,city,property_type_group,actual_adjusted_revpar,model_predicted_adjusted_revpar,market_contribution_log,amenities_contribution_log,policies_contribution_log,listing_quality_contribution_log,other_contribution_log,reference_group_n,amenities_percentile,policies_percentile,listing_quality_percentile,overall_model_percentile
0,155305,asheville,entire_place,51.899999999999984,54.71954671911567,-0.016877695403095024,-0.16195551803497288,0.399931719895554,-0.28810985128664507,0.0,180,14.722222222222223,99.72222222222223,3.6111111111111107,45.55555555555556
1,209068,asheville,entire_place,10.7,27.171194315296624,-0.016877695403095024,-0.004487725145375109,-0.49589652979893317,-0.23178043068517212,0.0,180,37.77777777777778,10.0,41.94444444444444,6.111111111111111
2,314540,asheville,entire_place,77.59999999999998,50.12077741371914,-0.016877695403095024,0.30215284218724203,-0.6484183207365929,0.2099918327984172,0.0,180,95.55555555555556,6.111111111111111,94.44444444444444,38.88888888888889
3,621243,asheville,entire_place,14.599999999999998,46.81648520709359,-0.016877695403095024,0.23914372184461652,-0.2150140685424745,-0.22722385778046095,0.0,180,85.55555555555556,25.0,45.0,29.444444444444446
4,660702,asheville,entire_place,90.40000000000003,73.50858548052535,-0.016877695403095024,0.16902816379453303,0.30476314297819185,-0.23334161000584352,0.0,180,68.05555555555556,86.66666666666667,41.11111111111111,67.77777777777779
5,943832,asheville,entire_place,11.100000000000001,45.33517273597199,-0.016877695403095024,-0.17089717637782534,-0.1352973006204115,0.07163115668215406,0.0,180,12.222222222222221,28.333333333333332,83.88888888888889,28.333333333333332
6,977054,asheville,entire_place,17.999999999999996,31.114039183135976,-0.016877695403095024,-0.07483408827094615,-0.258522762686281,-0.26781452011791707,0.0,180,28.055555555555557,17.77777777777778,15.277777777777779,12.777777777777777
7,1132028,asheville,entire_place,139.40000000000006,98.5344159515252,-0.016877695403095024,0.1402024793954925,0.3057621825997602,0.08407414799535871,0.0,180,63.33333333333333,90.0,85.27777777777777,90.55555555555556
8,1312301,asheville,entire_place,27.299999999999997,51.642627729163856,-0.016877695403095024,-0.14917792968624272,0.29288101858683363,-0.25064154759053175,0.0,180,17.22222222222222,72.5,28.888888888888886,41.66666666666667
9,1325364,asheville,private_room,23.999999999999996,28.113770561597804,-0.016877695403095024,-0.16118414854590252,-0.1259535075942151,-0.41211572976643607,0.0,14,57.14285714285714,35.714285714285715,85.71428571428571,42.857142857142854
10,1475299,asheville,entire_place,73.60000000000002,54.84033397073998,-0.016877695403095024,0.2977319488668566,-0.414082005890964,0.06838183298350828,0.0,180,94.44444444444444,13.333333333333334,83.33333333333334,46.666666666666664
11,1586906,asheville,private_room,54.20000000000002,23.02819149621908,-0.016877695403095024,-0.3145235297723687,-0.12559135573139657,-0.45112199115713747,0.0,14,7.142857142857142,42.857142857142854,50.0,28.57142857142857
12,1684109,asheville,entire_place,136.19999999999993,129.88827183389947,-0.016877695403095024,0.19562627419884368,0.3912248146281074,0.21702832036703276,0.0,180,73.88888888888889,91.66666666666666,95.0,97.77777777777777
13,1768955,asheville,entire_place,78.19999999999999,73.39081313623456,-0.016877695403095024,0.11987776062780316,0.3946104476284364,-0.27562041672127396,0.0,180,59.44444444444444,92.5,10.0,66.66666666666666
14,1879067,asheville,entire_place,64.8,67.68464508125848,-0.016877695403095024,0.11458562611626585,0.2872475464379759,-0.24277216845852334,0.0,180,58.333333333333336,66.66666666666666,32.77777777777778,62.22222222222222
15,2072026,asheville,entire_place,87.99999999999999,45.20239275174026,-0.016877695403095024,0.12819626053583266,-0.12591604360840628,-0.23971329234583205,0.0,180,60.55555555555555,30.0,35.0,27.22222222222222
16,2326086,asheville,entire_place,175.30000000000007,89.8230266774643,-0.016877695403095024,0.3461318999839901,0.3053625667511329,-0.21304627883711547,0.0,180,98.88888888888889,88.88888888888889,49.44444444444444,85.0
17,2454666,asheville,entire_place,112.50000000000001,63.35750904784163,-0.016877695403095024,0.03713282528323686,0.19708804190599133,-0.1402319125629674,0.0,180,45.0,49.166666666666664,58.88888888888889,57.77777777777777
18,2477628,asheville,entire_place,82.69999999999999,35.242768712607536,-0.016877695403095024,0.25323324409599973,-0.6962407307884435,-0.03721729902473894,0.0,180,86.66666666666667,2.2222222222222223,75.0,18.88888888888889
19,3040444,asheville,entire_place,58.999999999999986,54.02838375742798,-0.016877695403095024,-0.19253382904816768,0.3946104476284364,-0.26469216147657426,0.0,180,9.444444444444445,92.5,16.666666666666664,45.0
20,3084395,asheville,entire_place,73.90000000000003,50.10787486442577,-0.016877695403095024,-0.18863622246052375,0.1970256019296433,-0.14491545052498156,0.0,180,10.0,47.77777777777778,57.77777777777777,38.333333333333336
21,3220474,asheville,private_room,27.4,17.375215041473993,-0.016877695403095024,-0.23444686113403357,-0.4660871664658824,-0.4589278877604944,0.0,14,21.428571428571427,21.428571428571427,14.285714285714285,14.285714285714285
22,3314819,asheville,private_room,44.20000000000001,35.161045447451585,-0.016877695403095024,-0.0036546790745384493,-0.048064359977357904,-0.430763177459758,0.0,14,78.57142857142857,50.0,78.57142857142857,50.0
23,3369973,asheville,entire_place,76.89999999999998,78.47324829708784,-0.016877695403095024,-0.0567852828501526,0.3958592471553968,-0.03411816200947938,0.0,180,32.77777777777778,97.77777777777777,76.38888888888889,75.0
24,3649639,asheville,entire_place,88.69999999999996,82.69848880019386,-0.016877695403095024,0.23676793679563923,0.2924439387523975,-0.17245561649965935,0.0,180,84.44444444444444,69.44444444444444,53.888888888888886,77.77777777777779
25,3868452,asheville,entire_place,205.9000000000001,102.53301916564521,-0.016877695403095024,0.3277696954664687,0.19814952150390766,0.04350670728398582,0.0,180,96.66666666666667,53.333333333333336,82.22222222222221,91.11111111111111
26,3868910,asheville,entire_place,43.599999999999994,48.41658176768699,-0.016877695403095024,-0.10576035374255136,0.19708804190599133,-0.26150632030658,0.0,180,22.77777777777778,49.166666666666664,18.88888888888889,34.44444444444444
27,3968877,asheville,private_room,5.700000000000001,27.296716930974426,-0.016877695403095024,0.1611676342788461,-0.4518151319225784,-0.437071377271095,0.0,14,85.71428571428571,28.57142857142857,64.28571428571429,35.714285714285715
28,3986614,asheville,entire_place,68.20000000000002,70.39509526440679,-0.016877695403095024,0.31999175997202195,0.15020732546126342,-0.2724345755512797,0.0,180,96.11111111111111,38.333333333333336,11.666666666666666,65.0
29,4241484,asheville,entire_place,101.80000000000003,108.30310165595576,-0.016877695403095024,0.33748272329839146,0.2988266906174315,-0.012649305008017732,0.0,180,98.33333333333333,82.22222222222221,78.33333333333333,92.77777777777779
30,4394670,asheville,entire_place,29.299999999999997,51.205910262235065,-0.016877695403095024,-0.08295997822380323,0.20883853339858277,-0.24114750660920042,0.0,180,27.22222222222222,64.44444444444444,33.88888888888889,41.11111111111111
31,4448604,asheville,entire_place,19.5,42.46097019870945,-0.016877695403095024,0.11750197557882587,-0.17645353056435453,-0.23964980981718054,0.0,180,58.88888888888889,26.111111111111114,36.388888888888886,25.555555555555554
32,4831087,asheville,entire_place,12.899999999999999,21.67232113209541,-0.016877695403095024,-0.1646410624220453,-0.5137418750391973,-0.2709368787592598,0.0,180,13.333333333333334,9.444444444444445,13.055555555555557,1.1111111111111112
33,4994407,asheville,entire_place,19.100000000000005,40.051565362125956,-0.016877695403095024,-0.13633866475574624,-0.2253818771807785,0.006084846840038937,0.0,180,18.88888888888889,21.11111111111111,79.44444444444444,23.333333333333332
34,5124601,asheville,entire_place,233.19999999999993,120.87174647088568,-0.016877695403095024,0.10801975282239067,0.3974701985451757,0.2270146186424163,0.0,180,55.55555555555556,98.88888888888889,96.11111111111111,96.66666666666667
35,5151226,asheville,entire_place,146.59999999999997,118.44855405399974,-0.016877695403095024,0.21551030025503176,0.29549427792361305,0.20141652716031885,0.0,180,78.33333333333333,77.77777777777779,92.77777777777779,95.55555555555556
36,5480168,asheville,entire_place,16.0,47.313438564428395,-0.016877695403095024,-0.006632705118864812,-0.22043524477174897,0.03431303966942693,0.0,180,37.22222222222222,22.77777777777778,81.66666666666667,32.22222222222222
37,5716399,asheville,entire_place,55.899999999999984,54.00675688570189,-0.016877695403095024,-0.059178345579971134,0.20297127396024114,-0.20680156155442986,0.0,180,32.22222222222222,60.0,50.55555555555556,44.44444444444444
38,6002814,asheville,entire_place,71.59999999999997,26.019682940024637,-0.016877695403095024,0.13003148117122715,-0.6501666400743374,-0.25376390623187456,0.0,180,61.66666666666667,5.555555555555555,25.27777777777778,3.3333333333333335
39,6054250,asheville,entire_place,88.90000000000003,54.90492867919526,-0.016877695403095024,-0.06802013222074212,0.29838961078299536,-0.27718159604194537,0.0,180,30.555555555555557,80.55555555555556,8.333333333333332,47.22222222222222
40,6056098,asheville,entire_place,8.3,32.19888057220496,-0.016877695403095024,0.16223148542517027,-0.47173254691015487,-0.2584474441938887,0.0,180,66.11111111111111,10.555555555555555,22.22222222222222,13.88888888888889
41,6180513,asheville,entire_place,72.40000000000002,76.00439260803888,-0.016877695403095024,0.22157380425563936,0.16551586361194454,-0.11369186411155378,0.0,180,80.0,38.88888888888889,62.77777777777778,73.33333333333333
42,6234618,asheville,entire_place,11.0,29.78153451133819,-0.016877695403095024,-0.2208362267144668,-0.14240950059284974,-0.28030395468328817,0.0,180,6.944444444444445,27.77777777777778,6.388888888888888,9.444444444444445
43,6609327,asheville,entire_place,265.70000000000005,56.84077099003629,-0.016877695403095024,-0.08898528710409569,0.30031603037994653,-0.22410149913911814,0.0,180,26.666666666666668,85.0,46.111111111111114,48.888888888888886
44,6711659,asheville,entire_place,10.3,69.43840112011289,-0.016877695403095024,0.18807914377988444,0.10834868421410301,-0.11215390641696563,0.0,180,72.77777777777777,36.11111111111111,63.33333333333333,63.888888888888886
45,6724476,asheville,entire_place,112.00000000000003,98.30278359300506,-0.016877695403095024,0.1873077742908142,0.20309673361279204,0.13730443158157216,0.0,180,72.22222222222221,61.111111111111114,89.44444444444444,90.0
46,6829875,asheville,entire_place,47.2,34.869471553220045,-0.016877695403095024,-0.14940873476173028,-0.048375980159243145,-0.2927933892486593,0.0,180,16.666666666666664,32.22222222222222,1.3888888888888888,18.333333333333332
47,6913630,asheville,entire_place,67.2,34.76337980804339,-0.016877695403095024,0.11350449728910038,-0.347099560144458,-0.2599451409859086,0.0,180,57.77777777777777,16.666666666666664,21.11111111111111,17.77777777777778
48,6921597,asheville,entire_place,24.800000000000004,49.23698801236119,-0.016877695403095024,-0.29462222603533933,0.2920692988943094,-0.1511601678076671,0.0,180,1.6666666666666667,68.05555555555556,56.111111111111114,35.55555555555556
49,6970329,asheville,entire_place,14.400000000000002,35.5681934150971,-0.016877695403095024,0.29383434227921257,-0.6561753317811381,-0.10894484362088812,0.0,180,93.33333333333333,3.888888888888889,65.27777777777779,19.444444444444446
50,7438838,asheville,entire_place,46.49999999999999,50.05041496908052,-0.016877695403095024,0.2309734329908344,-0.2315148691404204,-0.1371095539216246,0.0,180,81.66666666666667,19.444444444444446,59.44444444444444,37.77777777777778
51,7665386,asheville,entire_place,45.99999999999999,50.62467386735193,-0.016877695403095024,-0.07483408827094615,0.19120480985174151,-0.2428356509871748,0.0,180,28.055555555555557,42.77777777777778,31.944444444444443,40.55555555555556
52,7674957,asheville,entire_place,132.20000000000002,85.06885957380254,-0.016877695403095024,0.08551185896089647,0.19783732162216758,0.10133382467747871,0.0,180,52.77777777777778,52.77777777777778,86.66666666666667,82.77777777777777
53,7887572,asheville,entire_place,32.60000000000001,27.081837727584553,-0.016877695403095024,-0.26633710604988153,-0.20905939313724564,-0.2599451409859086,0.0,180,3.3333333333333335,25.555555555555554,21.11111111111111,5.555555555555555
54,7947839,asheville,entire_place,95.19999999999997,47.51094541126906,-0.016877695403095024,-0.12033496760636087,0.202596634102153,-0.2709368787592598,0.0,180,20.555555555555554,57.49999999999999,13.055555555555557,32.77777777777778
55,7967886,asheville,entire_place,65.29999999999998,26.347588788836813,-0.016877695403095024,0.08161425237325244,-0.7562755147193394,-0.08717503728622339,0.0,180,51.66666666666667,1.6666666666666667,69.44444444444444,4.444444444444445
56,8193368,asheville,entire_place,72.40000000000002,58.438263586184526,-0.016877695403095024,0.05547411236128434,0.19708804190599133,-0.23808863049650913,0.0,180,47.77777777777778,49.166666666666664,37.22222222222222,51.66666666666667
57,8211404,asheville,entire_place,186.79999999999998,73.73434694140818,-0.016877695403095024,0.09620614391790325,0.18763185692236845,-0.040362879292164935,0.0,180,54.44444444444444,41.66666666666667,73.88888888888889,68.88888888888889
58,8443279,asheville,entire_place,163.1,76.37603199828906,-0.016877695403095024,0.19962375248856923,0.2995043106874222,-0.22091565796912388,0.0,180,75.0,83.33333333333334,48.333333333333336,73.88888888888889
59,8634354,asheville,entire_place,72.40000000000002,69.16364255163677,-0.016877695403095024,0.06412328904688289,0.39498508748652444,-0.27874277536261677,0.0,180,48.888888888888886,95.55555555555556,7.222222222222221,63.33333333333333
60,8664712,asheville,entire_place,135.80000000000007,82.99866005242617,-0.016877695403095024,0.29091799281665254,0.31225384180158205,-0.2428356509871748,0.0,180,92.22222222222223,90.55555555555556,31.944444444444443,78.33333333333333
61,8671346,asheville,entire_place,37.599999999999994,49.60107223047418,-0.016877695403095024,-0.062287304997703574,0.1836099281819134,-0.26781452011791707,0.0,180,31.11111111111111,41.11111111111111,15.277777777777779,36.666666666666664
62,8672247,asheville,entire_place,3.4000000000000004,61.32290760262878,-0.016877695403095024,0.1679643126482088,0.04818260695811748,-0.1542825264490099,0.0,180,67.22222222222223,34.44444444444444,55.55555555555556,55.00000000000001
63,8867635,asheville,entire_place,4.3,30.590533093912583,-0.016877695403095024,0.18236359423768722,-0.5602574751475998,-0.23971329234583205,0.0,180,71.11111111111111,8.333333333333332,35.0,11.666666666666666
64,8895397,asheville,entire_place,61.19999999999998,91.95815385784064,-0.016877695403095024,0.231248636967247,0.29256881870509355,-0.062132685626829665,0.0,180,82.22222222222221,70.0,72.77777777777777,86.11111111111111
65,9182448,asheville,private_room,91.50000000000003,60.089956622863376,-0.016877695403095024,0.17394522262757622,0.2987642506410835,-0.4308266599884094,0.0,14,92.85714285714286,100.0,71.42857142857143,100.0
66,9243493,asheville,entire_place,47.900000000000006,30.11634951703919,-0.016877695403095024,-0.24913862438076584,-0.45676176433160787,0.07316911437674221,0.0,180,5.555555555555555,11.666666666666666,84.44444444444444,10.0
67,9562953,asheville,entire_place,13.799999999999997,95.42159841169473,-0.016877695403095024,0.18105166033503414,0.1675470016820462,0.14966690108964026,0.0,180,70.55555555555556,39.44444444444444,90.0,87.22222222222223
68,10089256,asheville,entire_place,70.40000000000003,59.35409138555569,-0.016877695403095024,-0.07041319495056066,0.28681046660353976,-0.18663319544300483,0.0,180,30.0,65.55555555555556,53.333333333333336,52.77777777777778
69,10263107,asheville,entire_place,139.7,45.99333776526653,-0.016877695403095024,-0.15103042800247848,0.19214140949696182,-0.26156980283523146,0.0,180,16.11111111111111,44.72222222222222,18.333333333333332,28.888888888888886
70,10524188,asheville,entire_place,136.00000000000003,58.19595715673364,-0.016877695403095024,-0.029040727278277542,0.29319321846857377,-0.25376390623187456,0.0,180,35.55555555555556,74.16666666666667,25.27777777777778,51.11111111111111
71,10632884,asheville,private_room,15.8,13.582383518226871,-0.016877695403095024,-0.06987263053697793,-0.8759005670810396,-0.444877273874452,0.0,14,64.28571428571429,7.142857142857142,57.14285714285714,7.142857142857142
72,10724022,asheville,entire_place,123.30000000000003,75.51913890738044,-0.016877695403095024,0.25300243902051217,-0.26000691776171875,0.2740807067510807,0.0,180,86.11111111111111,17.22222222222222,96.66666666666667,72.77777777777777
73,10785231,asheville,entire_place,66.5,25.60587452321981,-0.016877695403095024,-0.3202563569954073,-0.22168404429870942,-0.24739222389188598,0.0,180,0.5555555555555556,22.22222222222222,30.0,2.7777777777777777
74,11202166,asheville,entire_place,7.700000000000002,41.982080804471934,-0.016877695403095024,0.12871954726857412,-0.21598755247364881,-0.22241335476114377,0.0,180,61.111111111111114,23.333333333333332,46.94444444444444,25.0
75,11291801,asheville,entire_place,114.80000000000003,83.69078748040053,-0.016877695403095024,0.20558738478709532,0.1975875617167755,-0.034632780554720174,0.0,180,76.11111111111111,52.22222222222223,75.55555555555556,79.44444444444444
76,11429646,asheville,entire_place,108.2,48.09898174583621,-0.016877695403095024,-0.13817388539114073,0.19176676963887368,-0.23021925136450072,0.0,180,18.333333333333332,43.333333333333336,43.333333333333336,33.88888888888889
77,11553531,asheville,private_room,8.000000000000002,18.430373207256366,-0.016877695403095024,-0.17998704577492514,-0.560944314887428,-0.3626958316762756,0.0,14,50.0,14.285714285714285,100.0,21.428571428571427
78,11618840,asheville,entire_place,59.89999999999999,69.6458972286252,-0.016877695403095024,-0.07172512885321371,0.17486635319230048,0.08407414799535871,0.0,180,29.444444444444446,40.55555555555556,85.27777777777777,64.44444444444444
79,11947108,asheville,entire_place,91.19999999999999,82.09837873393282,-0.016877695403095024,0.06358272463330016,0.39492264751017647,-0.10894484362088812,0.0,180,48.333333333333336,94.72222222222221,65.27777777777779,77.22222222222223
80,12105828,asheville,entire_place,50.5,45.32147083084557,-0.016877695403095024,0.20091840871038097,-0.1539123515856355,-0.2818651340039595,0.0,180,75.55555555555556,26.666666666666668,5.277777777777778,27.77777777777778
81,12266103,asheville,entire_place,20.4,61.292196943111534,-0.016877695403095024,0.21759360364675515,-0.12210393672574488,-0.03411816200947938,0.0,180,78.88888888888889,30.555555555555557,76.38888888888889,54.44444444444444
82,12310425,asheville,entire_place,149.8,88.75398595263178,-0.016877695403095024,0.11058814782654036,0.192765809260442,0.12325381769552965,0.0,180,56.666666666666664,45.55555555555556,87.77777777777777,84.44444444444444
83,12377575,asheville,entire_place,126.69999999999999,134.68821864568952,-0.016877695403095024,0.40705771693489223,0.11504363596087709,0.3177937277298796,0.0,180,100.0,37.22222222222222,97.77777777777777,98.88888888888889
84,12543684,asheville,entire_place,151.99999999999997,116.26201094214497,-0.016877695403095024,0.1323690710998893,0.39617144703713686,0.16540565935365714,0.0,180,62.77777777777778,98.33333333333333,91.11111111111111,94.44444444444444
85,12676064,asheville,entire_place,38.5,132.55734355034306,-0.016877695403095024,-0.07201761051046764,-0.22433288557813175,1.1204167580778863,0.0,180,28.888888888888886,21.666666666666668,99.44444444444444,98.33333333333333
86,12685614,asheville,entire_place,25.299999999999997,40.692586986999586,-0.016877695403095024,-0.16249608244855562,0.07449400640876179,-0.25213924438255164,0.0,180,13.88888888888889,35.55555555555556,27.22222222222222,23.88888888888889
87,12834984,asheville,entire_place,6.1000000000000005,30.432582582578025,-0.016877695403095024,0.03139999806019833,-0.3612262553589128,-0.2927933892486593,0.0,180,44.44444444444444,15.0,1.3888888888888888,11.11111111111111
88,12918380,asheville,entire_place,20.300000000000004,63.85865769372924,-0.016877695403095024,0.15829568371721112,0.19715048188233933,-0.25370042370322304,0.0,180,65.0,50.55555555555556,26.111111111111114,58.88888888888889
89,12970301,asheville,entire_place,21.6,38.454139733271006,-0.016877695403095024,-0.14075955807613172,0.03510490334630942,-0.28967103060731647,0.0,180,17.77777777777778,32.77777777777778,2.7777777777777777,21.11111111111111
90,13093505,asheville,entire_place,108.70000000000005,76.37607485046767,-0.016877695403095024,0.1883716254371384,0.3169382263099499,-0.22709689272315792,0.0,180,73.33333333333333,91.11111111111111,45.55555555555556,74.44444444444444
91,13112074,asheville,entire_place,10.8,29.125342507383085,-0.016877695403095024,-0.2543308871902217,-0.13046306016880846,-0.28030395468328817,0.0,180,5.0,29.444444444444446,6.388888888888888,8.88888888888889
92,13206560,asheville,entire_place,169.89999999999992,84.16981370324422,-0.016877695403095024,0.29902660508866835,0.3053750547464025,-0.23021925136450072,0.0,180,95.0,89.44444444444444,43.333333333333336,80.0
93,13340576,asheville,entire_place,38.199999999999996,65.75528713517306,-0.016877695403095024,0.08400731510307098,0.2987642506410835,-0.25220272691120316,0.0,180,52.22222222222223,81.66666666666667,26.666666666666668,60.55555555555555
94,13388627,asheville,entire_place,92.69999999999996,96.70839212377197,-0.016877695403095024,0.2357250030887889,0.3957343672027007,-0.11993658139423935,0.0,180,83.88888888888889,96.66666666666667,61.111111111111114,88.88888888888889
95,13514183,asheville,entire_place,70.29999999999998,95.63670249140607,-0.016877695403095024,0.22157380425563936,0.3957343672027007,-0.11681422275289655,0.0,180,80.0,96.66666666666667,62.22222222222222,87.77777777777777
96,13524286,asheville,entire_place,76.09999999999997,96.0903657012028,-0.016877695403095024,0.22157380425563936,0.3957343672027007,-0.1121306847908824,0.0,180,80.0,96.66666666666667,63.888888888888886,88.33333333333333
97,13582513,asheville,entire_place,39.8,44.051623908901604,-0.016877695403095024,-0.21402227066426277,0.19107992989904546,-0.23971329234583205,0.0,180,7.777777777777778,42.22222222222222,35.0,26.666666666666668
98,13901952,asheville,entire_place,30.599999999999998,57.531385192167434,-0.016877695403095024,0.17369713987124738,0.06505111600281996,-0.23964980981718054,0.0,180,69.44444444444444,35.0,36.388888888888886,50.0
99,14044072,asheville,entire_place,113.89999999999998,86.33252336022936,-0.016877695403095024,0.19908318807498643,0.19214140949696182,0.008033679648648123,0.0,180,74.44444444444444,44.72222222222222,80.0,83.33333333333334
100,14076438,asheville,entire_place,143.6,55.40316724964266,-0.016877695403095024,0.2854332483499428,-0.22683048463205258,-0.09654211321025172,0.0,180,91.11111111111111,20.0,67.77777777777779,47.77777777777778
101,14122794,asheville,entire_place,29.800000000000008,39.557323556202846,-0.016877695403095024,0.11296393287551762,-0.3608391275055551,-0.11987309886558783,0.0,180,57.22222222222222,15.555555555555555,61.66666666666667,22.22222222222222
102,14125023,asheville,entire_place,19.200000000000003,27.43726287507466,-0.016877695403095024,-0.09657061264337004,-0.35681799302874256,-0.2693756994385884,0.0,180,25.0,16.11111111111111,14.444444444444443,6.666666666666667
103,14357005,asheville,entire_place,50.10000000000001,49.46927850568035,-0.016877695403095024,-0.11430965872606842,0.2079184860691255,-0.24270868592987183,0.0,180,21.11111111111111,62.77777777777778,33.33333333333333,36.11111111111111
104,14430828,asheville,entire_place,61.50000000000002,56.57951397270513,-0.016877695403095024,-0.11255703211191409,0.2926936986577896,-0.19743448563040156,0.0,180,21.666666666666668,70.83333333333334,52.22222222222223,48.333333333333336
105,14652591,asheville,entire_place,18.699999999999996,17.230560238283953,-0.016877695403095024,-0.10336729101273281,-0.7914999943504635,-0.2724980580799312,0.0,180,23.333333333333332,1.1111111111111112,11.11111111111111,0.5555555555555556
106,14751215,asheville,entire_place,121.60000000000001,73.65364303036093,-0.016877695403095024,0.021438887471946718,0.2939300101894804,-0.07297423671679468,0.0,180,43.333333333333336,77.22222222222223,71.66666666666667,68.33333333333333
107,14757919,asheville,entire_place,93.10000000000002,63.1025779412313,-0.016877695403095024,0.0745078146657945,0.2926936986577896,-0.27718159604194537,0.0,180,49.44444444444444,70.83333333333334,8.333333333333332,57.22222222222222
108,15009504,asheville,entire_place,115.69999999999996,81.71140830531783,-0.016877695403095024,0.13134341507388025,0.2882118432775224,-0.07466238109476905,0.0,180,62.22222222222222,67.22222222222223,71.11111111111111,76.66666666666667
109,15124397,asheville,entire_place,18.299999999999997,33.379731302470915,-0.016877695403095024,-0.12539629704241062,-0.1429090204036339,-0.26469216147657426,0.0,180,20.0,27.22222222222222,16.666666666666664,16.11111111111111
110,15158878,asheville,entire_place,63.09999999999997,73.84532356074406,-0.016877695403095024,0.09761794952263779,0.39486020753382844,-0.247519188949189,0.0,180,55.00000000000001,93.88888888888889,29.444444444444446,70.0
111,15174633,asheville,private_room,11.2,42.40929388591677,-0.016877695403095024,-0.05315303669967869,0.20760628618738539,-0.4542443497984803,0.0,14,71.42857142857143,78.57142857142857,32.142857142857146,85.71428571428571
112,15231248,asheville,entire_place,108.60000000000002,66.72348132343285,-0.016877695403095024,0.16373602928299574,0.20364562570479974,-0.22241335476114377,0.0,180,66.66666666666666,61.66666666666667,46.94444444444444,61.111111111111114
113,15246768,asheville,entire_place,323.5999999999999,116.9060849519538,-0.016877695403095024,0.2893135772567456,0.20403333325801234,0.20607684349624983,0.0,180,91.66666666666666,62.22222222222222,93.88888888888889,95.0
114,15354741,asheville,entire_place,56.6,52.738789172982365,-0.016877695403095024,0.29694330169694494,-0.3647665244949914,-0.01850636880276548,0.0,180,93.88888888888889,13.88888888888889,77.77777777777779,42.77777777777778
115,15507809,asheville,entire_place,211.29999999999998,54.789563001151784,-0.016877695403095024,-0.2208362267144668,0.2997008502863038,-0.12774247799759628,0.0,180,6.944444444444445,84.44444444444444,60.27777777777777,46.111111111111114
116,15510852,asheville,entire_place,53.3,47.85660398246381,-0.016877695403095024,-0.0913783498339142,0.202596634102153,-0.2927933892486593,0.0,180,26.111111111111114,57.49999999999999,1.3888888888888888,33.33333333333333
117,15530268,asheville,entire_place,46.49999999999999,65.65438587966584,-0.016877695403095024,0.08580434061815036,0.2985769307120394,-0.2553250855525459,0.0,180,53.333333333333336,81.11111111111111,23.88888888888889,60.0
118,15544670,asheville,entire_place,20.9,30.73588490172684,-0.016877695403095024,0.04207700533636382,-0.36230022295209874,-0.2927933892486593,0.0,180,46.111111111111114,14.444444444444443,1.3888888888888888,12.222222222222221
119,15546661,asheville,entire_place,80.30000000000001,33.122647195047485,-0.016877695403095024,-0.17502558804095694,-0.1195832437244507,-0.2458945270998661,0.0,180,11.666666666666666,31.666666666666664,30.833333333333336,15.555555555555555
120,15568000,asheville,other_specialty,44.1,25.58029029716669,-0.016877695403095024,-0.28048830488303106,-0.221696532293979,-0.28810985128664507,0.0,3,33.33333333333333,66.66666666666666,33.33333333333333,66.66666666666666
121,15685101,asheville,entire_place,44.300000000000004,64.39323305686344,-0.016877695403095024,0.041846200260876265,0.29832717080664733,-0.23021925136450072,0.0,180,45.55555555555556,79.72222222222223,43.333333333333336,59.44444444444444
122,15880423,asheville,entire_place,55.100000000000016,57.99991351141603,-0.016877695403095024,0.008599622541450212,0.03727339209829325,-0.03880169997149355,0.0,180,40.55555555555556,33.88888888888889,74.44444444444444,50.55555555555556
123,16003488,asheville,entire_place,92.00000000000003,60.1972887898647,-0.016877695403095024,0.07719335905286695,0.20290883398389312,-0.23646396864718627,0.0,180,50.0,59.44444444444444,39.166666666666664,53.333333333333336
124,16024372,asheville,other_specialty,27.099999999999994,23.42185551314476,-0.016877695403095024,0.04501063247976514,-0.6849670922889071,-0.23502975438381785,0.0,3,100.0,33.33333333333333,100.0,33.33333333333333
125,16147877,asheville,entire_place,66.1,51.95277005401025,-0.016877695403095024,-0.010220552368413663,0.03689875224020514,-0.12774247799759628,0.0,180,36.666666666666664,33.33333333333333,60.27777777777777,42.22222222222222
126,16451105,asheville,entire_place,78.19999999999999,33.790098494461304,-0.016877695403095024,0.23518443867520616,-0.6551138521832218,-0.10120242954618267,0.0,180,83.33333333333334,4.722222222222222,67.22222222222223,16.666666666666664
127,16476358,asheville,entire_place,49.8,32.18251128004924,-0.016877695403095024,-0.09786526886518182,-0.21525134045259703,-0.2553250855525459,0.0,180,23.88888888888889,24.444444444444443,23.88888888888889,13.333333333333334
128,16477857,asheville,entire_place,30.299999999999997,38.94059892089061,-0.016877695403095024,0.3641807054047836,-0.5882224984025239,-0.15902954693967555,0.0,180,99.44444444444444,6.666666666666667,55.00000000000001,21.666666666666668
129,16566334,asheville,entire_place,91.79999999999998,83.645037139393,-0.016877695403095024,0.15877457154902752,0.29319321846857377,-0.0839659744901459,0.0,180,65.55555555555556,74.16666666666667,70.55555555555556,78.88888888888889
130,16566932,asheville,entire_place,41.7,32.85431731233237,-0.016877695403095024,-0.16691697576894104,-0.23188216538500617,-0.14959898848699574,0.0,180,12.777777777777777,18.88888888888889,56.666666666666664,15.0
131,16626189,asheville,entire_place,164.39999999999995,94.01305328687948,-0.016877695403095024,-0.19705459407063472,-0.6842637471977169,1.3648679631215541,0.0,180,8.88888888888889,2.7777777777777777,100.0,86.66666666666667
132,16846899,asheville,entire_place,78.19999999999999,84.25237440305145,-0.016877695403095024,0.17215440089310674,0.29782765099586317,-0.09483074720619412,0.0,180,68.88888888888889,78.88888888888889,68.33333333333333,81.11111111111111
133,16856815,asheville,entire_place,63.59999999999999,71.07778430045124,-0.016877695403095024,0.2388512401873626,0.19708804190599133,-0.22865807204382932,0.0,180,85.0,49.166666666666664,44.44444444444444,65.55555555555556
134,16937995,asheville,entire_place,47.10000000000001,34.46570350030804,-0.016877695403095024,0.009415390931445593,-0.6796917546467754,0.1683778313116137,0.0,180,41.388888888888886,3.3333333333333335,91.66666666666666,17.22222222222222
135,16977918,asheville,entire_place,201.59999999999997,90.26756927016372,-0.016877695403095024,0.33014548051544595,0.19864904131469183,-0.08546367128216578,0.0,180,97.22222222222221,54.72222222222223,70.0,85.55555555555556
136,17095670,asheville,entire_place,57.50000000000001,50.318425147350176,-0.016877695403095024,-0.09711117705695278,0.20272151405484906,-0.23802514796785768,0.0,180,24.444444444444443,58.88888888888889,38.05555555555556,39.44444444444444
137,17157429,asheville,entire_place,106.4,72.70831706045122,-0.016877695403095024,0.21346519198362354,0.2871226664852799,-0.2709368787592598,0.0,180,77.22222222222223,66.11111111111111,13.055555555555557,66.11111111111111
138,17345566,asheville,entire_place,169.00000000000006,74.8909395912358,-0.016877695403095024,0.18624392314448995,0.2935678583266619,-0.2209791404977754,0.0,180,71.66666666666667,75.55555555555556,47.77777777777778,71.11111111111111
139,17403585,asheville,entire_place,90.40000000000003,126.63410226903201,-0.016877695403095024,0.265008657880172,0.2936302983030099,0.22006397485364082,0.0,180,88.88888888888889,76.11111111111111,95.55555555555556,97.22222222222221
140,17618702,asheville,entire_place,53.39999999999999,112.88371175354244,-0.016877695403095024,0.1775947464588914,0.19432680866914254,0.2927916369730542,0.0,180,70.0,46.111111111111114,97.22222222222221,93.33333333333333
141,17826503,asheville,entire_place,89.0,57.26443483403699,-0.016877695403095024,-0.0036546790745384493,0.20810580599816955,-0.20992392019577266,0.0,180,38.333333333333336,63.33333333333333,50.0,49.44444444444444
142,17861930,asheville,entire_place,82.00000000000003,52.8081052430702,-0.016877695403095024,-0.05161029772153805,0.20303371393658914,-0.23646396864718627,0.0,180,33.33333333333333,60.55555555555555,39.166666666666664,43.333333333333336
143,17917678,asheville,entire_place,82.39999999999999,74.7174822174306,-0.016877695403095024,0.12163038724195747,0.39492264751017647,-0.2600086235145601,0.0,180,60.0,94.72222222222221,19.72222222222222,70.55555555555556
144,18021364,asheville,entire_place,56.00000000000001,49.899804819255394,-0.016877695403095024,-0.2687128910988589,0.2933180984212698,-0.16521078169370962,0.0,180,2.7777777777777777,75.0,54.44444444444444,37.22222222222222
145,18022683,asheville,entire_place,33.099999999999994,28.207121897863097,-0.016877695403095024,-0.18680100182512915,-0.2320694853140502,-0.27718159604194537,0.0,180,11.11111111111111,18.333333333333332,8.333333333333332,7.222222222222221
146,18151750,asheville,other_specialty,75.0,34.94321183528644,-0.016877695403095024,-0.18052761018850788,-0.04174346838881711,-0.26625334079724566,0.0,3,66.66666666666666,100.0,66.66666666666666,100.0
147,18308309,asheville,private_room,6.1000000000000005,35.37205034032981,-0.016877695403095024,-0.23002596781364815,0.20760628618738539,-0.4542443497984803,0.0,14,35.714285714285715,78.57142857142857,32.142857142857146,64.28571428571429
148,18309080,asheville,private_room,33.699999999999996,35.37205034032981,-0.016877695403095024,-0.23002596781364815,0.20760628618738539,-0.4542443497984803,0.0,14,35.714285714285715,78.57142857142857,32.142857142857146,64.28571428571429
149,18375617,asheville,entire_place,88.30000000000003,86.7215422107965,-0.016877695403095024,0.25742333234089765,0.29275613863413763,-0.14647662984565296,0.0,180,87.22222222222223,71.66666666666667,57.22222222222222,83.88888888888889
150,18389884,asheville,private_room,10.000000000000002,35.37205034032981,-0.016877695403095024,-0.23002596781364815,0.20760628618738539,-0.4542443497984803,0.0,14,35.714285714285715,78.57142857142857,32.142857142857146,64.28571428571429
151,18406520,asheville,private_room,29.800000000000008,36.195783666712046,-0.016877695403095024,-0.2499099938698362,0.20760628618738539,-0.4119655430830498,0.0,14,14.285714285714285,78.57142857142857,92.85714285714286,78.57142857142857
152,18422959,asheville,entire_place,41.2,114.53876632348135,-0.016877695403095024,0.2576541374163852,0.2920692988943094,0.12941801317307866,0.0,180,87.77777777777777,68.05555555555556,88.88888888888889,93.88888888888889
153,18521819,asheville,entire_place,52.3,62.29826520270322,-0.016877695403095024,-0.01649394400503496,0.29925455078203017,-0.20536734729106149,0.0,180,36.11111111111111,82.77777777777777,51.11111111111111,55.55555555555556
154,18929549,asheville,entire_place,93.60000000000004,84.16998665408852,-0.016877695403095024,0.07869790291069242,0.3050134825834388,-0.009526946366674956,0.0,180,50.83333333333333,87.22222222222223,78.88888888888889,80.55555555555556
155,19066373,asheville,entire_place,43.7,75.51327363493183,-0.016877695403095024,0.09080399347243374,0.1982119614802557,-0.022016380932046067,0.0,180,53.888888888888886,53.888888888888886,77.22222222222223,72.22222222222221
156,19077911,asheville,entire_place,25.599999999999994,26.495670576329253,-0.016877695403095024,-0.15622269081193432,-0.456859142621417,-0.14335427120431016,0.0,180,15.555555555555555,11.11111111111111,58.333333333333336,5.0
157,19101996,asheville,entire_place,15.599999999999996,58.785783574817245,-0.016877695403095024,0.0047020159538062045,0.21459688550013656,-0.19899566495107296,0.0,180,39.44444444444444,65.0,51.66666666666667,52.22222222222223
158,19120555,asheville,entire_place,224.50000000000006,142.6443782600635,-0.016877695403095024,0.2922299267193056,0.19463900855088262,0.41000705108071134,0.0,180,92.77777777777779,46.666666666666664,98.88888888888889,99.44444444444444
159,19264539,asheville,entire_place,23.700000000000003,60.32389422754251,-0.016877695403095024,0.10831223447964457,0.1973378018113834,-0.2599451409859086,0.0,180,56.111111111111114,51.11111111111111,21.11111111111111,53.888888888888886
160,19326768,asheville,entire_place,158.4,67.50029539658848,-0.016877695403095024,0.2142982380544602,0.1974002417877314,-0.2553250855525459,0.0,180,77.77777777777779,51.66666666666667,23.88888888888889,61.66666666666667
161,19531546,asheville,entire_place,14.199999999999998,32.84630973183066,-0.016877695403095024,-0.03379229737623206,-0.4557453596583959,-0.059097031140221606,0.0,180,35.0,12.222222222222221,73.33333333333333,14.444444444444443
162,19548415,asheville,entire_place,60.60000000000002,39.82405374059043,-0.016877695403095024,-0.20906081293029452,0.11880448851914908,-0.2709368787592598,0.0,180,8.333333333333332,37.77777777777778,13.055555555555557,22.77777777777778
163,19561946,asheville,entire_place,60.50000000000002,47.11957554243142,-0.016877695403095024,-0.11126237589010231,0.202596634102153,-0.28810985128664507,0.0,180,22.22222222222222,57.49999999999999,3.6111111111111107,31.666666666666664
164,19787532,asheville,entire_place,48.60000000000001,73.83369206606979,-0.016877695403095024,0.14287074610172368,0.19201652954426576,-0.09008372671552846,0.0,180,63.888888888888886,43.888888888888886,68.88888888888889,69.44444444444444
165,19809125,asheville,entire_place,37.599999999999994,46.96969790536835,-0.016877695403095024,-0.16195551803497288,0.19696316195329527,-0.23490278932651487,0.0,180,14.722222222222223,47.22222222222222,40.0,30.0
166,19921886,asheville,entire_place,8.500000000000002,28.636445846661914,-0.016877695403095024,-0.0358374056476403,-0.536527344844668,-0.10909503030427434,0.0,180,34.44444444444444,8.88888888888889,64.44444444444444,8.333333333333332
167,20008452,asheville,entire_place,17.799999999999997,35.70915261469693,-0.016877695403095024,0.011267889247681382,-0.2266306767077389,-0.2520757618539002,0.0,180,42.22222222222222,20.555555555555554,28.055555555555557,20.0
168,20036903,asheville,entire_place,52.4,68.83931369035666,-0.016877695403095024,0.00022564983226430746,0.3947977675574804,-0.21929099611980102,0.0,180,38.88888888888889,93.33333333333333,48.888888888888886,62.77777777777778
169,20070593,asheville,entire_place,124.10000000000002,81.68081304619423,-0.016877695403095024,0.15094116325342433,0.30096540613396594,-0.10738366430021673,0.0,180,64.44444444444444,85.55555555555556,66.11111111111111,76.11111111111111
170,20120319,asheville,entire_place,8.2,22.664935594606487,-0.016877695403095024,0.01593686532439571,-0.8163477110267274,-0.10605937581766625,0.0,180,42.77777777777778,0.5555555555555556,66.66666666666666,2.2222222222222223
171,20146236,asheville,entire_place,137.40000000000006,103.46287180276454,-0.016877695403095024,0.2252406057677958,0.19864904131469183,0.15447740410895744,0.0,180,81.11111111111111,54.72222222222223,90.55555555555556,91.66666666666666
172,20153704,asheville,entire_place,59.60000000000002,42.9372637423961,-0.016877695403095024,-0.25670667223919896,0.2024098938729638,-0.23340509253449498,0.0,180,4.444444444444445,55.55555555555556,40.55555555555556,26.111111111111114
173,20154151,asheville,entire_place,50.2,47.04242460583495,-0.016877695403095024,-0.22656905393750532,0.29288101858683363,-0.26469216147657426,0.0,180,6.111111111111111,72.5,16.666666666666664,30.555555555555557
174,20241154,asheville,entire_place,198.39999999999995,120.50970274701044,-0.016877695403095024,0.33456637383583143,0.29369273827935793,0.10127034214882721,0.0,180,97.77777777777777,76.66666666666667,86.11111111111111,96.11111111111111
175,20456408,asheville,entire_place,66.6,74.95867690992486,-0.016877695403095024,0.27914257903248024,-0.1347155092245073,0.11529773440878649,0.0,180,90.55555555555556,28.888888888888886,87.22222222222223,71.66666666666667
176,20473937,asheville,entire_place,125.99999999999999,73.46085368576685,-0.016877695403095024,-0.18840541738503613,0.399931719895554,0.02828256756520974,0.0,180,10.555555555555555,99.72222222222223,80.55555555555556,67.22222222222223
177,20482319,asheville,entire_place,19.7,47.11182671227715,-0.016877695403095024,0.16902816379453303,-0.12007027553996527,-0.2458945270998661,0.0,180,68.05555555555556,31.11111111111111,30.833333333333336,31.11111111111111
178,20504787,asheville,entire_place,50.0,62.87534173796818,-0.016877695403095024,0.05103594136005756,0.2923190587997015,-0.2568862648732173,0.0,180,46.666666666666664,68.88888888888889,22.77777777777778,56.111111111111114
179,20583406,asheville,entire_place,9.000000000000002,30.206076773585117,-0.016877695403095024,0.20671291251518586,-0.560944314887428,-0.27562041672127396,0.0,180,76.66666666666667,7.222222222222221,10.0,10.555555555555555
180,20638444,asheville,entire_place,214.09999999999997,150.91681145873872,-0.016877695403095024,0.2618442256612832,0.2966057095026078,0.3944184795000807,0.0,180,88.33333333333333,78.33333333333333,98.33333333333333,100.0
181,20663042,asheville,entire_place,38.099999999999994,40.80610968112793,-0.016877695403095024,-0.27994774046944837,0.20253419412580498,-0.2600086235145601,0.0,180,2.2222222222222223,56.111111111111114,19.72222222222222,24.444444444444443
182,20744323,asheville,entire_place,97.49999999999999,49.1065551668156,-0.016877695403095024,0.07869790291069242,-0.43948612832709166,0.20447540327301014,0.0,180,50.83333333333333,12.777777777777777,93.33333333333333,35.0
183,20759062,asheville,entire_place,33.4,50.54174403465495,-0.016877695403095024,-0.06068288943779661,0.2082306859508656,-0.27562041672127396,0.0,180,31.666666666666664,63.888888888888886,10.0,40.0
184,20773653,asheville,entire_place,27.799999999999997,28.40934193106424,-0.016877695403095024,-0.09471811432713424,-0.6551138521832218,0.0606796798113711,0.0,180,25.555555555555554,4.722222222222222,82.77777777777777,7.777777777777778
185,20812370,asheville,entire_place,175.30000000000007,81.63327558716372,-0.016877695403095024,0.23462295682214956,0.30532510276532404,-0.19600027136703313,0.0,180,82.77777777777777,88.05555555555556,52.77777777777778,75.55555555555556
186,20814364,asheville,entire_place,175.4,96.9662297812654,-0.016877695403095024,0.27881190225491126,0.30532510276532404,-0.06997884313275489,0.0,180,90.0,88.05555555555556,72.22222222222221,89.44444444444444
187,20830901,asheville,entire_place,64.29999999999998,26.28809538903254,-0.016877695403095024,-0.2964747243515752,-0.21546363637218025,-0.2520757618539002,0.0,180,1.1111111111111112,23.88888888888889,28.055555555555557,3.888888888888889
188,20834615,asheville,entire_place,68.89999999999998,37.15688646187678,-0.016877695403095024,-0.2600637144132602,0.11317043667043648,-0.2818651340039595,0.0,180,3.888888888888889,36.666666666666664,5.277777777777778,20.555555555555554
189,20855873,asheville,entire_place,43.8,53.38647954698722,-0.016877695403095024,0.008041780447026206,0.202596634102153,-0.2849874926453023,0.0,180,40.0,57.49999999999999,4.444444444444445,43.888888888888886
190,20970417,asheville,entire_place,58.89999999999998,63.07833770050153,-0.016877695403095024,0.05308104963146579,0.2996916306164663,-0.26313098215590286,0.0,180,47.22222222222222,83.88888888888889,17.77777777777778,56.666666666666664
191,21013638,asheville,entire_place,158.99999999999994,104.86755755442236,-0.016877695403095024,0.2702009206896278,0.29313077849222574,0.028392493346027677,0.0,180,89.44444444444444,73.33333333333333,81.11111111111111,92.22222222222223
192,21176027,asheville,entire_place,55.100000000000016,63.52801480764191,-0.016877695403095024,0.030088064157545245,0.29832717080664733,-0.23178043068517212,0.0,180,43.888888888888886,79.72222222222223,41.94444444444444,58.333333333333336
193,21189890,asheville,entire_place,82.99999999999997,84.277529647287,-0.016877695403095024,0.009415390931445593,0.17269745937148173,0.19333347881627272,0.0,180,41.388888888888886,40.0,92.22222222222223,81.66666666666667
194,21432436,asheville,private_room,26.699999999999996,50.38978804603658,-0.016877695403095024,0.2535257257532536,0.08849107166899388,-0.4730419841751885,0.0,14,100.0,57.14285714285714,7.142857142857142,92.85714285714286
195,21449558,asheville,entire_place,7.5,22.177140116401745,-0.016877695403095024,-0.12875333921647186,-0.5605197230482615,-0.23802514796785768,0.0,180,19.444444444444446,7.777777777777778,38.05555555555556,1.6666666666666667
196,21580160,asheville,entire_place,52.79999999999999,84.3816000649339,-0.016877695403095024,-0.04998860448078984,0.3018395658028382,0.12481499701620105,0.0,180,33.88888888888889,86.11111111111111,88.33333333333333,82.22222222222221
197,836803,carolina_beach,entire_place,84.4,114.15526604706653,0.16719457779186755,0.3343463300268852,0.1975875617167755,-0.0401894709826955,0.0,201,83.08457711442786,54.22885572139303,34.32835820895522,70.64676616915423
198,2126691,carolina_beach,entire_place,160.9,119.43047792179266,0.16719457779186755,0.4335183775514967,0.2036586933999242,-0.10064136774877543,0.0,201,92.53731343283582,65.17412935323384,26.368159203980102,75.12437810945273
199,3362348,carolina_beach,entire_place,137.99999999999997,96.28275222745906,0.16719457779186755,0.21975554866739602,-0.23018003992883906,0.33350926436781325,0.0,201,67.16417910447761,23.383084577114428,88.55721393034825,57.2139303482587
200,3756996,carolina_beach,entire_place,177.90000000000006,100.96641057521154,0.16719457779186755,-0.07607749593205637,-0.12251930889507395,0.5687033192682708,0.0,201,15.422885572139302,30.34825870646766,95.52238805970148,63.18407960199005
201,4031683,carolina_beach,entire_place,228.89999999999998,165.66607266366418,0.16719457779186755,0.5150995900476574,0.1871947770879323,0.1591609420709716,0.0,201,99.00497512437812,42.78606965174129,74.6268656716418,94.5273631840796
202,5850829,carolina_beach,entire_place,171.69999999999993,107.89754912143857,0.16719457779186755,0.09261178025405437,0.1982119614802557,0.1450468456562776,0.0,201,43.03482587064676,58.2089552238806,70.64676616915423,68.1592039800995
203,6661625,carolina_beach,entire_place,35.0,128.11714048041614,0.16719457779186755,0.3877250165588281,0.19214140949696182,0.026316695480115497,0.0,201,89.55223880597015,47.01492537313433,52.736318407960205,80.59701492537313
204,8701256,carolina_beach,entire_place,50.400000000000006,69.99915200797332,0.16719457779186755,0.2482443525082576,-0.36009462798189323,0.11998127237080067,0.0,201,71.64179104477611,16.91542288557214,66.16915422885572,29.850746268656714
205,8869021,carolina_beach,entire_place,222.79999999999993,239.67580107784914,0.16719457779186755,0.3058513224054137,0.19846172138564777,0.7246008238073433,0.0,201,80.09950248756219,59.20398009950249,99.50248756218906,100.0
206,11205714,carolina_beach,entire_place,192.20000000000007,66.06806505913634,0.16719457779186755,0.3691529244052931,-0.1251884715573371,-0.2927933892486593,0.0,201,87.31343283582089,28.35820895522388,0.4975124378109453,24.875621890547265
207,11480614,carolina_beach,entire_place,109.00000000000004,110.14455163664158,0.16719457779186755,0.3293848722929169,0.2993886504045637,-0.17247883812574255,0.0,201,82.58706467661692,88.55721393034825,18.407960199004975,69.15422885572139
208,12148992,carolina_beach,other_specialty,95.19999999999997,83.05378274289284,0.16719457779186755,0.11143195516391825,0.30513778283627996,-0.23964980981718054,0.0,2,100.0,75.0,100.0,100.0
209,12149774,carolina_beach,other_specialty,61.99999999999999,69.64942676926891,0.16719457779186755,-0.04818081769916921,0.30513778283627996,-0.25376390623187456,0.0,2,50.0,75.0,50.0,50.0
210,12790862,carolina_beach,entire_place,78.40000000000002,87.44618405527433,0.16719457779186755,0.18805170992611062,-0.2311527172776019,0.27095834810973796,0.0,201,61.69154228855721,22.885572139303484,83.08457711442786,43.78109452736319
211,13742841,carolina_beach,entire_place,18.900000000000002,48.77584172372535,0.16719457779186755,-0.2425486237462729,-0.05941213514334333,-0.0450464172541791,0.0,201,5.472636815920398,31.8407960199005,31.8407960199005,11.940298507462686
212,13920626,carolina_beach,entire_place,100.1,103.93956396283828,0.16719457779186755,0.27863005356628,0.28786272653161865,-0.16764511348034217,0.0,201,76.11940298507463,73.38308457711443,19.900497512437813,65.67164179104478
213,14038445,carolina_beach,entire_place,113.70000000000002,60.934377991558996,0.16719457779186755,-0.011769807760854262,-0.22583144501048424,0.10913972128083566,0.0,201,21.393034825870647,23.88059701492537,64.42786069651741,21.890547263681594
214,14486130,carolina_beach,entire_place,10.000000000000002,33.3447119010619,0.16719457779186755,-0.31474748518807977,-0.21525076075274213,-0.18809063133245643,0.0,201,1.9900497512437811,25.870646766169152,14.676616915422885,4.477611940298507
215,14667588,carolina_beach,private_room,26.4,24.81404200705349,0.16719457779186755,-0.33248653127077815,-0.21532626842421465,-0.45580552911915173,0.0,1,100.0,100.0,100.0,100.0
216,14742449,carolina_beach,entire_place,216.90000000000003,227.96556515694033,0.16719457779186755,0.5501986660833191,0.050592215645510766,0.5782438035017686,0.0,201,100.0,37.81094527363184,96.01990049751244,99.50248756218906
217,15499584,carolina_beach,entire_place,160.60000000000005,118.98783146492146,0.16719457779186755,0.30137495628387173,0.1982119614802557,0.03326647889399634,0.0,201,79.1044776119403,58.2089552238806,55.223880597014926,74.6268656716418
218,16080449,carolina_beach,entire_place,114.29999999999997,93.45054551376845,0.16719457779186755,-0.08706426254631705,0.2895735818835544,0.09103011375883772,0.0,201,14.925373134328357,76.11940298507463,61.69154228855721,54.22885572139303
219,16406515,carolina_beach,entire_place,161.39999999999998,115.2081592887235,0.16719457779186755,0.17788071170184527,0.30069067023803464,0.022274741120645116,0.0,201,60.19900497512438,92.53731343283582,52.23880597014925,71.64179104477611
220,16588053,carolina_beach,entire_place,64.89999999999998,46.90499879705429,0.16719457779186755,0.1381126595894691,-0.6544894524197415,0.1310597142988866,0.0,201,51.243781094527364,9.45273631840796,69.15422885572139,10.945273631840797
221,16827619,carolina_beach,entire_place,145.69999999999993,126.97648579792998,0.16719457779186755,0.21826437088364703,-0.0732003619602065,0.4522455968935736,0.0,201,66.66666666666666,31.343283582089555,93.03482587064677,80.09950248756219
222,16911020,carolina_beach,entire_place,241.10000000000008,132.60279880655173,0.16719457779186755,0.17054346891889977,0.2936302983030099,0.17616050628888746,0.0,201,59.20398009950249,79.35323383084577,76.11940298507463,83.5820895522388
223,17443734,carolina_beach,entire_place,69.79999999999997,62.024853696212766,0.16719457779186755,-0.1281442485613463,-0.22433288557813175,0.24146934932645098,0.0,201,10.945273631840797,25.37313432835821,80.09950248756219,22.388059701492537
224,17494416,carolina_beach,entire_place,70.0,68.42951615720622,0.16719457779186755,0.058035990951134014,-0.6628841578054481,0.5906233122863218,0.0,201,37.3134328358209,6.965174129353234,96.51741293532339,27.860696517412936
225,17593741,carolina_beach,entire_place,28.7,83.70950265323529,0.16719457779186755,0.4120299359354017,-0.2402467503984062,0.012907665196616782,0.0,201,90.54726368159204,21.890547263681594,49.004975124378106,41.7910447761194
226,17697333,carolina_beach,entire_place,70.9,89.65298401762837,0.16719457779186755,0.03577617984596865,0.3006282302616866,-0.0839024919614944,0.0,201,30.845771144278604,91.54228855721394,27.860696517412936,47.76119402985074
227,17935387,carolina_beach,entire_place,155.7,129.88205137232737,0.16719457779186755,0.31313309238720277,0.3000038304982064,0.006622687011362949,0.0,201,80.59701492537313,90.54726368159204,47.2636815920398,81.59203980099502
228,18328404,carolina_beach,entire_place,55.899999999999984,60.29440878859805,0.16719457779186755,-0.23598275045239775,0.2993794307347262,-0.20224498864971868,0.0,201,6.965174129353234,88.05970149253731,11.442786069651742,20.8955223880597
229,18476476,carolina_beach,entire_place,39.199999999999996,49.868388267375124,0.16719457779186755,-0.3408876252000479,0.18638305739540803,-0.17079069374776817,0.0,201,0.4975124378109453,42.28855721393035,19.402985074626866,13.930348258706468
230,18489136,carolina_beach,entire_place,133.09999999999994,91.83976694676207,0.16719457779186755,0.020120437154993648,0.2995759703336077,-0.04335827287620472,0.0,201,26.865671641791046,89.05472636815921,32.83582089552239,52.736318407960205
231,18568288,carolina_beach,entire_place,165.8,99.40430130530692,0.16719457779186755,0.47459836356652596,-0.26523102783428987,0.14530077577088357,0.0,201,97.01492537313433,18.407960199004975,71.14427860696517,61.69154228855721
232,18825657,carolina_beach,entire_place,166.00000000000006,205.2163506621257,0.16719457779186755,0.4662416685381813,0.29580647780535313,0.3123407807331241,0.0,201,96.01990049751244,87.06467661691542,84.5771144278607,99.00497512437812
233,18856655,carolina_beach,entire_place,113.89999999999998,147.95710829913594,0.16719457779186755,0.23623813364859778,0.1982119614802557,0.3146713690885368,0.0,201,68.65671641791045,58.2089552238806,85.07462686567165,90.04975124378109
234,19584703,carolina_beach,entire_place,275.20000000000005,144.37380094943512,0.16719457779186755,0.5174753750966345,0.19289068921313807,0.014405361988636674,0.0,201,99.50248756218906,50.99502487562189,49.75124378109453,88.55721393034825
235,19608360,carolina_beach,entire_place,160.69999999999993,135.58863904613332,0.16719457779186755,0.3474164000328692,0.29437035834934866,0.02065007927132223,0.0,201,85.57213930348259,84.07960199004975,50.74626865671642,85.07462686567165
236,19728481,carolina_beach,entire_place,84.79999999999998,172.10200453603647,0.16719457779186755,0.3754263160419144,0.3678792063401522,0.15603858342962884,0.0,201,88.55721393034825,96.51741293532339,73.6318407960199,95.52238805970148
237,19782536,carolina_beach,entire_place,32.39999999999999,34.85087270689092,0.16719457779186755,-0.019647614957382542,-0.6511926216685662,-0.004328789859419994,0.0,201,20.398009950248756,10.44776119402985,42.78606965174129,6.965174129353234
238,19782540,carolina_beach,entire_place,210.79999999999998,134.20539961908145,0.16719457779186755,0.04842283482129274,0.20625423043388072,0.39758109904399175,0.0,201,34.82587064676617,68.1592039800995,89.55223880597015,84.5771144278607
239,20055749,carolina_beach,entire_place,217.19999999999993,90.669174658245,0.16719457779186755,0.1410596528069469,0.19883636124373588,-0.07624678204152366,0.0,201,52.736318407960205,60.19900497512438,28.35820895522388,50.24875621890548
240,20539879,carolina_beach,entire_place,16.0,28.880659778907532,0.16719457779186755,0.0866442363487635,-0.7137504805325139,-0.23021925136450072,0.0,201,42.28855721393035,4.477611940298507,7.960199004975125,2.4875621890547266
241,20676708,carolina_beach,entire_place,38.199999999999996,130.98601162889352,0.16719457779186755,0.20220290875926014,0.26835633642979057,0.15759976275030022,0.0,201,63.18407960199005,69.65174129353234,74.12935323383084,82.58706467661692
242,20895137,carolina_beach,entire_place,187.6,152.0089199324918,0.16719457779186755,0.3722618838230255,0.29455767827839274,0.10913972128083566,0.0,201,88.05970149253731,84.5771144278607,64.42786069651741,91.54228855721394
243,20944761,carolina_beach,entire_place,160.19999999999993,152.5187843974296,0.16719457779186755,0.42510000594138575,0.3960465670844408,-0.041860576084184836,0.0,201,91.04477611940298,99.00497512437812,33.83084577114428,92.03980099502488
244,21184862,carolina_beach,entire_place,98.49999999999997,57.55221986806718,0.16719457779186755,0.2097709566176932,-0.3026170186648289,-0.09177187109350285,0.0,201,64.17910447761194,17.91044776119403,27.363184079601986,18.90547263681592
245,21409856,carolina_beach,entire_place,113.00000000000003,84.84781346976735,0.16719457779186755,0.1373412901003988,0.07127139834453312,-0.010573507142105545,0.0,201,50.74626865671642,39.30348258706468,40.79601990049751,42.28855721393035
246,21425092,carolina_beach,entire_place,13.799999999999997,49.47145829578472,0.16719457779186755,-0.2687060414390823,-0.05541057301871137,-0.009012327821434157,0.0,201,3.233830845771144,33.33333333333333,41.7910447761194,13.432835820895523
247,21448550,carolina_beach,entire_place,143.40000000000006,66.33459085445426,0.16719457779186755,-0.09596152198824445,0.2938708385385645,-0.24277216845852334,0.0,201,13.930348258706468,80.84577114427861,5.970149253731343,25.37313432835821
248,21661852,carolina_beach,entire_place,65.29999999999998,49.33311322253522,0.16719457779186755,0.027998244351521887,-0.683377099533575,0.3195050937339372,0.0,201,28.60696517412935,5.970149253731343,86.06965174129353,12.935323383084576
249,21748561,carolina_beach,entire_place,230.29999999999995,72.24397624295004,0.16719457779186755,0.15693283449933298,-0.25341701435886876,0.13574325226090078,0.0,201,56.21890547263681,19.900497512437813,69.65174129353234,30.34825870646766
250,21749741,carolina_beach,entire_place,121.90000000000003,88.23076970792133,0.16719457779186755,0.21687739432515116,0.2938708385385645,-0.2740592374006026,0.0,201,65.67164179104478,80.84577114427861,1.4925373134328357,45.77114427860697
251,21900377,carolina_beach,entire_place,173.39999999999998,90.08910605592195,0.16719457779186755,-0.06179145211873599,0.3000038304982064,0.019088899950650842,0.0,201,16.417910447761194,90.54726368159204,50.24875621890548,48.258706467661696
252,21949416,carolina_beach,entire_place,37.8,56.15398597607448,0.16719457779186755,-0.24171557767543628,0.20384543362911342,-0.17091765880507115,0.0,201,5.970149253731343,66.16915422885572,18.90547263681592,18.407960199004975
253,21965532,carolina_beach,entire_place,84.3,69.69477024304852,0.16719457779186755,0.01880850325234057,-0.14291119636907573,0.12793735565754383,0.0,201,25.870646766169152,26.368159203980102,68.1592039800995,28.855721393034827
254,22727918,carolina_beach,entire_place,80.5,148.46071285761684,0.16719457779186755,0.15818929560082962,0.19339020902392223,0.4009171268973722,0.0,201,57.2139303482587,51.741293532338304,90.04975124378109,90.54726368159204
255,23189790,carolina_beach,entire_place,42.9,83.31536628823045,0.16719457779186755,0.0007769755123882838,-0.26507955714911924,0.4443297745093987,0.0,201,22.139303482587064,18.90547263681592,92.53731343283582,41.29353233830846
256,23486918,carolina_beach,entire_place,24.10000000000001,119.54780060051472,0.16719457779186755,0.20511925822182014,0.2920692988943094,0.04032086611399155,0.0,201,63.681592039801,77.61194029850746,56.21890547263681,75.62189054726367
257,23667688,carolina_beach,entire_place,61.7,58.852985171640434,0.16719457779186755,0.1579966856456572,-0.4516153239982647,0.13097301014415189,0.0,201,56.71641791044776,14.427860696517413,68.65671641791045,19.900497512437813
258,23699510,carolina_beach,entire_place,18.999999999999996,41.97738924292216,0.16719457779186755,-0.2550954070195155,-0.05551047698086821,-0.18325690668705608,0.0,201,4.477611940298507,32.83582089552239,15.92039800995025,7.960199004975125
259,24050466,carolina_beach,entire_place,236.4,172.43481632752938,0.16719457779186755,0.4277855503284582,0.30644902233958843,0.16703032120298006,0.0,201,91.54228855721394,96.01990049751244,75.62189054726367,96.01990049751244
260,24357424,carolina_beach,entire_place,103.10000000000002,67.78975298947738,0.16719457779186755,-0.1318319675129766,0.2933180984212698,-0.18496827269111366,0.0,201,10.44776119402985,78.1094527363184,15.422885572139302,26.865671641791046
261,24454520,carolina_beach,entire_place,135.6,193.3222585585062,0.16719457779186755,0.3628795327686718,-0.031781758195647644,0.6838831964125841,0.0,201,86.56716417910447,34.32835820895522,97.01492537313433,98.00995024875621
262,24730434,carolina_beach,entire_place,63.09999999999997,69.36140979868567,0.16719457779186755,0.011584498245553063,0.19132968980443754,-0.20380616797039008,0.0,201,23.383084577114428,44.776119402985074,10.945273631840797,28.35820895522388
263,24930618,carolina_beach,entire_place,71.89999999999999,33.422170162865285,0.16719457779186755,-0.03953164101357062,-0.6547392123251337,-0.02156524491545677,0.0,201,18.90547263681592,8.955223880597014,37.81094527363184,4.975124378109453
264,25081362,carolina_beach,entire_place,151.59999999999997,120.95638659946201,0.16719457779186755,0.09261178025405437,0.29425469806649013,0.16226007908623116,0.0,201,43.03482587064676,83.08457711442786,75.12437810945273,76.61691542288557
265,25100786,carolina_beach,entire_place,53.099999999999994,42.464835216758814,0.16719457779186755,-0.33982377405372366,-0.13530978861568113,-0.00745114850076277,0.0,201,0.9950248756218906,27.860696517412936,42.28855721393035,9.45273631840796
266,25273562,carolina_beach,entire_place,82.10000000000001,202.19256693662686,0.16719457779186755,0.44003985194444695,0.390163335030191,0.2294140115011841,0.0,201,93.53233830845771,97.51243781094527,79.60199004975125,98.50746268656717
267,25335850,carolina_beach,entire_place,78.30000000000003,117.66277860227541,0.16719457779186755,0.0023947571463717662,0.18738267671683123,0.3319713066732251,0.0,201,22.885572139303484,43.28358208955223,88.05970149253731,73.6318407960199
268,25432809,carolina_beach,entire_place,195.59999999999997,164.6463028246532,0.16719457779186755,0.0528437281416782,0.27277708675523044,0.5296970578775694,0.0,201,35.82089552238806,70.64676616915423,95.02487562189054,94.02985074626866
269,25436610,carolina_beach,entire_place,50.9,82.55981435317754,0.16719457779186755,0.05309181089800706,0.2699672878195695,-0.1520333202736283,0.0,201,36.318407960199,70.1492537313433,21.890547263681594,39.30348258706468
270,25980686,carolina_beach,entire_place,172.40000000000006,119.63852496916145,0.16719457779186755,0.04191472650241911,0.20453227336894164,0.29181474107587324,0.0,201,32.33830845771145,67.66169154228857,83.5820895522388,76.11940298507463
271,26101897,carolina_beach,entire_place,173.49999999999994,170.2722112905654,0.16719457779186755,0.45179798804777793,0.2949947581128289,0.14192448701493482,0.0,201,94.5273631840796,85.82089552238806,70.1492537313433,95.02487562189054
272,26398390,carolina_beach,entire_place,175.7,98.30519877090201,0.16719457779186755,0.3385746133920982,0.19783732162216758,-0.1927509476683874,0.0,201,83.5820895522388,54.72636815920397,13.432835820895523,60.19900497512438
273,26951988,carolina_beach,entire_place,137.20000000000002,97.63229863668566,0.16719457779186755,0.06904003524623599,0.3054499827180201,-0.03762817413875997,0.0,201,38.55721393034826,95.52238805970148,34.82587064676617,58.70646766169154
274,27030710,carolina_beach,entire_place,245.49999999999991,133.38962839825635,0.16719457779186755,0.2629188380741486,0.39542216732096064,-0.01213468646277694,0.0,201,72.13930348258707,98.00995024875621,39.55223880597015,84.07960199004975
275,27032613,carolina_beach,entire_place,221.90000000000003,99.03056117706416,0.16719457779186755,0.15430896669402688,0.19789976159851558,-0.0012699137467287146,0.0,201,54.72636815920397,55.472636815920396,44.776119402985074,60.69651741293532
276,27049588,carolina_beach,entire_place,39.8,26.721920556411447,0.16719457779186755,0.1329203967800133,-0.7849299225563854,-0.28030395468328817,0.0,201,50.24875621890548,3.9800995024875623,0.9950248756218906,1.9900497512437811
277,27051682,carolina_beach,entire_place,64.29999999999998,79.68852232540405,0.16719457779186755,0.07900114583448758,0.30451396277265463,-0.2474557064205375,0.0,201,39.800995024875625,95.02487562189054,5.223880597014925,35.82089552238806
278,27054259,carolina_beach,entire_place,69.20000000000003,75.64916839972237,0.16719457779186755,0.3432879883697376,-0.13552722891703162,-0.1230589400355821,0.0,201,85.07462686567165,27.363184079601986,24.875621890547265,31.8407960199005
279,27262104,carolina_beach,entire_place,124.10000000000002,99.99256452322196,0.16719457779186755,0.3045393885027606,0.29399571849126055,-0.23802514796785768,0.0,201,79.60199004975125,82.08955223880598,6.467661691542288,62.68656716417911
280,27526343,carolina_beach,entire_place,52.4,76.48021994661592,0.16719457779186755,0.24693241860560455,-0.24647230270670262,0.09502562486614166,0.0,201,71.14427860696517,20.398009950248756,62.68656716417911,32.83582089552239
281,28029362,carolina_beach,entire_place,19.4,94.42555859317868,0.16719457779186755,0.0007769755123882838,0.2761377437650202,0.02689479655400779,0.0,201,22.139303482587064,72.13930348258707,53.73134328358209,55.72139303482587
282,28284197,carolina_beach,entire_place,49.50000000000001,40.22509074813419,0.16719457779186755,0.045506485358732696,-0.6594735488145799,0.07847719666481512,0.0,201,33.33333333333333,8.45771144278607,59.70149253731343,7.462686567164178
283,28736101,carolina_beach,entire_place,146.99999999999994,121.02948347533,0.16719457779186755,0.3212589823400598,0.19214140949696182,0.03632535500668762,0.0,201,81.59203980099502,47.01492537313433,55.72139303482587,77.11442786069652
284,29096813,carolina_beach,entire_place,123.69999999999999,80.03465180751343,0.16719457779186755,0.06938407809788152,0.19245360937870193,-0.12149776071491072,0.0,201,39.30348258706468,49.25373134328358,25.870646766169152,36.81592039800995
285,29330907,carolina_beach,entire_place,95.9,51.982190869702876,0.16719457779186755,0.03427163598814319,-0.12451738813821062,-0.19433534861514198,0.0,201,30.09950248756219,28.855721393034827,12.935323383084576,16.417910447761194
286,30205184,carolina_beach,entire_place,109.7,63.63053881893907,0.16719457779186755,-0.034029618866019656,-0.23134003720664592,0.17951975576835116,0.0,201,19.900497512437813,22.388059701492537,77.11442786069652,23.383084577114428
287,30423397,carolina_beach,entire_place,128.99999999999997,99.58825293741896,0.16719457779186755,-0.09386094091567981,0.19289068921313807,0.2574687960211027,0.0,201,14.427860696517413,50.99502487562189,81.09452736318407,62.189054726368155
288,30466101,carolina_beach,entire_place,158.7,135.85192779047705,0.16719457779186755,0.23867168367257663,0.3010028701197747,0.12468803195889805,0.0,201,69.15422885572139,93.03482587064677,66.66666666666666,85.57213930348259
289,30510982,carolina_beach,entire_place,156.2,122.1935186563952,0.16719457779186755,0.23125939823378827,0.30106531009612275,0.02689479655400779,0.0,201,68.1592039800995,93.53233830845771,53.73134328358209,78.1094527363184
290,30984682,carolina_beach,entire_place,92.69999999999996,74.5298921029875,0.16719457779186755,0.48583321293711546,-0.6611213844903128,0.24527973482250398,0.0,201,97.51243781094527,7.960199004975125,80.59701492537313,31.343283582089555
291,31593611,carolina_beach,entire_place,196.19999999999993,154.2620861721927,0.16719457779186755,0.3403716389071776,0.19012945597628927,0.26007653611720466,0.0,201,84.07960199004975,43.78109452736319,81.59203980099502,92.53731343283582
292,31672113,carolina_beach,entire_place,69.70000000000002,91.95173321953534,0.16719457779186755,0.1462385495423262,0.38353082325976495,-0.2522259485372864,0.0,201,53.233830845771145,97.01492537313433,3.9800995024875623,53.233830845771145
293,31686125,carolina_beach,entire_place,187.20000000000007,94.07365122964855,0.16719457779186755,0.026686310448868836,0.19245360937870193,0.08097501098009915,0.0,201,27.860696517412936,49.25373134328358,60.69651741293532,55.223880597014926
294,31863480,carolina_beach,entire_place,271.0000000000001,111.68654272407197,0.16719457779186755,0.08137693088346487,0.18482205798670753,0.20387408057303466,0.0,201,40.298507462686565,41.7910447761194,79.1044776119403,69.65174129353234
295,32270752,carolina_beach,entire_place,61.7,132.5027898988072,0.16719457779186755,0.2757581030046451,0.2999788545076672,0.06384848170488032,0.0,201,75.62189054726367,89.55223880597015,58.70646766169154,83.08457711442786
296,32308330,carolina_beach,entire_place,13.600000000000001,67.97869752417377,0.16719457779186755,-0.046328319382933386,0.03926175241329875,-0.013672644157365101,0.0,201,17.91044776119403,34.82587064676617,38.80597014925373,27.363184079601986
297,32311002,carolina_beach,entire_place,124.80000000000004,101.14966269626862,0.16719457779186755,0.32442341455894863,0.20278453373105193,-0.15530586559835727,0.0,201,82.08955223880598,61.19402985074627,21.393034825870647,63.681592039801
298,32325635,carolina_beach,entire_place,36.20000000000001,32.67312792879437,0.16719457779186755,-0.2132956127098076,-0.4764359020102995,-0.04810529336687039,0.0,201,8.45771144278607,12.437810945273633,31.343283582089555,3.9800995024875623
299,32442497,carolina_beach,entire_place,169.29999999999998,99.38281472602067,0.16719457779186755,0.15909118054689922,0.2934429783739658,-0.09808007090483989,0.0,201,57.711442786069654,78.60696517412936,26.865671641791046,61.19402985074627
300,32590783,carolina_beach,entire_place,220.69999999999993,85.85596082081744,0.16719457779186755,0.13865322400305186,0.1144192361973969,-0.04335827287620472,0.0,201,51.741293532338304,39.800995024875625,32.83582089552239,43.28358208955223
301,32765837,carolina_beach,entire_place,50.60000000000001,82.64614265376184,0.16719457779186755,-0.04048225438373685,0.20333342582305966,0.009207205481381714,0.0,201,18.407960199004975,63.681592039801,47.76119402985074,40.298507462686565
302,33166559,carolina_beach,entire_place,52.00000000000001,82.92259798471784,0.16719457779186755,0.26842086022169964,-0.2428567414097535,0.14979386614694326,0.0,201,74.12935323383084,20.8955223880597,71.64179104477611,40.79601990049751
303,33219532,carolina_beach,entire_place,80.80000000000003,76.77337981729774,0.16719457779186755,0.040545027624764474,0.29368351860952047,-0.2349662718551664,0.0,201,31.8407960199005,80.09950248756219,7.213930348258707,33.33333333333333
304,33270097,carolina_beach,entire_place,65.6,45.74775022021695,0.16719457779186755,0.013075676029302014,-0.44505774019945626,0.02221125859199362,0.0,201,24.378109452736318,15.422885572139302,51.741293532338304,10.44776119402985
305,33453715,carolina_beach,entire_place,96.39999999999998,105.15320599396368,0.16719457779186755,0.35368979166949055,0.1915170097334816,-0.134860347746243,0.0,201,86.06965174129353,45.27363184079602,23.88059701492537,66.66666666666666
306,33610414,carolina_beach,entire_place,22.0,90.24161890865618,0.16719457779186755,0.0445385943077252,-0.25812235750168344,0.47255796733878674,0.0,201,32.83582089552239,19.402985074626866,94.02985074626866,49.25373134328358
307,33883923,carolina_beach,entire_place,110.7,90.80052434219367,0.16719457779186755,0.18363081660572508,0.20390787360546145,-0.12245761733560662,0.0,201,60.69651741293532,66.66666666666666,25.37313432835821,50.74626865671642
308,33915237,carolina_beach,entire_place,81.49999999999997,104.9099939117257,0.16719457779186755,0.29720214571981507,0.28786272653161865,-0.17701218940437052,0.0,201,77.61194029850746,73.38308457711443,16.91542288557214,66.16915422885572
309,34065086,carolina_beach,entire_place,320.10000000000014,103.42187283451919,0.16719457779186755,0.1391937884166346,-0.45971031749750074,0.7144187559713017,0.0,201,52.23880597014925,13.432835820895523,99.00497512437812,64.6766169154229
310,34171538,carolina_beach,entire_place,29.299999999999997,51.61019190557811,0.16719457779186755,0.17293653164871836,-0.24058907065245277,-0.22397453408181517,0.0,201,59.70149253731343,21.393034825870647,8.706467661691542,15.92039800995025
311,34224110,carolina_beach,entire_place,67.29999999999998,105.19931742920498,0.16719457779186755,0.3764901671882386,-0.0737623217473387,0.10805289960283679,0.0,201,89.05472636815921,30.845771144278604,63.681592039801,67.16417910447761
312,34328387,carolina_beach,entire_place,154.79999999999998,91.17054919641133,0.16719457779186755,0.06904003524623599,0.20334591381832925,-0.003282229083989404,0.0,201,38.55721393034826,64.17910447761194,43.28358208955223,51.741293532338304
313,34466642,carolina_beach,entire_place,18.299999999999997,57.627723016295924,0.16719457779186755,0.08658647137376194,-0.564205067935061,0.29428933376507405,0.0,201,41.7910447761194,11.442786069651742,84.07960199004975,19.402985074626866
314,34477034,carolina_beach,entire_place,18.900000000000002,80.77096810245439,0.16719457779186755,-0.16951671623362943,0.1675470016820462,0.15135504546761466,0.0,201,8.955223880597014,40.79601990049751,72.13930348258707,37.81094527363184
315,34477104,carolina_beach,entire_place,40.500000000000014,42.18016102696785,0.16719457779186755,-0.15244916793791985,-0.6624332036934761,0.32572658939053956,0.0,201,9.45273631840796,7.462686567164178,87.06467661691542,8.45771144278607
316,34714374,carolina_beach,entire_place,155.90000000000006,81.7675847736855,0.16719457779186755,0.21712547708148,0.19182978931507658,-0.2474557064205375,0.0,201,66.16915422885572,45.77114427860697,5.223880597014925,38.80597014925373
317,35087602,carolina_beach,entire_place,120.60000000000001,102.43433489971702,0.16719457779186755,0.2396911359179758,-0.1236649361344454,0.2683738296397192,0.0,201,69.65174129353234,29.850746268656714,82.58706467661692,64.17910447761194
318,35389451,carolina_beach,entire_place,21.4,54.534950613973905,0.16719457779186755,0.15226385842261864,-0.36035360755712276,-0.029434624047465215,0.0,201,54.22885572139303,16.417910447761194,35.32338308457712,17.91044776119403
319,35561242,carolina_beach,entire_place,51.10000000000001,42.511813663308004,0.16719457779186755,0.04788227040770998,-0.6838641313490895,0.15447740410895744,0.0,201,34.07960199004975,4.975124378109453,72.636815920398,9.950248756218906
320,35611183,carolina_beach,entire_place,77.40000000000003,88.7793703272445,0.16719457779186755,-0.11248850587037129,0.24304470924614885,0.11226207992217843,0.0,201,11.940298507462686,68.65671641791045,65.17412935323384,46.766169154228855
321,35642410,carolina_beach,entire_place,139.49999999999994,97.81422540832315,0.16719457779186755,0.06149290482727679,0.2878719462014561,-0.010660211296840263,0.0,201,37.81094527363184,74.12935323383084,40.298507462686565,59.70149253731343
322,35671803,carolina_beach,entire_place,14.400000000000002,21.8841413432864,0.16719457779186755,-0.23467081654974464,-0.9179414254781533,0.028519458403330672,0.0,201,7.462686567164178,1.7412935323383085,54.72636815920397,1.4925373134328357
323,35709468,carolina_beach,entire_place,11.300000000000002,20.95331281391776,0.16719457779186755,-0.24959338487196453,-0.9179414254781533,0.0019159274232655628,0.0,201,4.975124378109453,1.7412935323383085,45.77114427860697,0.9950248756218906
324,35909714,carolina_beach,entire_place,42.5,88.20951820181791,0.16719457779186755,0.2814909302276837,-0.46907456989985036,0.42403444334067064,0.0,201,76.61691542288557,12.935323383084576,92.03980099502488,45.27363184079602
325,36109144,carolina_beach,entire_place,112.00000000000003,90.81742634697504,0.16719457779186755,0.26423077197680167,-0.12378059641730396,0.12481499701620105,0.0,201,73.13432835820896,29.35323383084577,67.41293532338308,51.243781094527364
326,36181854,carolina_beach,entire_place,45.99999999999999,53.68083191419426,0.16719457779186755,0.019349067665923314,-0.3658372237627453,0.09346444554547027,0.0,201,26.368159203980102,15.92039800995025,62.189054726368155,16.91542288557214
327,36413167,carolina_beach,entire_place,85.50000000000003,60.625357157869146,0.16719457779186755,0.3691529244052931,-0.5606945549820359,0.05807812206486727,0.0,201,87.31343283582089,11.940298507462686,57.711442786069654,21.393034825870647
328,36698322,carolina_beach,entire_place,79.7,138.623033194794,0.16719457779186755,0.31392173955711433,0.192765809260442,0.17772168560955884,0.0,201,81.09452736318407,50.24875621890548,76.61691542288557,86.56716417910447
329,37023929,carolina_beach,entire_place,204.50000000000009,144.56186815604957,0.16719457779186755,0.4497528797763697,0.19802464155121163,0.07828674907886062,0.0,201,94.02985074626866,56.96517412935324,59.20398009950249,89.05472636815921
330,37678419,carolina_beach,entire_place,132.0,84.97165806031543,0.16719457779186755,-0.013374223320761242,0.19214140949696182,0.020713561799973728,0.0,201,20.8955223880597,47.01492537313433,51.243781094527364,42.78606965174129
331,37753014,carolina_beach,entire_place,141.39999999999998,91.50613100299726,0.16719457779186755,0.24459482867694243,0.20372113337627223,-0.1755779751410021,0.0,201,70.64676616915423,65.67164179104478,17.412935323383085,52.23880597014925
332,37833273,carolina_beach,entire_place,176.70000000000005,95.65330071760917,0.16719457779186755,0.26345940248773136,0.3006532062522258,-0.247519188949189,0.0,201,72.636815920398,92.03980099502488,4.477611940298507,56.71641791044776
333,38102964,carolina_beach,entire_place,50.9,87.9064110811609,0.16719457779186755,0.027998244351521887,0.19214140949696182,0.012907665196616782,0.0,201,28.60696517412935,47.01492537313433,49.004975124378106,44.27860696517413
334,38234733,carolina_beach,entire_place,103.49999999999999,114.1752737576636,0.16719457779186755,0.4390203996990477,0.19727536183503538,-0.14437761035365754,0.0,201,93.03482587064677,53.73134328358209,22.885572139303484,71.14427860696517
335,38459756,carolina_beach,entire_place,10.600000000000001,29.975160943327452,0.16719457779186755,0.21425352651984503,-0.8865436913151297,-0.14906114831567172,0.0,201,65.17412935323384,3.482587064676617,22.388059701492537,2.9850746268656714
336,38817499,carolina_beach,entire_place,79.10000000000002,77.53663697071842,0.16719457779186755,0.01278319437204814,0.28743486636702,-0.191189768347716,0.0,201,23.88059701492537,72.636815920398,13.930348258706468,34.82587064676617
337,39045239,carolina_beach,entire_place,116.70000000000005,109.93392794904095,0.16719457779186755,0.11089139075033552,0.39635876696618094,-0.052852313857536054,0.0,201,45.27363184079602,99.75124378109453,29.601990049751244,68.65671641791045
338,39136554,carolina_beach,entire_place,109.99999999999997,147.29865350922984,0.16719457779186755,0.22548837589043458,0.19050409583437738,0.3286987613484961,0.0,201,67.66169154228857,44.27860696517413,87.56218905472637,89.55223880597015
339,39227388,carolina_beach,entire_place,126.69999999999999,94.51778366883784,0.16719457779186755,0.03427163598814319,0.2936302983030099,-0.02312642423612816,0.0,201,30.09950248756219,79.35323383084577,36.81592039800995,56.21890547263681
340,39391549,carolina_beach,entire_place,123.69999999999999,50.62075422825805,0.16719457779186755,-0.06090684485350767,-0.22508216529430802,-0.024624121028148045,0.0,201,16.91542288557214,24.378109452736318,36.069651741293534,14.427860696517413
341,39434544,carolina_beach,entire_place,17.600000000000005,50.8914184203203,0.16719457779186755,-0.24148477259994866,-0.054736221274152744,-0.009162514504820377,0.0,201,6.467661691542288,33.83084577114428,41.29353233830846,14.925373134328357
342,39477387,carolina_beach,entire_place,105.50000000000003,97.03630390642147,0.16719457779186755,0.27469425185832086,0.19789976159851558,-0.14179309188363878,0.0,201,74.87562189054727,55.472636815920396,23.383084577114428,57.711442786069654
343,39500826,carolina_beach,entire_place,16.899999999999995,47.86929829408675,0.16719457779186755,-0.22839742491312337,0.05110047227825451,-0.18809063133245643,0.0,201,7.960199004975125,38.308457711442784,14.676616915422885,11.442786069651742
344,39525545,carolina_beach,entire_place,75.1,87.95785924008827,0.16719457779186755,0.018050499837346794,0.2885495662714469,-0.07297423671679468,0.0,201,24.875621890547265,75.12437810945273,28.855721393034827,44.776119402985074
345,39561705,carolina_beach,entire_place,331.8,62.470760061016286,0.16719457779186755,0.4583638613416531,-0.6496046802872053,0.08728321079143621,0.0,201,95.02487562189054,10.945273631840797,61.19402985074627,22.885572139303484
346,39583846,carolina_beach,entire_place,84.90000000000002,97.77903522433189,0.16719457779186755,0.4306020280889368,0.16463268841288842,-0.2568862648732173,0.0,201,92.03980099502488,40.298507462686565,3.482587064676617,59.20398009950249
347,39816384,carolina_beach,entire_place,259.39999999999986,77.30465621539912,0.16719457779186755,0.03739396147995213,-0.6658063486985355,0.7344825182766123,0.0,201,31.343283582089555,6.467661691542288,100.0,33.83084577114428
348,39982496,carolina_beach,entire_place,276.99999999999994,118.84371567931122,0.16719457779186755,0.11741286514328567,0.2894237259403192,0.12481499701620105,0.0,201,47.2636815920398,75.62189054726367,67.41293532338308,74.12935323383084
349,40377073,carolina_beach,entire_place,85.29999999999995,75.94583779738603,0.16719457779186755,0.19961723607426918,-0.45395196539594695,0.3428995619179248,0.0,201,62.68656716417911,13.930348258706468,89.05472636815921,32.33830845771145
350,40514831,carolina_beach,entire_place,56.5,159.59406048059242,0.16719457779186755,0.12008113184951683,0.29425469806649013,0.41000705108071134,0.0,201,48.258706467661696,83.08457711442786,91.54228855721394,93.03482587064677
351,40541408,carolina_beach,entire_place,120.70000000000003,88.2337226826101,0.16719457779186755,0.02585326437803219,0.19802464155121163,0.012844182667965285,0.0,201,27.363184079601986,56.96517412935324,48.258706467661696,46.26865671641791
352,40557594,carolina_beach,entire_place,46.10000000000001,42.26485616392177,0.16719457779186755,-0.26816547702549953,-0.9160682261877127,0.6970374362065822,0.0,201,3.9800995024875623,2.4875621890547266,98.00995024875621,8.955223880597014
353,40605773,carolina_beach,entire_place,63.59999999999999,94.00501488896396,0.16719457779186755,0.39948315266215917,-0.1410358211131933,0.04094541044005028,0.0,201,90.04975124378109,26.865671641791046,56.71641791044776,54.72636815920397
354,40617885,carolina_beach,entire_place,12.899999999999999,15.191577860346314,0.16719457779186755,-0.3278175551940638,-0.9182536253598934,-0.22397453408181517,0.0,201,1.4925373134328357,0.9950248756218906,8.706467661691542,0.4975124378109453
355,40804657,carolina_beach,entire_place,196.60000000000005,137.0949390556793,0.16719457779186755,0.15591338225393384,0.19345264900027023,0.3240384450125652,0.0,201,55.72139303482587,52.23880597014925,86.56716417910447,86.06965174129353
356,40971443,carolina_beach,entire_place,119.8,72.59127550397547,0.16719457779186755,0.04788227040770998,0.20290883398389312,-0.20680156155442986,0.0,201,34.07960199004975,61.940298507462686,10.44776119402985,30.845771144278604
357,41058387,carolina_beach,entire_place,224.60000000000008,191.35445457873305,0.16719457779186755,0.5117425478735961,0.2948698781601328,0.19819042508775633,0.0,201,98.50746268656717,85.07462686567165,78.1094527363184,97.51243781094527
358,41351035,carolina_beach,entire_place,59.69999999999999,124.06630196108719,0.16719457779186755,-0.12683231465869324,0.29425469806649013,0.4068846924393686,0.0,201,11.442786069651742,83.08457711442786,91.04477611940298,78.60696517412936
359,41527866,carolina_beach,entire_place,254.39999999999998,128.9488208975089,0.16719457779186755,0.11380774021289554,0.29611867768709327,0.20267733311421784,0.0,201,46.26865671641791,87.56218905472637,78.60696517412936,81.09452736318407
360,41796761,carolina_beach,entire_place,19.899999999999995,34.20843812803945,0.16719457779186755,0.11662421797337405,-0.9064621852608545,0.09658680418681305,0.0,201,46.766169154228855,2.9850746268656714,63.18407960199005,5.970149253731343
361,41796769,carolina_beach,entire_place,43.199999999999996,65.88910183593579,0.16719457779186755,0.1550803361830972,-0.920126824650334,0.7135456035053406,0.0,201,55.223880597014926,0.4975124378109453,98.50746268656717,23.88059701492537
362,41796847,carolina_beach,entire_place,159.69999999999993,130.74785679516302,0.16719457779186755,0.1613537278197185,0.2760489415158667,0.18895031422103098,0.0,201,58.2089552238806,71.64179104477611,77.61194029850746,82.08955223880598
363,41796854,carolina_beach,entire_place,37.39999999999999,81.01120806790988,0.16719457779186755,0.11220332465298857,0.04288327104148394,-0.002767610538748606,0.0,201,45.77114427860697,35.82089552238806,44.02985074626866,38.308457711442784
364,41796855,carolina_beach,entire_place,32.60000000000001,116.1460906254198,0.16719457779186755,0.18415410333846657,0.056721356082471544,0.2680093977778646,0.0,201,61.19402985074627,38.80597014925373,82.08955223880598,72.636815920398
365,41796863,carolina_beach,entire_place,230.40000000000003,79.14320447526747,0.16719457779186755,0.08444149140027224,0.04292073502729275,0.0019159274232655628,0.0,201,40.79601990049751,36.318407960199,45.77114427860697,35.32338308457712
366,41796894,carolina_beach,entire_place,65.6,82.61226152413714,0.16719457779186755,0.12635452348613813,0.04338279085226811,0.0019159274232655628,0.0,201,49.50248756218906,36.81592039800995,45.77114427860697,39.800995024875625
367,41796911,carolina_beach,entire_place,22.300000000000004,31.64378943036746,0.16719457779186755,0.12635452348613813,-0.6837517393916631,-0.21148509951644406,0.0,201,49.50248756218906,5.472636815920398,9.701492537313433,3.482587064676617
368,41796915,carolina_beach,entire_place,34.099999999999994,66.59704777301906,0.16719457779186755,0.09805212581983903,0.04267097512190067,-0.18169572736638467,0.0,201,44.02985074626866,35.32338308457712,16.417910447761194,25.870646766169152
369,41796944,carolina_beach,entire_place,30.1,79.90023514325725,0.16719457779186755,0.09805212581983903,0.0433952788475377,-0.002767610538748606,0.0,201,44.02985074626866,37.3134328358209,44.02985074626866,36.318407960199
370,41931832,carolina_beach,entire_place,74.70000000000003,97.03792309650231,0.16719457779186755,0.1912161421449995,0.19245360937870193,-0.052852313857536054,0.0,201,62.189054726368155,49.25373134328358,29.601990049751244,58.2089552238806
371,41972139,carolina_beach,entire_place,148.20000000000005,90.57114480624928,0.16719457779186755,0.12504258958348505,0.3959841271080928,-0.2584474441938887,0.0,201,48.756218905472636,98.50746268656717,2.4875621890547266,49.75124378109453
372,42643960,carolina_beach,entire_place,225.00000000000009,103.67328016504806,0.16719457779186755,0.05123931258177125,0.39635876696618094,-0.051291134536864666,0.0,201,35.32338308457712,99.75124378109453,30.34825870646766,65.17412935323384
373,42686258,carolina_beach,entire_place,104.29999999999997,149.62898668804823,0.16719457779186755,-0.13572957410062061,0.2007095605341765,0.6953028485764413,0.0,201,9.950248756218906,60.69651741293532,97.51243781094527,91.04477611940298
374,42790716,carolina_beach,entire_place,121.39999999999998,67.69023430340367,0.16719457779186755,0.033731071574560456,0.20290883398389312,-0.26156980283523146,0.0,201,29.35323383084577,61.940298507462686,1.9900497512437811,26.368159203980102
375,42807056,carolina_beach,entire_place,101.50000000000001,33.58635896281395,0.16719457779186755,-0.04657640213926223,-0.6523664932239088,-0.01213468646277694,0.0,201,17.412935323383085,9.950248756218906,39.55223880597015,5.472636815920398
376,42901883,carolina_beach,entire_place,110.99999999999996,126.90094193882172,0.16719457779186755,0.24328289477428938,0.19852474106185064,0.15491150084906166,0.0,201,70.1492537313433,59.70149253731343,73.13432835820896,79.60199004975125
377,42903652,carolina_beach,entire_place,105.89999999999996,66.03693396245637,0.16719457779186755,-0.10826022250515821,0.2939332785149125,-0.2349662718551664,0.0,201,12.437810945273633,81.59203980099502,7.213930348258707,24.378109452736318
378,42971045,carolina_beach,entire_place,170.6,90.16068044628733,0.16719457779186755,-0.07142188592941853,0.3026138215095537,0.02689479655400779,0.0,201,15.92039800995025,94.02985074626866,53.73134328358209,48.756218905472636
379,43230135,carolina_beach,entire_place,146.10000000000002,77.49123601569198,0.16719457779186755,0.10753434857627425,0.20303371393658914,-0.2021180235924157,0.0,201,44.776119402985074,62.68656716417911,11.940298507462686,34.32835820895522
380,43258872,carolina_beach,entire_place,210.4,178.0881392815492,0.16719457779186755,0.26660655702577896,0.19432680866914254,0.47240778065540046,0.0,201,73.6318407960199,53.233830845771145,93.53233830845771,96.51741293532339
381,43286292,carolina_beach,entire_place,105.99999999999996,142.84382101904234,0.16719457779186755,0.4624922730047847,0.2950571980891769,-0.04335827287620472,0.0,201,95.52238805970148,86.56716417910447,32.83582089552239,87.56218905472637
382,43348570,carolina_beach,entire_place,62.2,144.04986871727996,0.16719457779186755,0.11745726404421071,0.28962026553920067,0.31546313937446685,0.0,201,47.76119402985074,76.61691542288557,85.57213930348259,88.05970149253731
383,43354648,carolina_beach,entire_place,60.39999999999997,88.86020321608706,0.16719457779186755,0.17031266384341223,0.1979622015748636,-0.12455663682760201,0.0,201,58.70646766169154,56.21890547263681,24.378109452736318,47.2636815920398
384,43366003,carolina_beach,entire_place,77.40000000000003,141.17840649265415,0.16719457779186755,0.29747734969622774,0.2880592661305002,0.1170091004128441,0.0,201,78.1094527363184,74.6268656716418,65.67164179104478,87.06467661691542
385,43479326,carolina_beach,entire_place,89.99999999999997,69.9788291020699,0.16719457779186755,0.27469425185832086,-0.3453902166596045,0.0785406791934666,0.0,201,74.87562189054727,17.412935323383085,60.19900497512438,29.35323383084577
386,43509155,carolina_beach,entire_place,237.90000000000003,121.38228516548764,0.16719457779186755,0.30031110513754755,0.2753010480819567,-0.02299945917882517,0.0,201,78.60696517412936,71.14427860696517,37.3134328358209,77.61194029850746
387,43513850,carolina_beach,entire_place,138.7,113.34690957191157,0.16719457779186755,0.34060244398266515,0.19226628944965785,-0.048168775895521876,0.0,201,84.5771144278607,48.258706467661696,30.845771144278604,70.1492537313433
388,43579738,carolina_beach,entire_place,104.20000000000002,92.09890753096755,0.16719457779186755,0.018285216519599107,0.20428309316340443,0.056557203646764184,0.0,201,25.37313432835821,67.16417910447761,57.2139303482587,53.73134328358209
389,43601337,carolina_beach,entire_place,186.39999999999995,117.42349552713198,0.16719457779186755,0.2119159365911829,0.30433716485675905,0.003477106743936951,0.0,201,64.6766169154229,94.5273631840796,46.766169154228855,73.13432835820896
390,43652267,carolina_beach,entire_place,95.3,80.19979579103794,0.16719457779186755,-0.10173874811220807,0.18031250541211416,0.06380203845271389,0.0,201,13.432835820895523,41.29353233830846,58.2089552238806,37.3134328358209
391,43665418,carolina_beach,entire_place,235.89999999999998,187.32351362980828,0.16719457779186755,0.2901401069132822,0.2897451454918967,0.4037391121719426,0.0,201,77.11442786069652,77.11442786069652,90.54726368159204,97.01492537313433
392,43701419,carolina_beach,entire_place,171.90000000000003,163.43705933247412,0.16719457779186755,0.05780518587564645,0.2681676302184802,0.5220181263315153,0.0,201,36.81592039800995,69.15422885572139,94.5273631840796,93.53233830845771
393,43768775,carolina_beach,entire_place,120.60000000000001,34.42069750421519,0.16719457779186755,-0.03899107659998788,-0.4508785322773581,-0.19737100310175004,0.0,201,19.402985074626866,14.925373134328357,12.437810945273633,6.467661691542288
394,43803964,carolina_beach,entire_place,116.59999999999997,115.24411839124343,0.16719457779186755,0.47197449576121986,0.20322103386563323,-0.17404001744641392,0.0,201,96.51741293532339,63.18407960199005,17.91044776119403,72.13930348258707
395,43908429,carolina_beach,entire_place,7.9,48.97779778418245,0.16719457779186755,-0.2687060414390823,-0.055872628843686725,-0.018379403745462493,0.0,201,3.233830845771144,32.33830845771145,38.308457711442784,12.437810945273633
396,43937800,carolina_beach,entire_place,82.30000000000001,59.1941094454642,0.16719457779186755,-0.10198683086853691,0.20340835379467728,-0.2583839616652372,0.0,201,12.935323383084576,64.6766169154229,2.9850746268656714,20.398009950248756
397,43946919,carolina_beach,entire_place,33.4,126.88720846058763,0.16719457779186755,0.5080930240422808,0.3000038304982064,-0.21148509951644406,0.0,201,98.00995024875621,90.54726368159204,9.701492537313433,79.1044776119403
398,43947186,carolina_beach,entire_place,58.400000000000006,50.937601288190685,0.16719457779186755,0.08527453747110887,-0.2245576694929846,-0.16521078169370962,0.0,201,41.29353233830846,24.875621890547265,20.398009950248756,15.422885572139302
399,43985066,carolina_beach,entire_place,55.599999999999994,53.72479406267357,0.16719457779186755,-0.2882803081571752,0.19346513699553985,-0.15740488509035266,0.0,201,2.4875621890547266,52.736318407960205,20.8955223880597,17.412935323383085
400,44147669,carolina_beach,entire_place,135.4,106.32477290238378,0.16719457779186755,0.15095192451996559,0.2949947581128289,-0.024624121028148045,0.0,201,53.73134328358209,85.82089552238806,36.069651741293534,67.66169154228857
401,139741,charlotte,entire_place,30.499999999999993,55.08579447324853,-0.0675435145521221,-0.014889528445127989,0.2944078223351575,-0.2724345755512797,0.0,199,34.17085427135678,79.89949748743719,7.035175879396985,40.7035175879397
402,492113,charlotte,entire_place,87.70000000000003,54.498711247071235,-0.0675435145521221,-0.07483408827094615,0.2938083985622165,-0.22241335476114377,0.0,199,21.608040201005025,75.87939698492463,27.889447236180903,38.19095477386934
403,547871,charlotte,entire_place,195.49999999999997,65.30181779080408,-0.0675435145521221,-0.08402382937012745,0.2940581584676086,-0.035615858801499284,0.0,199,19.597989949748744,79.39698492462311,60.30150753768844,57.286432160804026
404,858270,charlotte,entire_place,7.599999999999999,63.49554762854696,-0.0675435145521221,0.11773278065431343,0.036665902755009944,-0.0076013351841489754,0.0,199,55.778894472361806,26.13065326633166,66.83417085427136,52.76381909547738
405,1024811,charlotte,entire_place,147.80000000000007,75.39959237509395,-0.0675435145521221,0.2649913801993307,0.30495104260709077,-0.25376390623187456,0.0,199,89.9497487437186,94.9748743718593,17.33668341708543,70.85427135678391
406,1369509,charlotte,entire_place,63.400000000000006,27.52131365004635,-0.0675435145521221,-0.14473975868501593,-0.4657909392000504,-0.05861649114795092,0.0,199,12.060301507537687,14.07035175879397,53.768844221105525,6.030150753768844
407,1502803,charlotte,entire_place,79.60000000000002,73.81085404166383,-0.0675435145521221,0.16819511772369636,0.28755974631971604,-0.16059072626034696,0.0,199,65.82914572864321,71.35678391959799,40.20100502512563,68.84422110552764
408,2012313,charlotte,entire_place,42.99999999999999,47.07058185410661,-0.0675435145521221,-0.19599074292431048,-0.047851484357919735,0.09671376924411604,0.0,199,4.0201005025125625,24.120603015075375,77.88944723618091,22.613065326633166
409,3493118,charlotte,entire_place,194.40000000000006,72.44411748360541,-0.0675435145521221,0.2848926839363601,0.19245360937870193,-0.20062032680039582,0.0,199,92.96482412060301,39.698492462311556,35.678391959798994,66.33165829145729
410,4058041,charlotte,entire_place,166.2,50.27390997834438,-0.0675435145521221,-0.04168738225360155,-0.20787303358663328,0.1669436170482453,0.0,199,27.63819095477387,21.105527638190953,86.93467336683418,28.14070351758794
411,4106050,charlotte,entire_place,90.20000000000002,70.04426228880553,-0.0675435145521221,0.21788608530400905,0.19245360937870193,-0.1668354435430325,0.0,199,73.86934673366834,39.698492462311556,38.69346733668342,61.80904522613066
412,4402895,charlotte,entire_place,86.90000000000003,83.09349295694261,-0.0675435145521221,0.20642043085793194,0.2991296708293341,-0.09341975456890894,0.0,199,71.85929648241206,85.92964824120602,48.743718592964825,79.39698492462311
413,4452470,charlotte,entire_place,16.100000000000005,15.18056353445433,-0.0675435145521221,-0.288906676493142,-0.6511656796959058,-0.295915747890002,0.0,199,1.256281407035176,9.045226130653267,0.5025125628140703,0.5025125628140703
414,6749964,charlotte,private_room,21.700000000000003,49.28386946065166,-0.0675435145521221,0.06220911414888075,0.215007344712055,-0.37933096403233685,0.0,7,71.42857142857143,100.0,71.42857142857143,100.0
415,6767281,charlotte,entire_place,39.900000000000006,23.993210710885045,-0.0675435145521221,-0.16332912851939224,-0.3810427168938393,-0.25682278234456585,0.0,199,7.537688442211055,15.07537688442211,14.321608040201006,2.512562814070352
416,7142723,charlotte,entire_place,118.50000000000003,110.2451547282939,-0.0675435145521221,0.36753774757884483,0.19808708152755963,0.12631269380822094,0.0,199,99.49748743718592,50.25125628140703,83.41708542713567,94.9748743718593
417,7816426,charlotte,private_room,58.699999999999996,27.210271503266746,-0.0675435145521221,-0.2396391239434894,0.009087240930903656,-0.4495608118364661,0.0,7,28.57142857142857,57.14285714285714,28.57142857142857,57.14285714285714
418,8562064,charlotte,entire_place,12.099999999999998,29.669185261542605,-0.0675435145521221,-0.0973863810333654,-0.5645172678168011,0.06536321777338527,0.0,199,18.592964824120603,12.060301507537687,73.86934673366834,10.050251256281408
419,8698538,charlotte,entire_place,117.00000000000004,94.71046684213087,-0.0675435145521221,0.18678448755807267,0.2795396807920976,0.07520465134008614,0.0,199,68.34170854271356,69.84924623115577,74.87437185929649,89.44723618090453
420,9320861,charlotte,entire_place,51.800000000000004,31.491603866824804,-0.0675435145521221,0.09678490345180114,-0.6618088039299959,0.02620676969929756,0.0,199,52.76381909547738,4.522613065326634,70.85427135678391,11.055276381909549
421,10596154,charlotte,entire_place,10.2,17.936300773526018,-0.0675435145521221,-0.09525867874071697,-0.7062778136224335,-0.27718159604194537,0.0,199,19.09547738693467,2.0100502512562812,3.7688442211055273,1.0050251256281406
422,10831994,charlotte,private_room,39.099999999999994,33.28316254491834,-0.0675435145521221,0.10281021233209357,-0.1636731414285793,-0.42428156933895145,0.0,7,85.71428571428571,42.857142857142854,57.14285714285714,71.42857142857143
423,10974319,charlotte,entire_place,106.69999999999999,53.77660312472906,-0.0675435145521221,-0.14970121641898415,0.3947353275811324,-0.26156980283523146,0.0,199,10.552763819095476,97.48743718592965,11.055276381909549,36.18090452261307
424,11168918,charlotte,entire_place,41.8,77.69131497079687,-0.0675435145521221,0.07558894349295997,0.18607085751366795,0.08407414799535871,0.0,199,50.753768844221106,36.18090452261307,76.13065326633166,74.87437185929649
425,11636463,charlotte,entire_place,24.700000000000003,24.536307343577185,-0.0675435145521221,0.06037389351348622,-0.6658812766701531,-0.17419020412980013,0.0,199,47.23618090452261,3.5175879396984926,37.68844221105528,4.0201005025125625
426,12046579,charlotte,entire_place,25.5,42.32159541931706,-0.0675435145521221,-0.16691697576894104,0.17259216408973518,-0.25682278234456585,0.0,199,6.532663316582915,34.17085427135678,14.321608040201006,17.08542713567839
427,12087093,charlotte,entire_place,232.50000000000003,120.38707980298545,-0.0675435145521221,0.26630331410198377,0.19827440145660372,0.31460788655988536,0.0,199,90.45226130653266,51.256281407035175,94.47236180904522,97.48743718592965
428,12269378,charlotte,entire_place,58.400000000000006,68.23724826284432,-0.0675435145521221,-0.041339427795191265,0.2994424504109291,-0.040362879292164935,0.0,199,28.643216080402013,86.93467336683418,57.78894472361809,59.798994974874375
429,13637704,charlotte,entire_place,258.4,92.62395928755313,-0.0675435145521221,0.25236200290484795,-0.6504308539571203,0.9175563328949387,0.0,199,86.4321608040201,10.050251256281408,100.0,86.93467336683418
430,13669259,charlotte,entire_place,105.69999999999999,93.74030789236929,-0.0675435145521221,0.2456479185567254,0.2993886504045637,-0.013695865783448329,0.0,199,83.91959798994975,86.4321608040201,66.33165829145729,88.44221105527639
431,13884570,charlotte,entire_place,79.29999999999998,53.59384941117527,-0.0675435145521221,0.06877498744275597,0.16979484083057494,-0.2584474441938887,0.0,199,49.246231155778894,33.66834170854271,13.06532663316583,35.175879396984925
432,13970956,charlotte,entire_place,96.89999999999998,62.117909528142725,-0.0675435145521221,0.06173022631706435,0.19746268176407944,-0.13398719528028186,0.0,199,47.73869346733669,44.472361809045225,43.46733668341709,50.753768844221106
433,14123099,charlotte,entire_place,60.60000000000002,32.054733163662945,-0.0675435145521221,0.23149671972357583,-0.5879200139515208,-0.16521078169370962,0.0,199,79.89949748743719,11.557788944723619,39.44723618090452,12.562814070351758
434,14473575,charlotte,entire_place,385.59999999999997,223.46863123432323,-0.0675435145521221,0.31361849663331914,0.20484447325068175,0.8754741561150607,0.0,199,94.9748743718593,60.80402010050251,98.99497487437185,100.0
435,14501050,charlotte,entire_place,10.7,72.55790515430992,-0.0675435145521221,0.08132177071599854,0.15759129688763915,0.03936100949329568,0.0,199,51.256281407035175,31.65829145728643,71.85929648241206,66.83417085427136
436,14532299,charlotte,entire_place,65.9,97.05006087001942,-0.0675435145521221,0.2859565350826843,0.2939332785149125,-0.01421048432868912,0.0,199,93.46733668341709,76.63316582914574,65.32663316582915,90.95477386934674
437,14786218,charlotte,entire_place,118.89999999999996,79.63957577549994,-0.0675435145521221,0.0993705761367921,0.1985241613619958,0.07229596191078105,0.0,199,53.266331658291456,52.51256281407035,74.37185929648241,77.38693467336684
438,14798691,charlotte,entire_place,159.49999999999997,63.53315900031929,-0.0675435145521221,-0.024895037934304677,0.1985241613619958,-0.026248782877470938,0.0,199,33.165829145728644,52.51256281407035,62.311557788944725,53.768844221105525
439,14809517,charlotte,entire_place,19.200000000000003,23.86040355175048,-0.0675435145521221,0.04782711024024365,-0.678771660352917,-0.1755779751410021,0.0,199,44.221105527638194,2.512562814070352,37.185929648241206,2.0100502512562812
440,15221991,charlotte,entire_place,5.700000000000001,42.34380907313592,-0.0675435145521221,0.11642084675166037,-0.11647774545617497,-0.2505780650618803,0.0,199,55.27638190954774,22.613065326633166,19.597989949748744,17.587939698492463
441,15563888,charlotte,entire_place,76.69999999999997,78.5580196339672,-0.0675435145521221,0.19464501707375967,0.1899161456713006,-0.02787344472679382,0.0,199,70.35175879396985,37.185929648241206,61.80904522613066,76.38190954773869
442,15791330,charlotte,entire_place,17.7,54.177273662394846,-0.0675435145521221,-0.13448616643951042,0.19214140949696182,-0.06690292774357855,0.0,199,13.06532663316583,37.68844221105528,51.75879396984925,36.68341708542713
443,16221369,charlotte,entire_place,38.29999999999999,52.74492414694969,-0.0675435145521221,0.055164353023189165,0.16304993710272245,-0.25376390623187456,0.0,199,45.7286432160804,32.1608040201005,17.33668341708543,33.165829145728644
444,16589306,charlotte,entire_place,39.199999999999996,45.35327311258815,-0.0675435145521221,-0.1938457629508208,0.279714525044641,-0.2693756994385884,0.0,199,4.522613065326634,70.35175879396985,8.793969849246231,20.603015075376884
445,16705630,charlotte,entire_place,40.9,45.50265086960147,-0.0675435145521221,0.10778894774690309,-0.035939228626678324,-0.25213924438255164,0.0,199,54.773869346733676,24.623115577889447,19.09547738693467,21.105527638190953
446,16750562,charlotte,entire_place,72.60000000000002,53.54286937556806,-0.0675435145521221,-0.04761281943181255,0.302421378487277,-0.27562041672127396,0.0,199,26.13065326633166,94.47236180904522,4.522613065326634,34.67336683417086
447,17078548,charlotte,entire_place,7.2,28.70077490198501,-0.0675435145521221,-0.06933206612339518,-0.6716021647858981,0.11230852317434488,0.0,199,22.613065326633166,3.015075376884422,80.40201005025126,9.045226130653267
448,17408007,charlotte,entire_place,55.200000000000024,54.27271834615775,-0.0675435145521221,0.02487852366724818,0.17449034553009946,-0.2068882657091646,0.0,199,39.19597989949749,34.67336683417086,32.663316582914575,37.185929648241206
449,17434491,charlotte,entire_place,5.4,55.74509482380091,-0.0675435145521221,0.1548769649613835,0.07693968749948304,-0.21304627883711547,0.0,199,63.31658291457286,28.643216080402013,32.1608040201005,43.71859296482412
450,17497504,charlotte,entire_place,128.09999999999997,62.120575068969686,-0.0675435145521221,0.12582047548685538,0.21403492571300436,-0.2146074581577868,0.0,199,57.286432160804026,64.82412060301507,31.65829145728643,51.256281407035175
451,17537945,charlotte,entire_place,80.7,90.8045989530599,-0.0675435145521221,0.32495321770599017,0.2088550857143458,-0.03394475370000995,0.0,199,96.98492462311557,63.81909547738693,60.80402010050251,85.92964824120602
452,17676454,charlotte,entire_place,116.9,63.49634782961832,-0.0675435145521221,-0.12875333921647186,0.29394249818475,-0.018379403745462493,0.0,199,13.5678391959799,77.88944723618091,64.57286432160804,53.266331658291456
453,17685125,charlotte,entire_place,75.69999999999997,59.98207592844778,-0.0675435145521221,0.13188397948746294,0.21422224564204845,-0.2553250855525459,0.0,199,58.291457286432156,65.32663316582915,15.577889447236181,47.23618090452261
454,18050287,charlotte,private_room,43.199999999999996,22.006444279699203,-0.0675435145521221,0.17263328872492315,-0.8232791336546625,-0.23337863649118512,0.0,7,100.0,14.285714285714285,100.0,28.57142857142857
455,18439088,charlotte,entire_place,75.1,40.10368824371691,-0.0675435145521221,-0.29624391927608756,0.20883853339858277,-0.2162956025357612,0.0,199,0.5025125628140703,62.8140703517588,31.155778894472363,14.572864321608039
456,18962353,charlotte,entire_place,35.7,43.91596369602625,-0.0675435145521221,0.10203884284302328,-0.3715660832593738,0.05452166668342027,0.0,199,54.2713567839196,15.577889447236181,73.36683417085426,19.09547738693467
457,19121020,charlotte,entire_place,64.29999999999998,55.056185040482305,-0.0675435145521221,-0.12218746592259667,0.26273030907983175,-0.13398719528028186,0.0,199,15.07537688442211,66.83417085427136,43.46733668341709,40.20100502512563
458,19455055,charlotte,entire_place,54.59999999999998,108.82771318243273,-0.0675435145521221,0.23962260967643295,0.19370240890566232,0.24578903139304126,0.0,199,81.4070351758794,41.70854271356784,91.95979899497488,93.96984924623115
459,19471307,charlotte,entire_place,71.69999999999997,48.16657123432992,-0.0675435145521221,-0.16958524247517226,0.2987642506410835,-0.25376390623187456,0.0,199,6.030150753768844,82.41206030150754,17.33668341708543,24.120603015075375
460,19490095,charlotte,entire_place,44.60000000000001,40.41002940739179,-0.0675435145521221,-0.25379032277663893,0.20184793408583163,-0.24433334777919474,0.0,199,2.512562814070352,53.768844221105525,21.105527638190953,15.07537688442211
461,19940995,charlotte,entire_place,75.8,89.97500788172513,-0.0675435145521221,0.07223190131889873,0.25332183359213345,0.1652322510441877,0.0,199,50.25125628140703,66.33165829145729,85.92964824120602,84.92462311557789
462,19943518,charlotte,entire_place,91.90000000000003,63.88704815040167,-0.0675435145521221,-0.16064358413231977,0.2933805383976178,0.020112239099998215,0.0,199,8.291457286432161,75.37688442211056,69.34673366834171,54.2713567839196
463,20036662,charlotte,entire_place,71.99999999999999,66.54740459605935,-0.0675435145521221,0.18395073211675286,0.2925063787287455,-0.2834263133246309,0.0,199,67.8391959798995,72.8643216080402,1.256281407035176,58.291457286432156
464,20350514,charlotte,entire_place,91.09999999999998,47.37468281780711,-0.0675435145521221,-0.0742935238573634,0.20284697370739996,-0.2693756994385884,0.0,199,22.110552763819097,56.03015075376885,8.793969849246231,23.115577889447238
465,20517670,charlotte,entire_place,87.10000000000002,75.52167272246204,-0.0675435145521221,-0.009972469612084804,0.19839928140929974,0.129348348294829,0.0,199,35.175879396984925,51.75879396984925,83.91959798994975,71.35678391959799
466,20724787,charlotte,entire_place,48.499999999999986,72.35128358006145,-0.0675435145521221,0.22470004135421306,0.29984148655970155,-0.24908036826986035,0.0,199,76.88442211055276,88.94472361809045,20.100502512562816,65.82914572864321
467,20725237,charlotte,entire_place,31.399999999999995,71.91371353877717,-0.0675435145521221,0.204816015298025,0.2996916306164663,-0.23502975438381785,0.0,199,71.35678391959799,87.93969849246231,23.115577889447238,64.321608040201
468,20725279,charlotte,entire_place,8.000000000000002,24.14879000937178,-0.0675435145521221,0.08603514569363793,-0.6554884920413099,-0.22553571340248657,0.0,199,52.26130653266332,7.035175879396985,26.633165829145728,3.015075376884422
469,20725329,charlotte,entire_place,66.29999999999998,76.00693705673135,-0.0675435145521221,0.2451073541431426,0.29984148655970155,-0.22085217544047236,0.0,199,83.41708542713567,88.94472361809045,29.145728643216078,72.36180904522614
470,20725349,charlotte,entire_place,90.40000000000003,72.26040260253433,-0.0675435145521221,0.2786020146188975,0.19773741766001074,-0.2021180235924157,0.0,199,91.95979899497488,47.48743718592965,34.67336683417086,65.32663316582915
471,20725387,charlotte,entire_place,130.79999999999998,99.55545739824342,-0.0675435145521221,0.2461884829703081,0.2944327983256967,0.0502892647379954,0.0,199,84.42211055276381,80.65326633165829,72.8643216080402,91.95979899497488
472,20725405,charlotte,entire_place,44.5,83.74421838218436,-0.0675435145521221,0.2383106757737799,0.2654537178888838,-0.08392571358757761,0.0,199,80.90452261306532,67.58793969849246,49.74874371859296,79.89949748743719
473,20725450,charlotte,entire_place,56.900000000000006,76.56931207458175,-0.0675435145521221,0.10018634452678747,0.2713993899194816,-0.04021269260877872,0.0,199,53.768844221105525,68.84422110552764,58.291457286432156,72.8643216080402
474,20725482,charlotte,entire_place,166.00000000000006,94.57152308767532,-0.0675435145521221,0.2718053362495348,0.2944327983256967,-0.02616207872273622,0.0,199,91.4572864321608,80.65326633165829,62.8140703517588,88.94472361809045
475,20725519,charlotte,entire_place,53.099999999999994,76.81977271428512,-0.0675435145521221,0.258194701829968,0.19789976159851558,-0.12149776071491072,0.0,199,87.93969849246231,48.743718592964825,45.22613065326633,73.36683417085426
476,20725544,charlotte,entire_place,68.89999999999998,74.15307451149181,-0.0675435145521221,0.22470004135421306,0.19808708152755963,-0.1230589400355821,0.0,199,76.88442211055276,50.25125628140703,44.472361809045225,69.34673366834171
477,20725559,charlotte,entire_place,100.9,84.1224313835359,-0.0675435145521221,0.24458406741040117,0.19808708152755963,-0.018379403745462493,0.0,199,82.91457286432161,50.25125628140703,64.57286432160804,80.90452261306532
478,20725585,charlotte,entire_place,141.09999999999997,64.95087074497835,-0.0675435145521221,0.19066481646487543,0.19773741766001074,-0.21929099611980102,0.0,199,69.34673366834171,47.48743718592965,30.15075376884422,56.78391959798995
479,20725610,charlotte,entire_place,82.90000000000003,64.25345005322994,-0.0675435145521221,0.21054884252106354,0.18608334550893754,-0.23815211302516065,0.0,199,73.11557788944724,36.68341708542713,21.85929648241206,55.778894472361806
480,20725635,charlotte,entire_place,83.79999999999998,67.43894984781221,-0.0675435145521221,0.21054884252106354,0.19771244166947152,-0.2021180235924157,0.0,199,73.11557788944724,46.482412060301506,34.67336683417086,59.2964824120603
481,20725655,charlotte,entire_place,73.60000000000002,67.41080634602275,-0.0675435145521221,0.23043286857725165,0.19771244166947152,-0.22241335476114377,0.0,199,79.14572864321609,46.482412060301506,27.889447236180903,58.79396984924623
482,20725683,charlotte,entire_place,103.99999999999997,88.25260125943342,-0.0675435145521221,0.22415947694063032,0.3001911504272505,-0.05267890554806662,0.0,199,75.62814070351759,91.4572864321608,54.773869346733676,83.91959798994975
483,20725751,charlotte,entire_place,89.09999999999997,87.79902968115688,-0.0675435145521221,0.24404350299681843,0.3001911504272505,-0.07765777467880884,0.0,199,82.1608040201005,91.4572864321608,50.25125628140703,83.41708542713567
484,20725765,charlotte,entire_place,134.39999999999998,92.96694207181336,-0.0675435145521221,0.22415947694063032,0.3001911504272505,-0.0012064312180772169,0.0,199,75.62814070351759,91.4572864321608,67.33668341708542,87.43718592964824
485,20725808,charlotte,entire_place,57.100000000000016,71.36683976276298,-0.0675435145521221,0.24404350299681843,0.06902355919600438,-0.05111772622739522,0.0,199,82.1608040201005,28.14070351758794,55.778894472361806,63.81909547738693
486,20725832,charlotte,entire_place,123.09999999999997,99.40892933402019,-0.0675435145521221,0.26392752905300654,0.3001911504272505,0.025333617233336398,0.0,199,89.19597989949749,91.4572864321608,70.35175879396985,91.4572864321608
487,20726057,charlotte,entire_place,96.39999999999998,93.31846700869897,-0.0675435145521221,0.26392752905300654,0.3001911504272505,-0.03724052065082216,0.0,199,89.19597989949749,91.4572864321608,58.79396984924623,87.93969849246231
488,20726119,charlotte,entire_place,31.699999999999996,84.00210360416088,-0.0675435145521221,0.23043286857725165,0.29989143854078,-0.10744714682886822,0.0,199,79.14572864321609,89.9497487437186,47.23618090452261,80.40201005025126
489,20729324,charlotte,entire_place,55.800000000000004,48.5073047547266,-0.0675435145521221,-0.060142325024213864,0.20247233384931182,-0.2600086235145601,0.0,199,25.125628140703515,54.52261306532663,11.557788944723619,25.125628140703515
490,20848299,charlotte,entire_place,71.69999999999997,56.907051879184046,-0.0675435145521221,-0.12272803033617942,0.3951099674392205,-0.23334161000584352,0.0,199,14.572864321608039,97.98994974874373,24.120603015075375,44.221105527638194
491,20851164,charlotte,entire_place,107.09999999999997,100.21096092630931,-0.0675435145521221,0.14958483044984622,0.19245360937870193,0.2553697765291073,0.0,199,61.80904522613066,39.698492462311556,92.46231155778895,92.46231155778895
492,20927161,charlotte,entire_place,76.2,72.10426257734859,-0.0675435145521221,0.030859433646615586,0.2987642506410835,-0.05753585181955022,0.0,199,40.7035175879397,82.41206030150754,54.2713567839196,64.82412060301507
493,20946510,charlotte,entire_place,100.79999999999995,63.28506950365088,-0.0675435145521221,0.08161425237325244,0.19746268176407944,-0.13554837460095323,0.0,199,51.75879396984925,44.472361809045225,42.462311557788944,52.26130653266332
494,20965706,charlotte,entire_place,40.10000000000001,85.16703537136638,-0.0675435145521221,0.04238676467445902,0.29907645052282356,0.09502562486614166,0.0,199,43.21608040201005,85.42713567839196,77.38693467336684,81.4070351758794
495,21162078,charlotte,entire_place,24.6,28.241457480257395,-0.0675435145521221,-0.13502673085309314,-0.24923949327478745,-0.2599451409859086,0.0,199,12.562814070351758,18.592964824120603,12.060301507537687,8.040201005025125
496,21355092,charlotte,entire_place,49.199999999999996,54.80294569884963,-0.0675435145521221,0.3827527975583186,-0.9317639332633403,0.551038949821728,0.0,199,100.0,1.0050251256281406,97.98994974874373,39.19597989949749
497,21420273,charlotte,entire_place,92.69999999999996,90.53026791842002,-0.0675435145521221,0.17344905711491854,0.29394249818475,0.02947931502402655,0.0,199,66.83417085427136,77.88944723618091,71.35678391959799,85.42713567839196
498,21695311,charlotte,entire_place,49.29999999999999,52.025396119604245,-0.0675435145521221,0.2286802419630973,-0.14215974068745768,-0.13554837460095323,0.0,199,78.39195979899498,21.608040201005025,42.462311557788944,32.1608040201005
499,21736575,charlotte,entire_place,7.800000000000002,45.25248702687879,-0.0675435145521221,0.16821239540453764,-0.5581345159517671,0.20423851243488922,0.0,199,66.33165829145729,12.562814070351758,90.45226130653266,20.100502512562816
500,21784359,charlotte,entire_place,51.300000000000004,28.640242480466142,-0.0675435145521221,-0.04998860448078984,-0.8875427309366979,0.30686547248517987,0.0,199,25.628140703517587,1.507537688442211,93.96984924623115,8.542713567839195
501,21827500,charlotte,entire_place,13.799999999999997,27.76721046079965,-0.0675435145521221,0.19854262366140374,-0.6554260520649619,-0.2036792029130871,0.0,199,70.85427135678391,7.537688442211055,33.66834170854271,7.035175879396985
502,21827516,charlotte,entire_place,76.2,73.73841041772972,-0.0675435145521221,0.22470004135421306,0.29984148655970155,-0.2303462164218037,0.0,199,76.88442211055276,88.94472361809045,25.628140703517587,68.34170854271356
503,22103869,charlotte,entire_place,10.5,44.04171536276485,-0.0675435145521221,-0.14994929917531305,0.1681089614691784,-0.23036943804788693,0.0,199,9.547738693467336,32.663316582914575,25.125628140703515,19.597989949748744
504,22166407,charlotte,entire_place,251.30000000000007,181.27092010689915,-0.0675435145521221,0.0711680501725745,0.20058468058148046,0.9139425773344382,0.0,199,49.74874371859296,53.266331658291456,99.49748743718592,99.49748743718592
505,22402128,charlotte,entire_place,73.69999999999999,54.83449088527155,-0.0675435145521221,-0.012844420173719756,0.2878719462014561,-0.2724345755512797,0.0,199,34.67336683417086,71.85929648241206,7.035175879396985,39.698492462311556
506,22402309,charlotte,entire_place,57.299999999999976,37.694583649368994,-0.0675435145521221,-0.08187884939663775,-0.36304518621909826,0.08082482429671295,0.0,199,20.100502512562816,16.08040201005025,75.37688442211056,13.5678391959799
507,22477236,charlotte,entire_place,91.30000000000003,53.44071904255567,-0.0675435145521221,0.05234787526271063,0.1974002417877314,-0.2724345755512797,0.0,199,44.72361809045226,43.71859296482412,7.035175879396985,34.17085427135678
508,22665620,charlotte,entire_place,62.699999999999974,50.369547304561415,-0.0675435145521221,-0.047072255018229814,0.2028463940075451,-0.2365274511758378,0.0,199,26.633165829145728,55.27638190954774,22.613065326633166,28.643216080402013
509,22861606,charlotte,entire_place,86.39999999999998,65.36481914263159,-0.0675435145521221,0.25215211526883424,0.19727536183503538,-0.2740592374006026,0.0,199,85.92964824120602,43.21608040201005,5.276381909547738,57.78894472361809
510,23122751,charlotte,entire_place,14.100000000000003,27.922221849440234,-0.0675435145521221,0.321303693874675,-1.1620601593941433,0.18556784311548408,0.0,199,96.4824120603015,0.5025125628140703,88.44221105527639,7.537688442211055
511,23198966,charlotte,entire_place,103.3,71.18364477747022,-0.0675435145521221,0.14072576612823398,0.0049523282143984215,0.11373655508811512,0.0,199,60.30150753768844,25.628140703517587,80.90452261306532,62.311557788944725
512,23593369,charlotte,entire_place,86.29999999999995,102.19088685722095,-0.0675435145521221,0.2971913844532738,0.19802464155121163,0.12156567331755527,0.0,199,93.96984924623115,49.246231155778894,82.41206030150754,92.96482412060301
513,23595006,charlotte,entire_place,92.20000000000005,18.754615129370748,-0.0675435145521221,-0.11299772482341537,-0.6509159197905137,-0.2724980580799312,0.0,199,16.582914572864322,9.547738693467336,6.030150753768844,1.507537688442211
514,23770578,charlotte,entire_place,5.6,64.09469469094905,-0.0675435145521221,0.15094116325342433,-0.12482958801995073,0.12993263171831945,0.0,199,62.311557788944725,22.110552763819097,84.42211055276381,54.773869346733676
515,23786104,charlotte,entire_place,102.49999999999996,112.79617196573007,-0.0675435145521221,0.3047594323117069,0.3960465670844408,0.01380403928866116,0.0,199,94.47236180904522,98.49246231155779,68.34170854271356,95.97989949748744
516,23883019,charlotte,entire_place,44.89999999999999,64.16624116777706,-0.0675435145521221,0.0630421602197174,0.19220384947330985,-0.09810329253092312,0.0,199,48.24120603015075,38.19095477386934,48.24120603015075,55.27638190954774
517,23906969,charlotte,entire_place,132.10000000000002,102.72475977754483,-0.0675435145521221,0.3170754105094619,0.20359625342357618,0.10127034214882721,0.0,199,95.97989949748744,59.2964824120603,78.39195979899498,93.46733668341709
518,23941753,charlotte,private_room,5.1,15.482613030255905,-0.0675435145521221,-0.14450895360952837,-0.6965377488005432,-0.3764460721955457,0.0,7,42.857142857142854,28.57142857142857,85.71428571428571,14.285714285714285
519,23973937,charlotte,entire_place,75.90000000000002,75.9139493336412,-0.0675435145521221,0.018312650373373,0.1518329447860854,0.1527428164788166,0.0,199,38.19095477386934,31.155778894472363,85.42713567839196,71.85929648241206
520,24679994,charlotte,entire_place,24.6,55.67904126232157,-0.0675435145521221,0.24695985245937846,-0.08756110499571006,-0.14179309188363878,0.0,199,84.92462311557789,23.115577889447238,41.45728643216081,43.21608040201005
521,24754446,charlotte,entire_place,70.40000000000003,82.85488633161218,-0.0675435145521221,0.16169092101158755,0.29888913059377953,-0.051291134536864666,0.0,199,64.82412060301507,83.66834170854271,55.27638190954774,78.89447236180904
522,24810258,charlotte,entire_place,18.900000000000002,53.73267133545256,-0.0675435145521221,0.13524102166152424,0.12148018486961601,-0.2740592374006026,0.0,199,58.79396984924623,30.15075376884422,5.276381909547738,35.678391959798994
523,24831464,charlotte,entire_place,39.70000000000001,55.15014928158093,-0.0675435145521221,-0.16064358413231977,0.3897262551957549,-0.22085217544047236,0.0,199,8.291457286432161,96.4824120603015,29.145728643216078,41.70854271356784
524,25202068,charlotte,entire_place,88.30000000000003,24.486326959248956,-0.0675435145521221,0.054392983534118845,-0.6557882039277805,-0.18026151310301627,0.0,199,45.22613065326633,5.527638190954774,36.68341708542713,3.5175879396984926
525,25259369,charlotte,entire_place,99.09999999999997,72.88464903675886,-0.0675435145521221,0.21865745479307938,0.29895157057012756,-0.23490278932651487,0.0,199,74.37185929648241,84.67336683417085,23.618090452261306,67.33668341708542
526,25446261,charlotte,entire_place,71.49999999999997,27.656314217308005,-0.0675435145521221,0.04078234911455206,-0.6556508359798148,-0.04955654690672384,0.0,199,42.211055276381906,6.281407035175879,56.28140703517588,6.532663316582915
527,25796123,charlotte,entire_place,61.4,69.96591056846418,-0.0675435145521221,0.16742374823462608,0.29895157057012756,-0.22397453408181517,0.0,199,65.32663316582915,84.67336683417085,27.1356783919598,61.30653266331658
528,25935766,charlotte,entire_place,89.40000000000003,81.4322991152197,-0.0675435145521221,-0.030104578424601753,0.3007406222191131,0.12154245169147206,0.0,199,32.1608040201005,93.46733668341709,81.90954773869346,77.88944723618091
529,25981960,charlotte,other_specialty,84.59999999999997,72.3073729963021,-0.0675435145521221,0.20039512197763948,0.19746268176407944,-0.12299545750693064,0.0,1,100.0,100.0,100.0,100.0
530,25995678,charlotte,entire_place,69.00000000000003,40.583736960860016,-0.0675435145521221,-0.03768990396387609,-0.648668080641985,0.39426829281669445,0.0,199,29.64824120603015,10.552763819095476,95.97989949748744,16.08040201005025
531,26057559,charlotte,entire_place,83.29999999999998,117.29085725835225,-0.0675435145521221,0.3618049203558063,0.2995759703336077,0.09196674875345037,0.0,199,98.99497487437185,87.43718592964824,76.88442211055276,96.98492462311557
532,26236292,charlotte,entire_place,91.69999999999996,42.348718524073135,-0.0675435145521221,0.12217095165554019,-0.29971841748001443,-0.07297423671679468,0.0,199,56.78391959798995,17.08542713567839,51.256281407035175,18.090452261306535
533,26249989,charlotte,entire_place,108.70000000000005,27.445194015864292,-0.0675435145521221,0.020898323058363966,-0.6556508359798148,-0.03706711234135272,0.0,199,38.69346733668342,6.281407035175879,59.798994974874375,5.527638190954774
534,26425761,charlotte,entire_place,176.99999999999997,88.85436286498205,-0.0675435145521221,-0.10832874874670104,0.39635876696618094,0.19036130685831615,0.0,199,17.587939698492463,98.99497487437185,88.94472361809045,84.42211055276381
535,26600754,charlotte,entire_place,14.900000000000004,31.580912774049356,-0.0675435145521221,0.015396300910812975,-0.6544270124433935,0.10295848652680159,0.0,199,37.185929648241206,8.040201005025125,79.39698492462311,11.557788944723619
536,26843717,charlotte,entire_place,104.29999999999997,96.27154412185595,-0.0675435145521221,0.2587352662435507,0.19757507372150587,0.10139730720613022,0.0,199,88.44221105527639,45.22613065326633,78.89447236180904,89.9497487437186
537,26846030,charlotte,entire_place,72.10000000000002,68.36422369825723,-0.0675435145521221,0.2187191313748457,0.20297127396024114,-0.2021180235924157,0.0,199,74.87437185929649,56.78391959798995,34.67336683417086,60.30150753768844
538,26976316,charlotte,entire_place,94.40000000000002,71.22107342231678,-0.0675435145521221,0.1394311099064222,0.4008058795644263,-0.28030395468328817,0.0,199,59.798994974874375,100.0,2.763819095477387,62.8140703517588
539,27055159,charlotte,entire_place,71.3,55.63468691195448,-0.0675435145521221,0.0063064315137131705,0.2923814987760495,-0.2818651340039595,0.0,199,36.68341708542713,72.36180904522614,2.0100502512562812,42.71356783919598
540,27338626,charlotte,entire_place,95.09999999999998,57.09466076679158,-0.0675435145521221,-0.14940873476173028,0.06545766326277877,0.12622598965348622,0.0,199,11.055276381909549,27.63819095477387,82.91457286432161,45.22613065326633
541,27432872,charlotte,entire_place,55.00000000000002,56.9516047452138,-0.0675435145521221,0.2702009206896278,-0.34896178330671124,0.11857027973351549,0.0,199,90.95477386934674,16.582914572864322,81.4070351758794,44.72361809045226
542,27491336,charlotte,entire_place,82.50000000000003,85.63116822587578,-0.0675435145521221,-0.04425577725775128,0.3005657902853386,0.185550803838999,0.0,199,27.1356783919598,92.96482412060301,87.93969849246231,81.90954773869346
543,27807310,charlotte,entire_place,12.600000000000001,55.12459164664662,-0.0675435145521221,-0.1096406826493541,0.2654537178888838,-0.14803780916632434,0.0,199,17.08542713567839,67.58793969849246,40.7035175879397,41.20603015075377
544,28163346,charlotte,entire_place,98.20000000000002,90.95672301664135,-0.0675435145521221,0.05570491743677188,0.2043449534398976,0.24146934932645098,0.0,199,46.231155778894475,59.798994974874375,90.95477386934674,86.4321608040201
545,28277990,charlotte,entire_place,81.4,74.19008075504503,-0.0675435145521221,0.14808028659202074,0.2939332785149125,-0.14179309188363878,0.0,199,61.30653266331658,76.63316582914574,41.45728643216081,69.84924623115577
546,28540567,charlotte,entire_place,92.1,74.94951477611255,-0.0675435145521221,0.28045451293513335,0.1975875617167755,-0.16777207853764514,0.0,199,92.46231155778895,45.7286432160804,38.19095477386934,70.35175879396985
547,28724153,charlotte,entire_place,85.59999999999997,61.96008069696107,-0.0675435145521221,-0.0078274896385951,0.3889769754795786,-0.2584474441938887,0.0,199,35.678391959798994,95.47738693467338,13.06532663316583,49.74874371859296
548,28738827,charlotte,entire_place,125.20000000000005,55.354553013555716,-0.0675435145521221,-0.1497184940998254,0.19257848933139796,-0.030995803368136603,0.0,199,10.050251256281408,40.7035175879397,61.30653266331658,42.211055276381906
549,28911938,charlotte,entire_place,138.29999999999998,60.08862651908508,-0.0675435145521221,-0.12193938316626785,0.20333342582305966,0.01113281666390768,0.0,199,15.829145728643216,57.78894472361809,67.8391959798995,47.73869346733669
550,29057100,charlotte,entire_place,45.2,54.28009416605275,-0.0675435145521221,-0.14863736527265994,0.2034707937710253,-0.06221938978156438,0.0,199,11.557788944723619,58.5427135678392,52.76381909547738,37.68844221105528
551,29607799,charlotte,entire_place,41.0,61.584885830237155,-0.0675435145521221,0.17423770428483012,0.19781234563162836,-0.2553250855525459,0.0,199,67.33668341708542,48.24120603015075,15.577889447236181,49.246231155778894
552,30148592,charlotte,entire_place,124.50000000000006,51.12725995589035,-0.0675435145521221,-0.03506603615856997,0.22428031317897257,-0.2553250855525459,0.0,199,31.4070351758794,65.82914572864321,15.577889447236181,30.15075376884422
553,30174798,charlotte,entire_place,69.40000000000003,69.67483416220826,-0.0675435145521221,0.1873077742908142,0.16935834069599365,-0.11837540207356795,0.0,199,68.84422110552764,33.165829145728644,45.7286432160804,60.80402010050251
554,30289593,charlotte,private_room,11.0,39.817530217087075,-0.0675435145521221,-0.05159302004069679,0.18392154836379868,-0.44301572118700816,0.0,7,57.14285714285714,85.71428571428571,42.857142857142854,85.71428571428571
555,30293819,charlotte,entire_place,100.2,58.74754473097103,-0.0675435145521221,0.03819667642956108,0.2702846900150547,-0.23815211302516065,0.0,199,41.70854271356784,68.34170854271356,21.85929648241206,46.733668341708544
556,30404728,charlotte,entire_place,121.90000000000003,85.63181120002292,-0.0675435145521221,0.3560720931327678,0.2088550857143458,-0.1230589400355821,0.0,199,97.98994974874373,63.81909547738693,44.472361809045225,82.41206030150754
557,30416859,charlotte,entire_place,25.000000000000004,29.06592991788351,-0.0675435145521221,0.0601258107571574,-0.41340103851996957,-0.26313098215590286,0.0,199,46.733668341708544,14.572864321608039,10.552763819095476,9.547738693467336
558,30962218,charlotte,entire_place,104.59999999999998,46.997168694326916,-0.0675435145521221,-0.08056691549398469,0.20284697370739996,-0.2709368787592598,0.0,199,20.603015075376884,56.03015075376885,8.040201005025125,22.110552763819097
559,31036661,charlotte,entire_place,97.59999999999997,82.25357129522197,-0.0675435145521221,0.35844787818174506,0.2088550857143458,-0.16521078169370962,0.0,199,98.49246231155779,63.81909547738693,39.44723618090452,78.39195979899498
560,31104826,charlotte,entire_place,26.299999999999994,50.58262180086493,-0.0675435145521221,-0.1501801042508006,0.2927936026199464,-0.2192275135911495,0.0,199,9.045226130653267,73.36683417085426,30.65326633165829,29.145728643216078
561,31236794,charlotte,entire_place,70.0,63.22561764249509,-0.0675435145521221,-0.041339427795191265,0.20247233384931182,-0.018529590428848705,0.0,199,28.643216080402013,54.52261306532663,63.81909547738693,51.75879396984925
562,31290170,charlotte,entire_place,61.00000000000001,51.91768218767833,-0.0675435145521221,-0.062287304997703574,0.27591816216391246,-0.26469216147657426,0.0,199,24.623115577889447,69.34673366834171,9.798994974874372,31.65829145728643
563,31290402,charlotte,entire_place,68.20000000000002,53.34185200048957,-0.0675435145521221,-0.07589793941727035,0.2816765142654662,-0.23028273389315224,0.0,199,21.105527638190953,70.85427135678391,26.13065326633166,33.66834170854271
564,31325926,charlotte,entire_place,103.19999999999999,77.28028929507663,-0.0675435145521221,0.1564369816203654,0.2930683385158777,-0.10900832614953962,0.0,199,64.321608040201,74.37185929648241,46.733668341708544,73.86934673366834
565,31470003,charlotte,entire_place,123.89999999999996,71.34129790524884,-0.0675435145521221,0.1284270656113202,0.19226628944965785,-0.059097031140221606,0.0,199,57.78894472361809,38.69346733668342,53.266331658291456,63.31658291457286
566,31550414,charlotte,entire_place,57.79999999999998,52.07129083214066,-0.0675435145521221,-0.06880877939065372,0.29782765099586317,-0.27718159604194537,0.0,199,23.115577889447238,81.4070351758794,3.7688442211055273,32.663316582914575
567,31637901,charlotte,entire_place,7.100000000000001,40.49214754565412,-0.0675435145521221,-0.17037388964508385,-0.2548937711125126,0.13097301014415189,0.0,199,5.527638190954774,17.587939698492463,84.92462311557789,15.577889447236181
568,31640882,charlotte,entire_place,4.3999999999999995,32.83075554746322,-0.0675435145521221,-0.21014194175746,-0.25110954810383457,-0.03717703812217067,0.0,199,3.5175879396984926,18.090452261306535,59.2964824120603,13.06532663316583
569,31833264,charlotte,entire_place,121.00000000000003,111.83813195017134,-0.0675435145521221,-0.06574421887384634,0.30162588360098863,0.4702738222355403,0.0,199,23.618090452261306,93.96984924623115,97.48743718592965,95.47738693467338
570,31853317,charlotte,entire_place,17.7,48.385735045657384,-0.0675435145521221,0.028466370916797025,-0.06452769658949496,-0.08407590027096383,0.0,199,40.20100502512563,23.618090452261306,49.246231155778894,24.623115577889447
571,31990562,charlotte,entire_place,92.60000000000002,49.70330125343217,-0.0675435145521221,-0.18321315457558035,0.20303371393658914,-0.11362838158290228,0.0,199,5.025125628140704,57.286432160804026,46.231155778894475,26.633165829145728
572,32016834,charlotte,entire_place,89.70000000000002,57.71880245480776,-0.0675435145521221,0.06329024297604625,-0.21305287358529185,0.20272377636638428,0.0,199,48.743718592964825,20.603015075376884,89.9497487437186,46.231155778894475
573,32047210,charlotte,entire_place,13.1,24.8632808122432,-0.0675435145521221,-0.288906676493142,-0.6449078077835678,0.16683987361702554,0.0,199,1.256281407035176,11.055276381909549,86.4321608040201,4.522613065326634
574,32081438,charlotte,entire_place,107.4,85.90284290726024,-0.0675435145521221,0.041846200260876265,0.29394249818475,0.10920320380948716,0.0,199,42.71356783919598,77.88944723618091,79.89949748743719,82.91457286432161
575,32118226,charlotte,entire_place,78.7,57.408651169303326,-0.0675435145521221,0.12138230448562862,0.18004677289081394,-0.25376390623187456,0.0,199,56.28140703517588,35.175879396984925,17.33668341708543,45.7286432160804
576,32214511,charlotte,entire_place,35.7,25.499982539145623,-0.0675435145521221,-0.16355993359487983,-0.6631689844878493,0.08407414799535871,0.0,199,7.035175879396985,4.0201005025125625,76.13065326633166,5.025125628140704
577,32220513,charlotte,entire_place,138.7,148.21055732929074,-0.0675435145521221,0.2571308506836438,0.39153701450984746,0.3368917354733602,0.0,199,87.43718592964824,96.98492462311557,94.9748743718593,98.49246231155779
578,32268080,charlotte,entire_place,52.199999999999996,61.500922968996164,-0.0675435145521221,0.13918302715009334,0.20804336602182152,-0.23184391321382358,0.0,199,59.2964824120603,61.80904522613066,24.623115577889447,48.743718592964825
579,32269098,charlotte,entire_place,70.6,39.20894217993825,-0.0675435145521221,-0.2548714516038044,0.11317043667043648,-0.1840084160704178,0.0,199,2.0100502512562812,29.145728643216078,36.18090452261307,14.07035175879397
580,32306381,charlotte,entire_place,69.5,61.97480894021446,-0.0675435145521221,-0.10259592152366248,0.2034707937710253,0.022061071908607413,0.0,199,18.090452261306535,58.5427135678392,69.84924623115577,50.25125628140703
581,32405959,charlotte,entire_place,51.10000000000001,49.862197559631205,-0.0675435145521221,-0.06253538775403242,-0.014297436882993508,-0.01384605246683454,0.0,199,24.120603015075375,25.125628140703515,65.82914572864321,27.1356783919598
582,32555162,charlotte,entire_place,38.29999999999999,64.29945779581116,-0.0675435145521221,0.03713282528323686,0.1966509620715552,-0.07459889856611757,0.0,199,41.20603015075377,42.71356783919598,50.753768844221106,56.28140703517588
583,32864172,charlotte,private_room,4.8,26.632849932294846,-0.0675435145521221,-0.2862211321060696,0.047541296774440384,-0.46211372893048874,0.0,7,14.285714285714285,71.42857142857143,14.285714285714285,42.857142857142854
584,33074838,charlotte,entire_place,29.89999999999999,54.67850927436996,-0.0675435145521221,-0.03506603615856997,0.29330887875143236,-0.2584474441938887,0.0,199,31.4070351758794,74.87437185929649,13.06532663316583,38.69346733668342
585,33088119,charlotte,entire_place,13.000000000000004,73.0217071804326,-0.0675435145521221,-0.002342745171885415,0.38953893526671085,-0.10263664380955106,0.0,199,36.18090452261307,95.97989949748744,47.73869346733669,67.8391959798995
586,33271724,charlotte,entire_place,89.60000000000001,77.78011287630201,-0.0675435145521221,0.25483765965590666,0.29888913059377953,-0.20686504408308137,0.0,199,86.93467336683418,83.66834170854271,33.165829145728644,75.37688442211056
587,33428854,charlotte,entire_place,14.0,51.56896770263181,-0.0675435145521221,-0.22923732064373653,0.19633876218981508,-0.02477430771153427,0.0,199,3.015075376884422,42.211055276381906,63.31658291457286,30.65326633165829
588,33492650,charlotte,entire_place,82.00000000000003,48.9309894860457,-0.0675435145521221,-0.03744182120754726,0.20858877349319072,-0.28030395468328817,0.0,199,30.15075376884422,62.311557788944725,2.763819095477387,25.628140703517587
589,33718219,charlotte,entire_place,230.60000000000008,167.98588315698038,-0.0675435145521221,0.3560548154519265,0.19289068921313807,0.5610708309743834,0.0,199,97.48743718592965,41.20603015075377,98.49246231155779,98.99497487437185
590,33995515,charlotte,entire_place,71.20000000000003,31.78194057449049,-0.0675435145521221,-0.021455401739003177,-0.2437735094462018,-0.26469216147657426,0.0,199,33.66834170854271,19.597989949748744,9.798994974874372,12.060301507537687
591,34085360,charlotte,entire_place,85.50000000000003,78.90797849923108,-0.0675435145521221,0.02823556584130947,0.039749283487106976,0.2930920103398266,0.0,199,39.698492462311556,26.633165829145728,93.46733668341709,76.88442211055276
592,34169626,charlotte,entire_place,107.99999999999997,116.12236922048729,-0.0675435145521221,0.24827178636203145,0.20459471334528967,0.2905539351219743,0.0,199,85.42713567839196,60.30150753768844,92.96482412060301,96.4824120603015
593,34209934,charlotte,entire_place,142.59999999999997,128.22704515679519,-0.0675435145521221,0.23520171635604742,0.20521911310876986,0.40135122363747644,0.0,199,80.40201005025126,61.30653266331658,96.4824120603015,97.98994974874373
594,34229257,charlotte,entire_place,134.8,43.27586702067124,-0.0675435145521221,0.15512504771771232,-0.5576724601267917,0.1731883343309309,0.0,199,63.81909547738693,13.316582914572864,87.43718592964824,18.592964824120603
595,34314602,charlotte,entire_place,61.4,46.00586254118144,-0.0675435145521221,0.1438901983471228,-0.2480749652533208,-0.06534174842290717,0.0,199,60.80402010050251,19.09547738693467,52.26130653266332,21.608040201005025
596,34409241,charlotte,entire_place,68.29999999999998,96.94904966853882,-0.0675435145521221,0.3137183683354007,0.29283106660575525,-0.04190083698675311,0.0,199,95.47738693467338,73.86934673366834,57.286432160804026,90.45226130653266
597,34645776,charlotte,entire_place,73.60000000000002,50.6464253847012,-0.0675435145521221,-0.12193938316626785,0.2987642506410835,-0.25220272691120316,0.0,199,15.829145728643216,82.41206030150754,18.592964824120603,29.64824120603015
598,34808231,charlotte,entire_place,38.599999999999994,40.695637070492324,-0.0675435145521221,-0.02514312069063351,-0.22032285281432257,-0.04393637395009702,0.0,199,32.663316582914575,20.100502512562816,56.78391959798995,16.582914572864322
599,34814538,charlotte,entire_place,16.7,47.45244797584598,-0.0675435145521221,-0.03691853447480579,0.118554728613757,-0.22085217544047236,0.0,199,30.65326633165829,29.64824120603015,29.145728643216078,23.618090452261306
600,34969635,charlotte,entire_place,162.0,60.95538598992126,-0.0675435145521221,0.20719180034700227,-0.5576724601267917,0.457096360815459,0.0,199,72.36180904522614,13.316582914572864,96.98492462311557,48.24120603015075
601,35054429,charlotte,entire_place,241.2000000000001,109.40478230980477,-0.0675435145521221,0.04340621691985817,0.396483646918877,0.24446474291049078,0.0,199,43.71859296482412,99.49748743718592,91.4572864321608,94.47236180904522
602,35065270,charlotte,entire_place,63.400000000000006,49.10522687958915,-0.0675435145521221,-0.041339427795191265,0.18006274550672208,-0.2443968303078462,0.0,199,28.643216080402013,35.678391959798994,20.603015075376884,26.13065326633166
603,35117001,charlotte,entire_place,6.0,77.29147668003449,-0.0675435145521221,0.19435253541650577,0.13083544005080375,0.015451922764067268,0.0,199,69.84924623115577,30.65326633165829,68.84422110552764,74.37185929648241
604,35186286,charlotte,entire_place,90.20000000000002,51.70699506193371,-0.0675435145521221,0.22630445691412004,-0.6537901246846438,0.37243500395337825,0.0,199,77.88944723618091,8.542713567839195,95.47738693467338,31.155778894472363
605,35231281,charlotte,entire_place,42.99999999999999,50.21848162301329,-0.0675435145521221,0.151437328766082,0.04829057649061666,-0.2834263133246309,0.0,199,62.8140703517588,27.1356783919598,1.256281407035176,27.63819095477387
606,35262654,charlotte,entire_place,105.29999999999995,78.30172196293229,-0.0675435145521221,0.01593686532439571,0.2940174261563676,0.04350670728398582,0.0,199,37.68844221105528,78.89447236180904,72.36180904522614,75.87939698492463
607,35346109,charlotte,entire_place,41.50000000000001,29.842177533919617,-0.0675435145521221,-0.12821277480288912,-0.6609970842374716,0.1982941685189761,0.0,199,14.07035175879397,5.025125628140704,89.44723618090453,10.552763819095476
608,125691,durham,entire_place,69.3,35.1085926627262,-0.11568046439169562,-0.15782710637184127,0.04519413102605559,-0.2724980580799312,0.0,157,15.92356687898089,28.662420382165603,11.78343949044586,17.197452229299362
609,1645305,durham,private_room,41.60000000000001,20.821629750178978,-0.11568046439169562,-0.014641445688799132,-0.5445080878006903,-0.329610692575404,0.0,6,66.66666666666666,16.666666666666664,50.0,33.33333333333333
610,2502871,durham,entire_place,5.199999999999999,48.14160347116315,-0.11568046439169562,0.09655409837631355,0.05995857957870653,-0.2334685750631465,0.0,157,51.59235668789809,29.617834394904456,27.388535031847134,34.394904458598724
611,2694822,durham,private_room,56.900000000000006,54.820875827229216,-0.11568046439169562,0.1765136176317259,0.19733838151123825,-0.32336597529271843,0.0,6,100.0,83.33333333333334,66.66666666666666,100.0
612,2927218,durham,entire_place,6.300000000000001,23.531526910622368,-0.11568046439169562,-0.288906676493142,-0.49858924785098996,0.015793132999838623,0.0,157,2.229299363057325,14.012738853503185,68.78980891719745,8.9171974522293
613,3497237,durham,entire_place,181.10000000000002,38.18501447431073,-0.11568046439169562,-0.012844420173719756,-0.1471688130728352,-0.14335427120431016,0.0,157,38.21656050955414,19.10828025477707,40.76433121019109,20.382165605095544
614,5005860,durham,entire_place,55.899999999999984,50.56115462345526,-0.11568046439169562,0.058621266899331934,0.17405521319963108,-0.26156980283523146,0.0,157,45.85987261146497,40.12738853503185,18.152866242038215,38.853503184713375
615,5181318,durham,entire_place,142.09999999999994,70.57009167060512,-0.11568046439169562,0.2129246275700408,0.2092131732566709,-0.12312242256423361,0.0,157,75.79617834394905,71.97452229299363,47.77070063694268,71.3375796178344
616,5480766,durham,private_room,3.9999999999999996,20.417058516499264,-0.11568046439169562,-0.24178410391697913,-0.24732961194341163,-0.41836044704912156,0.0,6,16.666666666666664,33.33333333333333,16.666666666666664,16.666666666666664
617,7896721,durham,entire_place,41.60000000000001,45.3661419405902,-0.11568046439169562,0.24045565574726957,-0.2321937855668914,-0.14335427120431016,0.0,157,82.80254777070064,15.92356687898089,40.76433121019109,30.573248407643312
618,8172364,durham,entire_place,60.39999999999997,58.79002412712971,-0.11568046439169562,0.13027956392755602,0.2707625021607318,-0.2818651340039595,0.0,157,60.509554140127385,73.88535031847134,7.32484076433121,50.955414012738856
619,8427905,durham,entire_place,18.299999999999997,64.82199351110495,-0.11568046439169562,0.23568680796847377,-0.2149016765850481,0.19450700464900633,0.0,157,81.52866242038218,17.8343949044586,89.171974522293,64.96815286624204
620,8902148,durham,entire_place,80.80000000000003,42.615363586584536,-0.11568046439169562,-0.12247994757985056,0.20184793408583163,-0.27562041672127396,0.0,157,22.29299363057325,64.96815286624204,10.191082802547772,25.477707006369428
621,9255642,durham,entire_place,62.2,51.69804640190405,-0.11568046439169562,0.23518443867520616,0.04271954431810693,-0.2849874926453023,0.0,157,80.89171974522293,28.02547770700637,5.414012738853503,39.490445859872615
622,10708554,durham,entire_place,79.10000000000002,39.804034318981124,-0.11568046439169562,-0.20828944344122424,0.2147842054291806,-0.2693756994385884,0.0,157,8.280254777070063,72.61146496815286,13.05732484076433,21.656050955414013
623,11136420,durham,entire_place,156.39999999999998,103.1531234678119,-0.11568046439169562,0.17004761603993224,0.3002785663941377,0.20387408057303466,0.0,157,69.42675159235668,93.63057324840764,90.44585987261146,93.63057324840764
624,11159487,durham,entire_place,71.49999999999997,38.923009402129296,-0.11568046439169562,-0.19413824460807466,0.20222257394391974,-0.2927933892486593,0.0,157,10.828025477707007,65.60509554140127,1.5923566878980893,21.019108280254777
625,11218237,durham,entire_place,60.00000000000001,32.08279471102233,-0.11568046439169562,-0.12875333921647186,-0.09175596074905472,-0.25213924438255164,0.0,157,21.019108280254777,22.29299363057325,22.29299363057325,14.64968152866242
626,11370120,durham,entire_place,57.600000000000016,70.56529623140105,-0.11568046439169562,0.2519213101933467,-0.046373900588656244,0.09340096301681877,0.0,157,84.71337579617835,24.203821656050955,78.343949044586,70.70063694267516
627,11621188,durham,entire_place,23.9,73.64347477963186,-0.11568046439169562,0.37595611918895583,0.10227813223080914,-0.13717303645027612,0.0,157,97.45222929936305,31.84713375796178,42.99363057324841,74.52229299363057
628,12381034,durham,entire_place,64.29999999999998,72.1914326577426,-0.11568046439169562,0.09730819018454263,0.30644960203944327,-0.082341312640823,0.0,157,52.22929936305732,96.17834394904459,57.64331210191082,73.88535031847134
629,13749966,durham,entire_place,41.29999999999999,41.37669760402139,-0.11568046439169562,0.11750197557882587,-0.04977185431975013,-0.2927933892486593,0.0,157,54.77707006369427,23.56687898089172,1.5923566878980893,23.56687898089172
630,14683450,durham,entire_place,79.90000000000002,60.510546245504926,-0.11568046439169562,0.10879112231146097,0.2987642506410835,-0.2600086235145601,0.0,157,54.14012738853503,89.80891719745223,19.426751592356688,54.77707006369427
631,15106679,durham,entire_place,97.00000000000003,97.29502302556689,-0.11568046439169562,0.4361314840902616,0.2938083985622165,-0.11362838158290228,0.0,157,99.36305732484077,85.98726114649682,49.044585987261144,91.71974522292994
632,15563733,durham,entire_place,19.7,32.73362484828654,-0.11568046439169562,-0.024371751201563197,-0.6129116228181184,0.1841165895756306,0.0,157,36.624203821656046,10.828025477707007,88.53503184713377,15.286624203821656
633,15662312,durham,entire_place,88.10000000000002,94.63733618651017,-0.11568046439169562,0.23962260967643295,0.1918292096152217,0.157449576066914,0.0,157,82.16560509554141,50.955414012738856,87.89808917197452,89.171974522293
634,16164366,durham,entire_place,218.29999999999993,108.31106778092968,-0.11568046439169562,0.3233488021460832,0.18750697696967242,0.21167997717639161,0.0,157,96.81528662420382,49.044585987261144,91.0828025477707,94.26751592356688
635,16286760,durham,entire_place,8.9,24.845563449059725,-0.11568046439169562,-0.12408436313975753,-0.3041428792471395,-0.2912956924566394,0.0,157,21.656050955414013,15.286624203821656,2.547770700636943,10.191082802547772
636,16644215,durham,entire_place,14.599999999999998,24.68457076802644,-0.11568046439169562,-0.2940989393025979,-0.14200147203702307,-0.28967103060731647,0.0,157,1.2738853503184715,19.745222929936308,3.5031847133757963,9.554140127388536
637,16851825,durham,entire_place,62.89999999999997,62.28105763082752,-0.11568046439169562,0.2467290473838909,0.1812708569587999,-0.2520757618539002,0.0,157,84.07643312101911,45.85987261146497,22.929936305732486,59.23566878980891
638,16884956,durham,entire_place,2.4,29.945112414146525,-0.11568046439169562,-0.13448616643951042,-0.13714613988951957,-0.26781452011791707,0.0,157,18.789808917197455,20.382165605095544,14.331210191082802,13.375796178343949
639,17020711,durham,entire_place,19.5,17.50951808247765,-0.11568046439169562,-0.17585863411179353,-0.5940918561792379,-0.2834263133246309,0.0,157,14.012738853503185,11.464968152866243,6.369426751592357,5.095541401273886
640,17224964,durham,entire_place,295.39999999999986,67.57317899252874,-0.11568046439169562,0.21682223415768487,0.0033288888293498964,0.036088464168566696,0.0,157,77.07006369426752,26.751592356687897,70.70063694267516,68.15286624203821
641,17457865,durham,entire_place,52.3,59.677837220460816,-0.11568046439169562,0.22057162969108146,0.18109602502502548,-0.26775103758926555,0.0,157,78.98089171974523,44.904458598726116,15.286624203821656,52.22929936305732
642,17793611,durham,entire_place,186.20000000000005,113.94966268825456,-0.11568046439169562,0.1886197081934672,0.2945202142925839,0.2896924999577946,0.0,157,71.656050955414,86.62420382165605,93.63057324840764,96.81528662420382
643,18926190,durham,entire_place,130.1,73.96369642039461,-0.11568046439169562,-0.006030464123515725,0.28754725832444644,0.0638252600787971,0.0,157,40.12738853503185,77.07006369426752,73.24840764331209,75.15923566878982
644,19439257,durham,entire_place,80.5,90.07359089410183,-0.11568046439169562,-0.012073050684649447,0.2993169907583782,0.2527620364330053,0.0,157,38.853503184713375,92.35668789808918,92.99363057324841,87.26114649681529
645,19717498,durham,entire_place,17.499999999999996,21.788101775131402,-0.11568046439169562,0.1795298387963674,-0.8691094795859318,-0.1558437057696813,0.0,157,70.06369426751591,1.2738853503184715,36.30573248407643,7.006369426751593
646,19759833,durham,entire_place,17.2,43.82147234859633,-0.11568046439169562,-0.1946788090216574,0.2982022908539513,-0.2724980580799312,0.0,157,9.554140127388536,88.53503184713377,11.78343949044586,28.02547770700637
647,20068786,durham,entire_place,70.19999999999999,67.22738639440031,-0.11568046439169562,0.22761639081677307,0.29294345856318166,-0.2693756994385884,0.0,157,80.2547770700637,84.39490445859873,13.05732484076433,67.51592356687898
648,20283624,durham,entire_place,11.4,48.65294966064026,-0.11568046439169562,-0.10672433318679407,0.19752512174042747,-0.15740488509035266,0.0,157,26.11464968152866,57.324840764331206,35.6687898089172,36.30573248407643
649,20455618,durham,entire_place,52.00000000000001,48.26915229336639,-0.11568046439169562,0.0612069395843229,0.12443796066800682,-0.2600086235145601,0.0,157,46.496815286624205,36.94267515923567,19.426751592356688,35.03184713375796
650,20817630,durham,entire_place,23.400000000000002,71.93972283491115,-0.11568046439169562,0.28906549450041674,0.11911668840088917,-0.09021069177283145,0.0,157,93.63057324840764,35.6687898089172,54.14012738853503,73.24840764331209
651,21042334,durham,entire_place,67.70000000000003,45.02815865584975,-0.11568046439169562,-0.13083664260819522,0.11292125646489927,-0.12449315429895053,0.0,157,19.745222929936308,33.12101910828025,47.13375796178344,29.29936305732484
652,21160863,durham,entire_place,71.1,89.28045431733516,-0.11568046439169562,0.2584871834872218,0.17616188061126553,0.09661002581289627,0.0,157,85.98726114649682,40.76433121019109,79.61783439490446,86.62420382165605
653,21716062,durham,entire_place,46.10000000000001,37.03046591767202,-0.11568046439169562,-0.11018124706293683,-0.2198108450082688,-0.003282229083989404,0.0,157,24.203821656050955,17.197452229299362,65.60509554140127,18.471337579617835
654,21974355,durham,entire_place,165.60000000000005,81.15701000765988,-0.11568046439169562,0.26684387851556657,0.11410703631565679,0.056019363475440155,0.0,157,87.89808917197452,34.394904458598724,71.3375796178344,81.52866242038218
655,22062417,durham,entire_place,46.999999999999986,64.81999691796793,-0.11568046439169562,-0.02981209676734783,0.3946728876047844,-0.14959898848699574,0.0,157,35.6687898089172,97.45222929936305,39.171974522293,64.3312101910828
656,22619197,durham,entire_place,14.699999999999998,47.060710263993926,-0.11568046439169562,-0.2362993594502694,0.19157944970982962,-0.05447697570685893,0.0,157,6.369426751592357,50.318471337579616,61.146496815286625,33.75796178343949
657,22748381,durham,entire_place,8.600000000000001,75.52895433514415,-0.11568046439169562,0.13446965217245396,0.20359625342357618,0.027941357329438386,0.0,157,61.78343949044586,70.70063694267516,69.42675159235668,77.07006369426752
658,23400167,durham,entire_place,78.19999999999999,68.93707410826788,-0.11568046439169562,0.1600865054516806,0.1796280657598176,-0.06378056910223577,0.0,157,68.15286624203821,41.40127388535032,60.509554140127385,70.06369426751591
659,24801953,durham,private_room,4.1,34.26280812837972,-0.11568046439169562,0.06064909748989887,-0.22829764431300859,-0.24118453309454208,0.0,6,83.33333333333334,50.0,100.0,50.0
660,24829812,durham,entire_place,73.19999999999997,75.18168485208106,-0.11568046439169562,0.057016851339424954,0.19851167336672618,0.10593065848475816,0.0,157,44.5859872611465,61.78343949044586,81.52866242038218,75.79617834394905
661,24869920,durham,entire_place,163.00000000000006,121.26862637986152,-0.11568046439169562,0.4094507796647108,0.30031603037994653,0.12479177539011782,0.0,157,98.72611464968153,94.90445859872611,85.35031847133759,98.08917197452229
662,25021647,durham,entire_place,13.799999999999997,57.42326901619515,-0.11568046439169562,-0.11591407428597539,0.20290941368374796,0.009057018797995501,0.0,157,22.929936305732486,68.15286624203821,68.15286624203821,47.77070063694268
663,26335969,durham,entire_place,99.09999999999997,81.81357749719236,-0.11568046439169562,0.042094283017205095,0.20308424561752242,0.19975160440842774,0.0,157,43.31210191082803,68.78980891719745,89.80891719745223,83.43949044585987
664,27607448,durham,entire_place,23.8,38.01925368598068,-0.11568046439169562,-0.18159146133483212,0.12456284062070284,-0.2505780650618803,0.0,157,12.101910828025478,37.57961783439491,23.56687898089172,19.745222929936308
665,27635736,durham,entire_place,102.69999999999999,58.951742391246604,-0.11568046439169562,-0.14128284480887315,0.18062470529385427,0.08253619030077054,0.0,157,17.197452229299362,43.94904458598726,75.15923566878982,51.59235668789809
666,27746713,durham,entire_place,31.2,41.593893016744154,-0.11568046439169562,-0.19466153134081615,0.28786272653161865,-0.31315220294603885,0.0,157,10.191082802547772,79.29936305732484,0.6369426751592357,24.203821656050955
667,28389586,durham,entire_place,86.60000000000001,109.2524386461563,-0.11568046439169562,0.21531769029985934,0.3008405261812699,0.2149525225011206,0.0,157,76.43312101910828,95.54140127388536,91.71974522292994,94.90445859872611
668,28405268,durham,entire_place,60.1,43.78789652075958,-0.11568046439169562,-0.11537350987239264,0.20247233384931182,-0.25682278234456585,0.0,157,23.56687898089172,66.2420382165605,21.019108280254777,27.388535031847134
669,29002790,durham,entire_place,69.59999999999998,58.76357025378739,-0.11568046439169562,-0.001571375682815089,0.19189222929142458,-0.07158646570559273,0.0,157,41.40127388535032,51.59235668789809,59.87261146496815,50.318471337579616
670,29647105,durham,entire_place,25.000000000000004,22.06450406050369,-0.11568046439169562,0.05730933299667885,-0.6448453678072198,-0.24583104457121463,0.0,157,45.22292993630573,10.191082802547772,25.477707006369428,7.643312101910828
671,30496620,durham,entire_place,100.6,62.6072073516977,-0.11568046439169562,0.021421609791105443,0.2920692988943094,-0.13242601595961045,0.0,157,42.038216560509554,81.84713375796179,43.94904458598726,60.509554140127385
672,30543759,durham,entire_place,13.299999999999999,36.484791030162654,-0.11568046439169562,-0.25379032277663893,0.05995857957870653,-0.15389487296107207,0.0,157,3.821656050955414,29.617834394904456,37.57961783439491,17.8343949044586
673,31099344,durham,entire_place,92.00000000000003,112.71012596626099,-0.11568046439169562,0.12323480280186443,0.11519349190411234,0.5235622663757017,0.0,157,57.00636942675159,35.03184713375796,98.72611464968153,96.17834394904459
674,31832591,durham,entire_place,58.699999999999996,86.55003175152683,-0.11568046439169562,0.10854303955513214,0.28917396603492707,0.1028315214694986,0.0,157,53.503184713375795,80.89171974522293,80.89171974522293,84.71337579617835
675,31848293,durham,entire_place,86.60000000000001,57.343453300205695,-0.11568046439169562,-0.0669562810744179,0.2925063787287455,-0.13086483663893905,0.0,157,32.48407643312102,82.80254777070064,44.5859872611465,47.13375796178344
676,32169319,durham,entire_place,32.7,64.52443497472406,-0.11568046439169562,-0.09471811432713424,0.19783732162216758,0.10764202448881577,0.0,157,28.662420382165603,59.23566878980891,82.16560509554141,63.69426751592356
677,32176983,durham,entire_place,14.499999999999998,33.92159158684881,-0.11568046439169562,0.13338852334528847,-0.6609346442611236,0.10898953459744945,0.0,157,61.146496815286625,6.369426751592357,82.80254777070064,15.92356687898089
678,32222534,durham,entire_place,355.39999999999986,99.31141587297147,-0.11568046439169562,0.1383499810792567,0.1933277690475742,0.3049398613026539,0.0,157,63.05732484076433,52.86624203821656,94.26751592356688,92.35668789808918
679,32252312,durham,entire_place,20.300000000000004,9.211132613330072,-0.11568046439169562,-0.10099150596375553,-1.280938489788567,-0.26625334079724566,0.0,157,28.02547770700637,0.6369426751592357,15.92356687898089,0.6369426751592357
680,32351709,durham,entire_place,33.8,29.8473702045749,-0.11568046439169562,-0.10259592152366248,-0.5648294676985411,0.12481499701620105,0.0,157,27.388535031847134,12.738853503184714,85.98726114649682,12.738853503184714
681,33527909,durham,entire_place,96.19999999999997,65.41169533513629,-0.11568046439169562,-0.05757393002006418,0.19137964178551597,0.090405569432779,0.0,157,33.75796178343949,49.681528662420384,77.70700636942675,65.60509554140127
682,33664283,durham,entire_place,267.89999999999986,211.13321982731833,-0.11568046439169562,0.4536397250974724,0.39729536661140125,0.5346174866777044,0.0,157,100.0,99.36305732484077,99.36305732484077,100.0
683,33745516,durham,entire_place,69.3,57.12342100423868,-0.11568046439169562,0.03611337303783772,0.29281857861048566,-0.23802514796785768,0.0,157,42.675159235668794,83.43949044585987,26.751592356687897,46.496815286624205
684,34356902,durham,entire_place,82.69999999999999,62.784288161718095,-0.11568046439169562,0.14778780493476681,0.29294345856318166,-0.2568862648732173,0.0,157,65.60509554140127,84.39490445859873,20.382165605095544,61.146496815286625
685,34561299,durham,entire_place,79.80000000000003,29.513484167750924,-0.11568046439169562,-0.24232466833056188,-0.03398694019214969,-0.27718159604194537,0.0,157,5.095541401273886,25.477707006369428,9.235668789808917,12.101910828025478
686,35236473,durham,entire_place,69.89999999999998,80.02253988697203,-0.11568046439169562,0.28887288454524435,0.18704492114469706,-0.052852313857536054,0.0,157,92.99363057324841,48.40764331210191,61.78343949044586,80.89171974522293
687,35259403,durham,entire_place,43.099999999999994,46.90357240645443,-0.11568046439169562,-0.13500945317225188,0.28786272653161865,-0.2553250855525459,0.0,157,17.8343949044586,79.29936305732484,21.656050955414013,33.12101910828025
688,35484995,durham,other_specialty,117.50000000000003,63.3471272764305,-0.11568046439169562,0.14808028659202074,0.2920692988943094,-0.247519188949189,0.0,5,80.0,60.0,80.0,80.0
689,35521939,durham,entire_place,57.7,48.42230658671105,-0.11568046439169562,-0.19545017851072774,0.1973378018113834,-0.0731476450262641,0.0,157,8.9171974522293,55.095541401273884,58.59872611464968,35.6687898089172
690,35683500,durham,private_room,29.5,35.78390644719052,-0.11568046439169562,-0.021686206814490756,-0.04808933596789712,-0.2968259268413048,0.0,6,50.0,66.66666666666666,83.33333333333334,66.66666666666666
691,36354560,durham,entire_place,18.800000000000004,78.26364867619172,-0.11568046439169562,0.2820589284950403,0.11254603690695629,0.006512761230545018,0.0,157,90.44585987261146,32.48407643312102,67.51592356687898,78.98089171974523
692,37331881,durham,entire_place,64.60000000000002,60.91628577373815,-0.11568046439169562,0.0983893190117081,0.19752512174042747,-0.14179309188363878,0.0,157,52.86624203821656,57.324840764331206,42.038216560509554,56.68789808917197
693,37533355,durham,entire_place,77.59999999999998,91.634660139882,-0.11568046439169562,0.26918146844422863,0.20359567372372134,0.08422433467874493,0.0,157,88.53503184713377,70.06369426751591,76.43312101910828,87.89808917197452
694,38925085,durham,entire_place,199.19999999999993,45.72329864748767,-0.11568046439169562,-0.16064358413231977,0.1859459775609719,-0.1527213471283385,0.0,157,15.286624203821656,47.13375796178344,38.21656050955414,31.210191082802545
695,39484531,durham,entire_place,64.29999999999998,53.633786104969616,-0.11568046439169562,0.044762549723436275,0.1973378018113834,-0.21310976136576693,0.0,157,43.94904458598726,55.095541401273884,31.84713375796178,42.038216560509554
696,39552493,durham,entire_place,28.599999999999998,58.68255583576641,-0.11568046439169562,0.06879226512359723,0.18575865763192784,-0.13717303645027612,0.0,157,47.77070063694268,46.496815286624205,42.99363057324841,49.044585987261144
697,39726810,durham,entire_place,35.900000000000006,23.368467273817608,-0.11568046439169562,-0.18052761018850788,-0.6726380886934203,0.0747937762260651,0.0,157,13.375796178343949,5.7324840764331215,73.88535031847134,8.280254777070063
698,40168166,durham,entire_place,67.29999999999998,63.93030124277886,-0.11568046439169562,0.285185165593614,0.18109602502502548,-0.26462867894792275,0.0,157,91.71974522292994,44.904458598726116,17.197452229299362,61.78343949044586
699,40731143,durham,entire_place,28.199999999999992,17.104088258936834,-0.11568046439169562,-0.13448616643951042,-0.6560504518284421,-0.2849874926453023,0.0,157,18.789808917197455,7.643312101910828,5.414012738853503,4.45859872611465
700,40964518,durham,entire_place,109.9,50.42514399233776,-0.11568046439169562,-0.06359923890035664,0.19727536183503538,-0.16521078169370962,0.0,157,33.12101910828025,54.14012738853503,35.03184713375796,38.21656050955414
701,41521673,durham,entire_place,24.10000000000001,46.025916490269296,-0.11568046439169562,-0.06749684548800064,0.17987542557767802,-0.23334161000584352,0.0,157,31.528662420382165,42.35668789808918,28.02547770700637,32.48407643312102
702,41536870,durham,entire_place,52.79999999999999,71.10519227435137,-0.11568046439169562,0.22080243476656905,0.12335338416005663,-0.03769165666741146,0.0,157,79.61783439490446,36.30573248407643,63.69426751592356,72.61146496815286
703,42002277,durham,entire_place,19.4,45.300301300479035,-0.11568046439169562,-0.06749684548800064,0.18000030553037405,-0.2490168857412089,0.0,157,31.528662420382165,43.31210191082803,24.522292993630572,29.936305732484076
704,42224421,durham,entire_place,111.29999999999994,96.36849948968808,-0.11568046439169562,0.2880016433540925,0.40118051942251437,-0.082341312640823,0.0,157,92.35668789808918,100.0,57.64331210191082,91.0828025477707
705,42229060,durham,entire_place,117.90000000000006,54.68173322654489,-0.11568046439169562,-0.2480574955536004,0.19789976159851558,0.09814798350748444,0.0,157,4.45859872611465,60.509554140127385,80.2547770700637,43.31210191082803
706,42430470,durham,entire_place,57.39999999999999,13.244314454767954,-0.11568046439169562,-0.20883000785480693,-0.844904242181157,-0.26156980283523146,0.0,157,7.643312101910828,2.547770700636943,18.152866242038215,1.2738853503184715
707,42482111,durham,entire_place,78.7,76.08129599899868,-0.11568046439169562,0.19854262366140374,0.29927625844713723,-0.1246201193562535,0.0,157,73.24840764331209,91.71974522292994,46.496815286624205,77.70700636942675
708,42609363,durham,entire_place,130.40000000000003,96.10264301708378,-0.11568046439169562,0.30033853899132146,0.3002910543894073,0.003477106743936951,0.0,157,94.90445859872611,94.26751592356688,66.87898089171973,90.44585987261146
709,43504455,durham,entire_place,161.29999999999995,83.83993336321032,-0.11568046439169562,0.261111051292528,0.2920692988943094,-0.08407590027096383,0.0,157,86.62420382165605,81.84713375796179,56.68789808917197,84.07643312101911
710,43756036,durham,entire_place,72.20000000000003,40.45618508888164,-0.11568046439169562,-0.07745795607625226,0.03885937365691744,-0.20842622340375278,0.0,157,29.29936305732484,27.388535031847134,32.48407643312102,22.29299363057325
711,43954965,durham,entire_place,31.5,44.68906848088813,-0.11568046439169562,-0.10726489760037683,0.17987542557767802,-0.22241335476114377,0.0,157,25.477707006369428,42.35668789808918,29.936305732484076,28.662420382165603
712,44444829,durham,entire_place,30.0,56.89894205549309,-0.11568046439169562,-0.00211194009639782,0.27604304211660846,-0.18689388387363964,0.0,157,40.76433121019109,75.79617834394905,33.75796178343949,45.85987261146497
713,44506625,durham,entire_place,71.3,89.16880911681882,-0.11568046439169562,0.15697754603394815,0.2936302983030099,0.07941383165942777,0.0,157,66.87898089171973,85.35031847133759,74.52229299363057,85.98726114649682
714,44509074,durham,entire_place,5.700000000000001,14.362970190088568,-0.11568046439169562,-0.30879070254933016,-0.8423885636192272,-0.08852254739485707,0.0,157,0.6369426751592357,3.1847133757961785,55.4140127388535,1.910828025477707
715,44541940,durham,entire_place,31.800000000000008,37.293450180527664,-0.11568046439169562,-0.288906676493142,0.0635991146412978,-0.10107546448887968,0.0,157,2.229299363057325,31.210191082802545,53.18471337579618,19.10828025477707
716,44542555,durham,entire_place,71.3,95.68185231555856,-0.11568046439169562,-0.009449182879343335,0.2785892068693414,0.33062379656459145,0.0,157,39.490445859872615,76.43312101910828,96.17834394904459,89.80891719745223
717,44632535,durham,entire_place,79.29999999999998,71.02637212985118,-0.11568046439169562,0.1637742244033109,0.2708998701086974,-0.12930365731826765,0.0,157,68.78980891719745,75.15923566878982,45.22292993630573,71.97452229299363
718,45070486,durham,other_specialty,77.29999999999995,50.61948812698529,-0.11568046439169562,-0.056013913361082274,0.29294345856318166,-0.26469216147657426,0.0,5,40.0,80.0,40.0,60.0
719,45515547,durham,entire_place,100.29999999999997,61.440077942547326,-0.11568046439169562,0.15931513596261027,0.2460024820818792,-0.24277216845852334,0.0,157,67.51592356687898,73.24840764331209,26.11464968152866,57.324840764331206
720,45826548,durham,entire_place,81.60000000000002,64.05744206234688,-0.11568046439169562,-0.10336729101273281,0.19789976159851558,0.10907623875218417,0.0,157,26.751592356687897,60.509554140127385,83.43949044585987,62.42038216560509
721,45895955,durham,entire_place,82.90000000000003,81.22169639079127,-0.11568046439169562,0.12429865394818863,0.31162944203810183,0.0018292232685308395,0.0,157,57.961783439490446,96.81528662420382,66.2420382165605,82.16560509554141
722,46053844,durham,entire_place,132.80000000000004,110.97238858564631,-0.11568046439169562,0.2964200149642035,0.19789976159851558,0.2522706395138477,0.0,157,94.26751592356688,60.509554140127385,92.35668789808918,95.54140127388536
723,46088645,durham,other_specialty,75.90000000000002,50.25641715462478,-0.11568046439169562,0.09707738510905504,0.11867960856645303,-0.2505780650618803,0.0,5,60.0,20.0,60.0,40.0
724,46528202,durham,entire_place,63.99999999999998,58.07654634813066,-0.11568046439169562,0.14885165608109105,-0.1257536996699014,0.08407414799535871,0.0,157,66.2420382165605,21.019108280254777,75.79617834394905,48.40764331210191
725,46531661,durham,entire_place,74.90000000000002,78.94085869266121,-0.11568046439169562,-0.030104578424601753,0.29932621042821567,0.1404035685968317,0.0,157,35.03184713375796,92.99363057324841,86.62420382165605,80.2547770700637
726,47331743,durham,entire_place,65.70000000000002,78.5238212341772,-0.11568046439169562,0.142595542125311,0.2881749264133588,-0.026375747934773926,0.0,157,64.3312101910828,80.2547770700637,64.3312101910828,79.61783439490446
727,47551737,durham,entire_place,100.2,67.92054751636208,-0.11568046439169562,0.2789117739569927,0.20804336602182152,-0.22566267845978955,0.0,157,89.80891719745223,71.3375796178344,29.29936305732484,68.78980891719745
728,47724686,durham,entire_place,63.400000000000006,75.3956315379084,-0.11568046439169562,0.1886197081934672,0.2986393706883874,-0.12299545750693064,0.0,157,71.656050955414,89.171974522293,48.40764331210191,76.43312101910828
729,47772940,durham,entire_place,10.000000000000002,56.650557828653646,-0.11568046439169562,0.13501021658603668,0.14375130486156532,-0.19602349299311636,0.0,157,62.42038216560509,38.21656050955414,33.12101910828025,45.22292993630573
730,48013444,durham,entire_place,115.20000000000005,100.24614866751983,-0.11568046439169562,0.12790377887857873,0.1985241613619958,0.31946483283136895,0.0,157,58.59872611464968,62.42038216560509,94.90445859872611,92.99363057324841
731,48327265,durham,entire_place,20.200000000000003,15.289837243942577,-0.11568046439169562,-0.2407202527706549,-0.6507291795613245,-0.28967103060731647,0.0,157,5.7324840764331215,8.9171974522293,3.5031847133757963,2.547770700636943
732,48327282,durham,entire_place,16.600000000000005,16.346067440147834,-0.11568046439169562,-0.18106817460209063,-0.650679227580246,-0.2865486719659737,0.0,157,12.738853503184714,9.554140127388536,4.45859872611465,3.821656050955414
733,48552368,durham,entire_place,8.600000000000001,16.01850245290445,-0.11568046439169562,-0.18811293572778223,-0.8591641001131043,-0.09008372671552846,0.0,157,11.464968152866243,1.910828025477707,54.77707006369427,3.1847133757961785
734,48556327,durham,entire_place,19.7,52.90675670786603,-0.11568046439169562,-0.16822890967159412,0.27078420982583884,-0.08696136807418568,0.0,157,14.64968152866242,74.52229299363057,56.05095541401274,40.76433121019109
735,48558809,durham,entire_place,29.89999999999999,49.98858472788286,-0.11568046439169562,-0.2548714516038044,0.2877220902582209,-0.07291075418814318,0.0,157,3.1847133757961785,78.343949044586,59.23566878980891,36.94267515923567
736,48604213,durham,entire_place,54.59999999999998,43.28203886588828,-0.11568046439169562,-0.07012071329330674,-0.06390329682601474,-0.04705873259143979,0.0,157,29.936305732484076,22.929936305732486,62.42038216560509,26.11464968152866
737,48671136,durham,entire_place,23.400000000000002,41.24919186952252,-0.11568046439169562,0.2456479185567254,-0.560944314887428,0.08721972826278472,0.0,157,83.43949044585987,13.375796178343949,77.07006369426752,22.929936305732486
738,48706404,durham,entire_place,22.800000000000004,42.2346991641679,-0.11568046439169562,0.07169133690531597,-0.1647061172781582,-0.1120037197335794,0.0,157,49.044585987261144,18.471337579617835,50.318471337579616,24.840764331210192
739,48772979,durham,entire_place,89.50000000000003,61.84862558126517,-0.11568046439169562,0.12163038724195747,0.2028463940075451,-0.15540960902957704,0.0,157,56.05095541401274,67.51592356687898,36.94267515923567,57.961783439490446
740,48802666,durham,entire_place,46.89999999999999,68.1010786266068,-0.11568046439169562,0.07742416412835453,0.28755974631971604,-0.10107546448887968,0.0,157,49.681528662420384,77.70700636942675,53.18471337579618,69.42675159235668
741,48809883,durham,entire_place,97.80000000000001,53.07450366262407,-0.11568046439169562,0.07037940300266292,0.19733838151123825,-0.2490168857412089,0.0,157,48.40764331210191,56.05095541401274,24.522292993630572,41.40127388535032
742,49020239,durham,entire_place,3.2000000000000006,45.78773228661183,-0.11568046439169562,-0.06962454778064907,0.15678015689496974,-0.21319646552050164,0.0,157,30.573248407643312,38.853503184713375,31.210191082802545,31.84713375796178
743,49043738,durham,entire_place,26.199999999999996,20.270106359712692,-0.11568046439169562,-0.21641533339408134,-0.5937461081590061,-0.10419782313022245,0.0,157,7.006369426751593,12.101910828025478,52.22929936305732,5.7324840764331215
744,49179414,durham,entire_place,149.19999999999993,66.7866174380222,-0.11568046439169562,0.31157338836191095,-0.22134789426670842,0.15447740410895744,0.0,157,96.17834394904459,16.560509554140125,87.26114649681529,66.87898089171973
745,49484587,durham,entire_place,63.300000000000026,52.08199201999075,-0.11568046439169562,0.062270790730647105,0.20259721380200787,-0.26469216147657426,0.0,157,47.13375796178344,66.87898089171973,16.560509554140125,40.12738853503185
746,49683203,durham,entire_place,10.8,26.891580567001274,-0.11568046439169562,-0.01755779515135917,-0.47618023920825503,-0.14959898848699574,0.0,157,37.57961783439491,14.64968152866242,39.171974522293,10.828025477707007
747,49807848,durham,entire_place,51.20000000000001,55.65473642053049,-0.11568046439169562,0.2848926839363601,-0.6541772525380015,0.43459826672351576,0.0,157,91.0828025477707,8.280254777070063,98.08917197452229,44.5859872611465
748,49830034,durham,other_specialty,52.7,44.03941193264766,-0.11568046439169562,-0.06253538775403242,0.19120480985174151,-0.2927933892486593,0.0,5,20.0,40.0,20.0,20.0
749,49947654,durham,entire_place,8.1,86.6749499559154,-0.11568046439169562,0.2176934753488366,0.16898312113805067,0.11529773440878649,0.0,157,77.70700636942675,39.490445859872615,84.71337579617835,85.35031847133759
750,49960120,durham,entire_place,75.29999999999998,91.93304902257954,-0.11568046439169562,0.2718053362495348,0.3958592471553968,-0.10744714682886822,0.0,157,89.171974522293,98.08917197452229,51.59235668789809,88.53503184713377
751,49988032,durham,entire_place,42.0,65.41235354451905,-0.11568046439169562,0.14257826444446972,-0.032243814020623,0.11388674177150132,0.0,157,63.69426751592356,26.11464968152866,84.07643312101911,66.2420382165605
752,50082737,durham,entire_place,21.000000000000004,60.88052911779507,-0.11568046439169562,0.08369755576497583,0.19752512174042747,-0.1276789954689448,0.0,157,50.318471337579616,57.324840764331206,45.85987261146497,56.05095541401274
753,50119056,durham,entire_place,114.7,62.528914470028084,-0.11568046439169562,0.2521693929496755,0.11323345634663935,-0.1855695953910892,0.0,157,85.35031847133759,33.75796178343949,34.394904458598724,59.87261146496815
754,50198253,durham,entire_place,87.70000000000003,64.28377753545224,-0.11568046439169562,0.1883716254371384,0.29901401054647553,-0.28030395468328817,0.0,157,70.70063694267516,90.44585987261146,8.280254777070063,63.05732484076433
755,50617751,durham,entire_place,31.89999999999999,54.7932155152558,-0.11568046439169562,0.12084174007204589,0.19696316195329527,-0.26781452011791707,0.0,157,55.4140127388535,53.503184713375795,14.331210191082802,43.94904458598726
756,50641372,durham,entire_place,9.8,60.536344122121854,-0.11568046439169562,-0.024371751201563197,0.1985866013383438,-0.026248782877470938,0.0,157,36.624203821656046,63.05732484076433,64.96815286624204,55.4140127388535
757,50824485,durham,entire_place,61.00000000000001,54.49808232521887,-0.11568046439169562,0.12896763002490294,0.19758407709613693,-0.2818651340039595,0.0,157,59.87261146496815,58.59872611464968,7.32484076433121,42.675159235668794
758,50978422,durham,entire_place,46.79999999999999,43.46138613906303,-0.11568046439169562,-0.12977279146187098,0.06317452280213126,-0.11044254041290802,0.0,157,20.382165605095544,30.573248407643312,50.955414012738856,26.751592356687897
759,51319953,durham,entire_place,142.29999999999998,60.2150608555947,-0.11568046439169562,-0.15676325522551704,-0.04331824522307655,0.34281285776319015,0.0,157,16.560509554140125,24.840764331210192,96.81528662420382,52.86624203821656
760,51340220,durham,entire_place,149.8,121.28604056418263,-0.11568046439169562,0.21896721413117454,0.2947542178772743,0.3209795688998739,0.0,157,78.343949044586,87.26114649681529,95.54140127388536,98.72611464968153
761,51430419,durham,entire_place,16.3,58.74869619218898,-0.11568046439169562,0.09653682069547229,0.29913025052918896,-0.27718159604194537,0.0,157,50.955414012738856,91.0828025477707,9.235668789808917,49.681528662420384
762,51686573,durham,entire_place,99.49999999999999,119.82454455463323,-0.11568046439169562,0.2035040813953719,0.19864904131469183,0.42052443121139005,0.0,157,74.20382165605095,63.69426751592356,97.45222929936305,97.45222929936305
763,51704325,durham,entire_place,113.39999999999996,60.50334296332669,-0.11568046439169562,-0.10857683150302987,0.1922044291731647,0.06380203845271389,0.0,157,24.840764331210192,52.22929936305732,72.61146496815286,54.14012738853503
764,51709160,durham,other_specialty,157.70000000000002,86.625982174425,-0.11568046439169562,0.20535657971160776,0.2988266906174315,-0.002767610538748606,0.0,5,100.0,100.0,100.0,100.0
765,51806197,durham,entire_place,50.300000000000004,76.2918868189983,-0.11568046439169562,0.12323480280186443,0.3960465670844408,-0.14335427120431016,0.0,157,57.00636942675159,98.72611464968153,40.76433121019109,78.343949044586
766,52167868,durham,entire_place,85.70000000000002,50.39189687562553,-0.11568046439169562,-0.05626199611741114,0.29813985087760325,-0.2740592374006026,0.0,157,34.394904458598724,87.89808917197452,10.828025477707007,37.57961783439491
767,52399511,durham,entire_place,83.90000000000002,61.961807731109104,-0.11568046439169562,0.20558738478709532,0.186258177442712,-0.2209791404977754,0.0,157,75.15923566878982,47.77070063694268,30.573248407643312,58.59872611464968
768,52457924,durham,entire_place,27.9,29.3313074458995,-0.11568046439169562,0.19022412375337416,-0.783868442958469,0.034162852986040715,0.0,157,72.61146496815286,5.095541401273886,70.06369426751591,11.464968152866243
769,52515542,durham,entire_place,48.89999999999999,60.24558623790306,-0.11568046439169562,0.2035040813953719,-0.11845605582475421,0.05818186549608706,0.0,157,74.20382165605095,21.656050955414013,71.97452229299363,53.503184713375795
770,52578501,durham,entire_place,122.40000000000002,30.616319225190892,-0.11568046439169562,0.3094900849701876,-0.7839933229111651,-0.04348523793350771,0.0,157,95.54140127388536,4.45859872611465,63.05732484076433,14.012738853503185
771,52708900,durham,entire_place,11.500000000000002,20.922586723251246,-0.11568046439169562,0.12844434329216148,-0.7854918823435175,-0.22709689272315792,0.0,157,59.23566878980891,3.821656050955414,28.662420382165603,6.369426751592357
772,52775156,durham,entire_place,8.9,35.00774062949788,-0.11568046439169562,0.3803770125093414,-0.6562377717574861,-0.1120672022622309,0.0,157,98.08917197452229,7.006369426751593,49.681528662420384,16.560509554140125
773,52796413,durham,entire_place,174.79999999999995,168.9316013945506,-0.11568046439169562,0.2618442256612832,0.19871148129103985,0.7031784100580479,0.0,157,87.26114649681529,64.3312101910828,100.0,99.36305732484077
774,53080002,durham,private_room,50.70000000000001,39.01938260568794,-0.11568046439169562,-0.06749684548800064,0.20184793408583163,-0.41664908104506393,0.0,6,33.33333333333333,100.0,33.33333333333333,83.33333333333334
775,53214110,durham,entire_place,107.50000000000001,81.64332531170112,-0.11568046439169562,0.14593530661853105,0.20340893349453212,0.09352792807412177,0.0,157,64.96815286624204,69.42675159235668,78.98089171974523,82.80254777070064
776,714145,gatlinburg,entire_place,67.60000000000002,95.44706826665653,0.30842361667892765,0.03636145579416655,0.19752512174042747,-0.060658210460892995,0.0,222,75.22522522522522,53.82882882882883,36.486486486486484,58.108108108108105
777,2291435,gatlinburg,entire_place,104.10000000000001,70.47899073184445,0.30842361667892765,-0.07829100214708891,0.19164188968617765,-0.23971329234583205,0.0,222,34.00900900900901,47.072072072072075,9.00900900900901,30.180180180180184
778,3343553,gatlinburg,entire_place,612.9999999999999,285.30515451720555,0.30842361667892765,0.2364754551383853,0.3031008533250682,0.7217159319705521,0.0,222,93.69369369369369,95.04504504504504,96.3963963963964,99.09909909909909
779,4424064,gatlinburg,entire_place,633.4999999999999,266.2217951856465,0.30842361667892765,0.14701643544569654,0.20206936573629705,0.8432272305522855,0.0,222,88.28828828828829,63.06306306306306,97.74774774774775,98.64864864864865
780,4909268,gatlinburg,entire_place,101.39999999999998,99.97592670213677,0.30842361667892765,-0.07118456443963098,0.2930683385158777,-0.002767610538748606,0.0,222,36.93693693693694,78.37837837837837,49.0990990990991,61.261261261261254
781,5070970,gatlinburg,entire_place,94.99999999999999,137.23496835747645,0.30842361667892765,0.25742333234089765,0.305200222812628,-0.029434624047465215,0.0,222,95.4954954954955,95.4954954954955,42.11711711711711,84.23423423423422
782,5182574,gatlinburg,entire_place,174.50000000000006,113.96663834862875,0.30842361667892765,0.22707582640319035,0.19746268176407944,-0.07566249861803322,0.0,222,92.7927927927928,53.153153153153156,36.03603603603604,74.77477477477478
783,5241816,gatlinburg,entire_place,120.60000000000001,82.68891460431682,0.30842361667892765,-0.17479478296546935,0.1979746895701332,0.008160644705951117,0.0,222,9.90990990990991,57.65765765765766,53.37837837837838,46.3963963963964
784,5430935,gatlinburg,entire_place,157.29999999999998,132.68433420424103,0.30842361667892765,0.12527991107327263,0.3005782782806082,0.07385714123145244,0.0,222,84.68468468468468,90.09009009009009,63.96396396396396,81.08108108108108
785,5730584,gatlinburg,entire_place,82.00000000000003,79.666265031673,0.30842361667892765,-0.21456283507784552,0.29319321846857377,-0.08407590027096383,0.0,222,4.504504504504505,78.82882882882883,35.13513513513514,42.34234234234234
786,6958838,gatlinburg,entire_place,153.89999999999995,111.95731492503327,0.30842361667892765,0.132865236612547,-0.052845287438339064,0.2512240787384171,0.0,222,85.58558558558559,27.927927927927925,78.37837837837837,72.97297297297297
787,8013905,gatlinburg,entire_place,98.69999999999996,158.15214772246756,0.30842361667892765,0.26918146844422863,0.19883636124373588,0.20607684349624983,0.0,222,96.3963963963964,61.711711711711715,74.77477477477478,90.54054054054053
788,9407002,gatlinburg,entire_place,13.7,74.27914245004534,0.30842361667892765,0.35553152871918503,-0.6548016523014817,0.22470725191308671,0.0,222,99.09909909909909,13.963963963963963,76.12612612612612,36.93693693693694
789,11379597,gatlinburg,entire_place,129.4,114.09432125499278,0.30842361667892765,-0.13245833584894345,0.29381761823205393,0.18862671922817537,0.0,222,17.56756756756757,79.27927927927928,72.97297297297297,75.22522522522522
790,11545616,gatlinburg,entire_place,16.0,54.046432402341864,0.30842361667892765,-0.1357981003421635,-0.054356334865961156,-0.19743448563040156,0.0,222,16.216216216216218,27.47747747747748,19.36936936936937,18.46846846846847
791,11545623,gatlinburg,entire_place,15.700000000000003,56.974934198414125,0.30842361667892765,-0.07614602217359921,-0.05436882286123075,-0.2052403822337585,0.0,222,34.68468468468468,27.027027027027028,16.89189189189189,19.81981981981982
792,11545639,gatlinburg,entire_place,16.899999999999995,46.722617281164375,0.30842361667892765,-0.11591407428597539,-0.162243731857745,-0.25220272691120316,0.0,222,22.52252252252252,22.972972972972975,7.657657657657657,14.414414414414415
793,11545643,gatlinburg,entire_place,13.5,26.519697157998586,0.30842361667892765,-0.09603004822978731,-0.7842770743372802,-0.2005568442717443,0.0,222,28.37837837837838,7.207207207207207,18.46846846846847,0.45045045045045046
794,11545649,gatlinburg,entire_place,87.70000000000003,80.82453858430712,0.30842361667892765,-0.1295247087055422,0.3967833588053475,-0.2584474441938887,0.0,222,18.243243243243242,98.87387387387388,6.081081081081082,43.69369369369369
795,11545708,gatlinburg,entire_place,105.19999999999999,223.41054803423606,0.30842361667892765,-0.03744182120754726,-0.13654014281613586,1.1916931666574462,0.0,222,49.0990990990991,23.873873873873876,99.09909909909909,97.74774774774775
796,11545736,gatlinburg,entire_place,36.599999999999994,27.677294903762938,0.30842361667892765,-0.06987263053697793,-1.0029039457533113,0.033116292210610125,0.0,222,37.38738738738739,0.9009009009009009,58.55855855855856,2.2522522522522523
797,11545816,gatlinburg,entire_place,89.29999999999998,81.68725319630437,0.30842361667892765,-0.11591407428597539,0.3967833588053475,-0.26156980283523146,0.0,222,22.52252252252252,98.87387387387388,4.2792792792792795,44.5945945945946
798,11545858,gatlinburg,entire_place,30.900000000000002,52.81618698145198,0.30842361667892765,-0.089756656593166,-0.0526205035234862,-0.26781452011791707,0.0,222,29.954954954954953,28.37837837837838,2.7027027027027026,18.01801801801802
799,11545887,gatlinburg,entire_place,48.2,64.9865518078019,0.30842361667892765,-0.1295247087055422,0.17697360030378984,-0.25376390623187456,0.0,222,18.243243243243242,44.14414414414414,7.207207207207207,23.423423423423422
800,11545893,gatlinburg,entire_place,239.19999999999996,258.94873672098043,0.30842361667892765,-0.12821277480288912,0.1803203830360437,1.1126108614745294,0.0,222,19.144144144144143,46.3963963963964,98.64864864864865,98.1981981981982
801,11545940,gatlinburg,entire_place,9.2,66.34731493654122,0.30842361667892765,-0.11591407428597539,-0.0594153592324171,-0.010573507142105545,0.0,222,22.52252252252252,25.225225225225223,45.4954954954955,25.225225225225223
802,11546013,gatlinburg,entire_place,52.3,34.313187790317,0.30842361667892765,-0.06359923890035664,-0.7776320745715846,0.009721824026622507,0.0,222,41.44144144144144,8.558558558558559,54.054054054054056,6.756756756756757
803,11546055,gatlinburg,entire_place,124.69999999999997,88.99335219765112,0.30842361667892765,-0.1543701924956985,0.39649613491414654,-0.13815611469705522,0.0,222,13.513513513513514,98.1981981981982,26.8018018018018,53.6036036036036
804,12263665,gatlinburg,entire_place,139.7,132.25246352056092,0.30842361667892765,0.1650479631856488,0.19256600133612836,0.13886561090224353,0.0,222,90.09009009009009,49.549549549549546,69.36936936936937,80.18018018018019
805,12473610,gatlinburg,entire_place,154.00000000000003,107.50957711709535,0.30842361667892765,0.10305829508842244,0.29956675066377025,-0.11155258371699012,0.0,222,81.98198198198197,83.1081081081081,31.98198198198198,68.91891891891892
806,12882506,gatlinburg,entire_place,19.3,57.77364303322932,0.30842361667892765,-0.23444686113403357,-0.22007309290893046,0.13244748531008857,0.0,222,2.7027027027027026,21.62162162162162,68.46846846846847,20.72072072072072
807,13028680,gatlinburg,entire_place,337.8000000000001,179.19131372068637,0.30842361667892765,0.14570450154304349,0.1970367036426466,0.4555119598687044,0.0,222,87.83783783783784,51.80180180180181,88.28828828828829,94.14414414414415
808,13275311,gatlinburg,entire_place,73.60000000000002,85.78525348330265,0.30842361667892765,-0.12821277480288912,0.1985241613619958,-0.0026406454814456174,0.0,222,19.144144144144143,61.261261261261254,49.77477477477478,50.9009009009009
809,13465430,gatlinburg,entire_place,42.20000000000001,39.1635397256498,0.30842361667892765,-0.22817346949741235,-0.25378071839407956,-0.22085217544047236,0.0,222,3.153153153153153,19.81981981981982,12.612612612612612,11.26126126126126
810,13641194,gatlinburg,entire_place,65.70000000000002,58.531205300663274,0.30842361667892765,-0.022226771228073507,-0.35933453218712885,0.07229596191078105,0.0,222,65.09009009009009,19.144144144144143,63.51351351351351,21.17117117117117
811,13641368,gatlinburg,entire_place,63.70000000000001,91.33025817132847,0.30842361667892765,-0.02956401401101901,0.04474536861892124,0.11442458194282534,0.0,222,58.108108108108105,36.486486486486484,66.66666666666666,54.95495495495496
812,13641369,gatlinburg,entire_place,48.400000000000006,38.57648514110753,0.30842361667892765,-0.04998860448078984,-0.8875427309366979,0.22000049232498933,0.0,222,43.69369369369369,1.8018018018018018,75.22522522522522,10.36036036036036
813,13641439,gatlinburg,entire_place,84.59999999999997,65.54948989248834,0.30842361667892765,-0.022226771228073507,-0.7757338992906048,0.6001405748937363,0.0,222,65.09009009009009,10.36036036036036,93.91891891891892,23.873873873873876
814,13641442,gatlinburg,entire_place,216.40000000000003,75.11841553278583,0.30842361667892765,-0.01595337959145221,0.04367140102573529,-0.09119377001961056,0.0,222,68.24324324324324,32.88288288288289,34.234234234234236,38.73873873873874
815,13641445,gatlinburg,entire_place,265.89999999999986,172.94265258076288,0.30842361667892765,-0.06802013222074212,0.27713678338658854,0.5538430354449186,0.0,222,38.73873873873874,76.35135135135135,91.8918918918919,93.69369369369369
816,13641450,gatlinburg,entire_place,219.99999999999991,188.24968272605975,0.30842361667892765,-0.02956401401101901,0.2767246795426916,0.6001405748937363,0.0,222,58.108108108108105,75.45045045045045,93.91891891891892,95.94594594594594
817,13641451,gatlinburg,entire_place,278.90000000000003,133.17535474307232,0.30842361667892765,-0.043174648430585806,0.042497529470392495,0.5040587054929037,0.0,222,46.3963963963964,31.08108108108108,89.63963963963964,81.53153153153153
818,13641453,gatlinburg,entire_place,93.10000000000002,36.80561475547612,0.30842361667892765,-0.03637797006122304,-0.7773698266709229,0.050439451421381606,0.0,222,50.0,9.45945945945946,60.810810810810814,9.45945945945946
819,13641456,gatlinburg,entire_place,50.400000000000006,102.45454891467463,0.30842361667892765,-0.022226771228073507,0.17768541603415727,0.08790775511749495,0.0,222,65.09009009009009,45.4954954954955,64.86486486486487,63.06306306306306
820,13641458,gatlinburg,entire_place,28.7,55.50714527891769,0.30842361667892765,-0.01649394400503496,-0.7753342834419774,0.43042934730674237,0.0,222,66.66666666666666,10.81081081081081,87.16216216216216,19.36936936936937
821,13641460,gatlinburg,entire_place,182.79999999999995,144.01656962294865,0.30842361667892765,-0.02956401401101901,0.27713678338658854,0.33350926436781325,0.0,222,58.108108108108105,76.35135135135135,82.88288288288288,87.83783783783784
822,13641467,gatlinburg,entire_place,221.69999999999987,183.5575578780181,0.30842361667892765,-0.02956401401101901,0.2767246795426916,0.5750347407056912,0.0,222,58.108108108108105,75.45045045045045,93.24324324324324,95.04504504504504
823,13641468,gatlinburg,entire_place,124.19999999999996,107.50298923280766,0.30842361667892765,-0.02956401401101901,0.044245848808137075,0.2763299129264623,0.0,222,58.108108108108105,35.13513513513514,80.18018018018019,68.46846846846847
824,13641470,gatlinburg,entire_place,60.00000000000001,109.48171268876614,0.30842361667892765,-0.02956401401101901,0.04358398505884807,0.295064064774519,0.0,222,58.108108108108105,31.53153153153153,80.63063063063063,69.81981981981981
825,13641472,gatlinburg,entire_place,106.29999999999998,46.31484984123607,0.30842361667892765,-0.03637797006122304,-0.7757713632764136,0.27320755428511956,0.0,222,50.0,9.90990990990991,79.72972972972973,13.963963963963963
826,13641475,gatlinburg,entire_place,61.59999999999997,57.031356548503695,0.30842361667892765,-0.002342745171885415,-0.35933453218712885,0.02689479655400779,0.0,222,71.62162162162163,19.144144144144143,58.108108108108105,20.27027027027027
827,13641476,gatlinburg,entire_place,65.19999999999999,52.782974430796266,0.30842361667892765,-0.022226771228073507,-0.7753217954467079,0.3867395479540267,0.0,222,65.09009009009009,11.26126126126126,85.58558558558559,17.56756756756757
828,13641481,gatlinburg,entire_place,80.59999999999997,132.37427714893823,0.30842361667892765,-0.08790415827693021,0.04563201628306314,0.5396654565015732,0.0,222,31.08108108108108,38.288288288288285,90.54054054054053,80.63063063063063
829,13641483,gatlinburg,entire_place,97.29999999999997,81.42709204254115,0.30842361667892765,-0.02956401401101901,0.04379628097843134,0.0019159274232655628,0.0,222,58.108108108108105,34.234234234234236,51.57657657657657,44.14414414414414
830,13641492,gatlinburg,entire_place,71.3,81.81404791113101,0.30842361667892765,-0.02956401401101901,0.04379628097843134,0.006599465385279729,0.0,222,58.108108108108105,34.234234234234236,52.47747747747747,45.4954954954955
831,13641493,gatlinburg,entire_place,92.29999999999998,96.13135913015626,0.30842361667892765,-0.10151479269649699,0.2752136321150695,0.006599465385279729,0.0,222,26.351351351351347,74.32432432432432,52.47747747747747,59.009009009009006
832,13641497,gatlinburg,entire_place,47.29999999999999,66.1920676855408,0.30842361667892765,-0.02956401401101901,0.04362144904465688,-0.2022682102758019,0.0,222,58.108108108108105,32.432432432432435,17.56756756756757,24.774774774774773
833,13641498,gatlinburg,entire_place,30.1,51.40706165547027,0.30842361667892765,-0.03637797006122304,-0.7808414893558728,0.38049483067134116,0.0,222,50.0,7.657657657657657,85.13513513513513,16.216216216216218
834,13641501,gatlinburg,entire_place,237.80000000000004,87.19191981715187,0.30842361667892765,-0.02956401401101901,0.2748639682475206,-0.16155058288104282,0.0,222,58.108108108108105,73.1981981981982,23.423423423423422,52.25225225225225
835,13641503,gatlinburg,entire_place,159.20000000000005,118.47138967493314,0.30842361667892765,-0.10151479269649699,0.041373609896128136,0.4474521331507415,0.0,222,26.351351351351347,30.630630630630627,87.83783783783784,77.02702702702703
836,13641508,gatlinburg,entire_place,53.00000000000001,93.02501760106506,0.30842361667892765,-0.04079886338160852,0.1773107761760691,0.011283003347293895,0.0,222,48.1981981981982,45.04504504504504,54.729729729729726,55.85585585585585
837,13641510,gatlinburg,entire_place,40.2,75.86937095686875,0.30842361667892765,-0.06802013222074212,0.04379628097843134,-0.029434624047465215,0.0,222,38.73873873873874,34.234234234234236,42.11711711711711,40.090090090090094
838,13641524,gatlinburg,entire_place,125.70000000000003,99.9185428267673,0.30842361667892765,-0.01595337959145221,0.2748639682475206,-0.040362879292164935,0.0,222,68.24324324324324,73.1981981981982,40.54054054054054,60.810810810810814
839,13641546,gatlinburg,entire_place,59.69999999999999,27.386973075254602,0.30842361667892765,-0.0358374056476403,-0.7774072906567318,-0.23659093370448925,0.0,222,51.35135135135135,9.00900900900901,9.45945945945946,1.8018018018018018
840,13641565,gatlinburg,entire_place,41.39999999999999,69.98102670202516,0.30842361667892765,-0.02956401401101901,0.043733841002083315,-0.14752319062108354,0.0,222,58.108108108108105,33.33333333333333,24.774774774774773,29.27927927927928
841,13641566,gatlinburg,entire_place,49.6,69.72527754126831,0.30842361667892765,-0.02956401401101901,0.04480780859526927,-0.15220672858309772,0.0,222,58.108108108108105,36.93693693693694,24.324324324324326,28.82882882882883
842,13641573,gatlinburg,entire_place,37.89999999999999,147.6942627921143,0.30842361667892765,-0.07560545776001645,0.04555708831144552,0.6361746643264813,0.0,222,35.13513513513514,37.83783783783784,95.4954954954955,88.73873873873875
843,13641576,gatlinburg,entire_place,262.59999999999997,81.71881816907208,0.30842361667892765,-0.043174648430585806,0.27451430437997165,-0.2116585078259135,0.0,222,46.3963963963964,72.52252252252252,14.864864864864865,45.04504504504504
844,13641577,gatlinburg,entire_place,135.3,139.71349581707875,0.30842361667892765,-0.043174648430585806,0.27552583199680963,0.31860871964189286,0.0,222,46.3963963963964,74.77477477477478,82.43243243243244,85.58558558558559
845,13641580,gatlinburg,entire_place,197.29999999999993,84.22374049288702,0.30842361667892765,-0.02956401401101901,0.27495138421440785,-0.19587330630973016,0.0,222,58.108108108108105,73.87387387387388,20.27027027027027,48.64864864864865
846,13641585,gatlinburg,entire_place,91.00000000000001,83.20186292294146,0.30842361667892765,-0.054409497801175315,0.04467044064730362,0.047190127722735835,0.0,222,42.792792792792795,36.03603603603604,59.909909909909906,47.2972972972973
847,13641589,gatlinburg,entire_place,263.49999999999994,61.32352874610509,0.30842361667892765,-0.01595337959145221,0.04531981640132303,-0.2927933892486593,0.0,222,68.24324324324324,37.38738738738739,0.6756756756756757,22.52252252252252
848,13641590,gatlinburg,entire_place,48.400000000000006,64.02560842421792,0.30842361667892765,-0.02956401401101901,0.04360896104938726,-0.23502975438381785,0.0,222,58.108108108108105,31.98198198198198,9.90990990990991,22.972972972972975
849,13641591,gatlinburg,entire_place,107.50000000000001,159.4292565155191,0.30842361667892765,-0.12033496760636087,0.17978339923945075,0.6226386689856797,0.0,222,21.62162162162162,45.94594594594595,95.04504504504504,91.44144144144144
850,13641599,gatlinburg,entire_place,182.60000000000002,28.592805837408708,0.30842361667892765,-0.04079886338160852,-0.7776570505621239,-0.1897787757104308,0.0,222,48.1981981981982,8.108108108108109,20.72072072072072,3.6036036036036037
851,13728237,gatlinburg,entire_place,109.00000000000004,67.2614377467667,0.30842361667892765,-0.26060427882684295,0.2996916306164663,-0.21150832114252727,0.0,222,1.3513513513513513,84.90990990990991,15.315315315315313,25.675675675675674
852,13988934,gatlinburg,entire_place,88.80000000000001,33.679686322170234,0.30842361667892765,-0.14994929917531305,-0.5599452752658597,-0.1397172940177266,0.0,222,14.414414414414415,16.216216216216218,26.126126126126124,5.8558558558558556
853,14088459,gatlinburg,entire_place,40.500000000000014,38.94183845938925,0.30842361667892765,-0.06908398336706632,-0.7843679627692532,0.1451103281849291,0.0,222,37.83783783783784,6.756756756756757,69.81981981981981,10.81081081081081
854,14119606,gatlinburg,entire_place,109.7,135.27751340660686,0.30842361667892765,-0.09657061264337004,0.3006532062522258,0.31484477739800626,0.0,222,27.927927927927925,91.44144144144144,81.98198198198197,82.88288288288288
855,14127067,gatlinburg,entire_place,18.900000000000002,134.92646570457217,0.30842361667892765,0.018312650373373,0.29989143854078,0.1981439818355899,0.0,222,73.87387387387388,85.58558558558559,73.87387387387388,82.43243243243244
856,14299409,gatlinburg,entire_place,126.99999999999997,71.36013912108503,0.30842361667892765,-0.22190007786079102,0.19808708152755963,-0.09029739592756617,0.0,222,3.6036036036036037,58.55855855855856,34.68468468468468,32.432432432432435
857,14303756,gatlinburg,entire_place,227.10000000000005,112.387219427576,0.30842361667892765,0.1723852059685943,0.19833684143295172,-0.03567934133015077,0.0,222,91.44144144144144,60.36036036036037,40.99099099099099,73.42342342342343
858,14738255,gatlinburg,entire_place,38.099999999999994,35.28007866870107,0.30842361667892765,-0.2428479550633033,-0.6566748515919223,0.09502562486614166,0.0,222,2.2522522522522523,12.162162162162163,65.31531531531532,9.00900900900901
859,14757884,gatlinburg,entire_place,26.199999999999996,80.15488854124031,0.30842361667892765,0.008059058127867474,0.19777488164581955,-0.2052403822337585,0.0,222,72.52252252252252,56.08108108108109,16.89189189189189,42.792792792792795
860,15042108,gatlinburg,entire_place,44.89999999999999,74.12326691673506,0.30842361667892765,-0.2703173066587658,0.1918292096152217,0.0018524448946140616,0.0,222,0.9009009009009009,47.97297297297297,50.9009009009009,36.486486486486484
861,15287653,gatlinburg,entire_place,136.8,83.05475715463736,0.30842361667892765,-0.15543404364202273,0.29956675066377025,-0.10843022507564731,0.0,222,12.612612612612612,83.1081081081081,32.432432432432435,46.846846846846844
862,15406753,gatlinburg,entire_place,159.40000000000003,201.9720354684643,0.30842361667892765,0.2605877645597865,0.3006374499315241,0.35607702333800617,0.0,222,95.94594594594594,90.990990990991,83.78378378378379,97.2972972972973
863,15478850,gatlinburg,entire_place,90.60000000000002,162.0365582507744,0.30842361667892765,0.29427503499071384,0.29641838957356376,0.10751505943151277,0.0,222,97.74774774774775,80.63063063063063,66.21621621621621,92.34234234234235
864,15594924,gatlinburg,private_room,71.20000000000003,23.601028771764817,0.30842361667892765,-0.17610671686812243,-0.6497920002162494,-0.3670789962715173,0.0,2,50.0,50.0,50.0,50.0
865,15679288,gatlinburg,entire_place,216.19999999999993,165.98159258353772,0.30842361667892765,0.13126082105264,0.19956066496937291,0.3912961208587379,0.0,222,85.13513513513513,62.612612612612615,86.03603603603604,92.7927927927928
866,15751796,gatlinburg,entire_place,171.59999999999994,181.96049302597578,0.30842361667892765,-0.017034508418617693,0.30218922967038714,0.5283495477689356,0.0,222,66.21621621621621,94.14414414414415,90.09009009009009,94.5945945945946
867,16294115,gatlinburg,entire_place,97.70000000000002,87.40924305548413,0.30842361667892765,-0.0063229457807696295,-0.07282572210211839,0.16535921610149074,0.0,222,71.17117117117117,24.324324324324326,71.17117117117117,52.702702702702695
868,16421591,gatlinburg,entire_place,105.50000000000003,80.32099736797555,0.30842361667892765,0.06985611626992144,0.19279078525098123,-0.2600086235145601,0.0,222,77.02702702702703,50.0,5.405405405405405,43.24324324324324
869,16487035,gatlinburg,entire_place,166.39999999999998,192.45487818987561,0.30842361667892765,0.23699874187112685,0.07574210065105137,0.5565374796957554,0.0,222,94.14414414414415,41.44144144144144,92.34234234234235,96.3963963963964
870,16612464,gatlinburg,entire_place,89.40000000000003,83.71442968323612,0.30842361667892765,-0.009449182879343335,0.2878719462014561,-0.23490278932651487,0.0,222,70.72072072072072,77.02702702702703,10.36036036036036,48.1981981981982
871,16688985,gatlinburg,entire_place,150.40000000000006,89.81010807017942,0.30842361667892765,0.09440911840282387,0.17546255287616774,-0.15686704491902867,0.0,222,80.4054054054054,42.792792792792795,23.873873873873876,54.5045045045045
872,16939984,gatlinburg,entire_place,5.199999999999999,30.423065286778897,0.30842361667892765,-0.17585863411179353,-0.6555509320176579,-0.11681422275289655,0.0,222,9.45945945945946,12.612612612612612,30.630630630630627,4.504504504504505
873,16946160,gatlinburg,entire_place,101.59999999999997,138.58798069075982,0.30842361667892765,0.1519606154988235,0.3952972873682646,-0.004328789859419994,0.0,222,89.1891891891892,95.94594594594594,47.74774774774775,84.68468468468468
874,17027904,gatlinburg,entire_place,54.59999999999998,76.52262892270747,0.30842361667892765,0.2804163178148182,-0.6846383870558049,0.35902597366987954,0.0,222,96.84684684684684,11.711711711711711,84.23423423423422,40.54054054054054
875,17217549,gatlinburg,entire_place,230.89999999999992,72.85861670519982,0.30842361667892765,-0.18213202574841486,0.3000038304982064,-0.21148509951644406,0.0,222,7.4324324324324325,86.48648648648648,15.99099099099099,34.68468468468468
876,17220173,gatlinburg,entire_place,26.9,73.10328318333288,0.30842361667892765,-0.10205535711007975,-0.23632927798325148,0.24807849847099112,0.0,222,25.675675675675674,21.17117117117117,77.92792792792793,35.13513513513514
877,17240943,gatlinburg,entire_place,96.39999999999998,111.94502313288424,0.30842361667892765,0.008599622541450212,0.1772982881807995,0.14523729324223209,0.0,222,72.97297297297297,44.5945945945946,70.27027027027027,72.52252252252252
878,17587451,gatlinburg,entire_place,182.70000000000005,137.1184197241808,0.30842361667892765,0.3641807054047836,0.30059076627587783,-0.13242601595961045,0.0,222,99.54954954954955,90.54054054054053,28.82882882882883,83.78378378378379
879,17944720,gatlinburg,entire_place,241.99999999999994,166.9548772075924,0.30842361667892765,0.29796275394234417,0.20521911310876986,0.224747512815655,0.0,222,98.1981981981982,69.81981981981981,76.57657657657657,93.24324324324324
880,18059703,gatlinburg,entire_place,84.20000000000003,48.50908752520605,0.30842361667892765,-0.32240133696889695,-0.026292948823807297,-0.14491545052498156,0.0,222,0.45045045045045046,29.72972972972973,25.675675675675674,14.864864864864865
881,18374655,gatlinburg,entire_place,62.100000000000016,76.60917304857887,0.30842361667892765,-0.04079886338160852,0.19727536183503538,-0.2005568442717443,0.0,222,48.1981981981982,52.47747747747747,18.46846846846847,40.99099099099099
882,18634670,gatlinburg,entire_place,166.70000000000002,111.6691099473696,0.30842361667892765,0.2011664914667098,0.2032085458703636,-0.07568572024411643,0.0,222,92.34234234234235,65.76576576576578,35.585585585585584,71.62162162162163
883,18703228,gatlinburg,entire_place,10.000000000000002,38.01757868274173,0.30842361667892765,0.1402024793954925,-0.6495428200107121,-0.22241335476114377,0.0,222,86.93693693693693,14.864864864864865,12.162162162162163,9.90990990990991
884,18957447,gatlinburg,entire_place,131.70000000000005,143.68322140768734,0.30842361667892765,0.3662258136761919,0.19814952150390766,0.014405361988636674,0.0,222,100.0,59.23423423423423,55.85585585585585,86.93693693693693
885,19086073,gatlinburg,entire_place,46.79999999999999,40.99789658631235,0.30842361667892765,0.14311882885805247,-0.6551762921595699,-0.14608897635771514,0.0,222,87.38738738738738,13.063063063063062,25.225225225225223,12.612612612612612
886,19121538,gatlinburg,entire_place,9.8,26.53407411927207,0.30842361667892765,-0.2036204673645099,-0.8990594351398056,0.022338223649296614,0.0,222,5.405405405405405,1.3513513513513513,57.20720720720721,0.9009009009009009
887,19212980,gatlinburg,entire_place,90.20000000000002,107.4814726530688,0.30842361667892765,0.11298121055635889,0.19789976159851558,-0.02006754812343687,0.0,222,83.33333333333334,56.981981981981974,42.792792792792795,68.01801801801803
888,19266182,gatlinburg,entire_place,126.50000000000006,71.16520225258373,0.30842361667892765,-0.07829100214708891,0.1918292096152217,-0.2303462164218037,0.0,222,34.00900900900901,47.97297297297297,10.81081081081081,31.98198198198198
889,19313230,gatlinburg,entire_place,40.10000000000001,54.70032000100126,0.30842361667892765,-0.20937057226838968,-0.1558360040021718,-0.010573507142105545,0.0,222,4.954954954954955,23.423423423423422,45.4954954954955,18.91891891891892
890,19453042,gatlinburg,entire_place,60.89999999999999,120.36942131812405,0.30842361667892765,-0.04294384335509822,-0.029021911241065138,0.47503874237758564,0.0,222,47.2972972972973,28.82882882882883,88.73873873873875,78.37837837837837
891,19776655,gatlinburg,entire_place,132.40000000000006,94.59683278241306,0.30842361667892765,-0.036129887304894186,0.29956675066377025,-0.099063149151619,0.0,222,50.9009009009009,83.1081081081081,33.33333333333333,57.65765765765766
892,19844145,gatlinburg,entire_place,252.4000000000001,158.9942825403815,0.30842361667892765,-0.1962832245815644,0.3013899979731325,0.5742653316709497,0.0,222,6.306306306306306,93.69369369369369,92.7927927927928,90.990990990991
893,20000020,gatlinburg,entire_place,187.69999999999993,74.48616105633592,0.30842361667892765,-0.06651558836291663,-0.07276328212577036,0.06746223726538068,0.0,222,39.63963963963964,24.774774774774773,62.612612612612615,37.38738738738739
894,20153481,gatlinburg,entire_place,48.400000000000006,52.72339760760466,0.30842361667892765,0.08079848398325708,-0.2373907575811678,-0.2553250855525459,0.0,222,77.92792792792793,20.72072072072072,6.756756756756757,17.117117117117118
895,20172876,gatlinburg,entire_place,15.400000000000002,101.95677082684549,0.30842361667892765,0.13859806383558554,0.1928038529461057,-0.09285869277150169,0.0,222,86.48648648648648,50.45045045045045,33.78378378378378,62.16216216216216
896,20484857,gatlinburg,entire_place,152.49999999999994,142.83972213871786,0.30842361667892765,0.2880016433540925,0.30031603037994653,-0.015384010161422705,0.0,222,97.2972972972973,87.83783783783784,43.91891891891892,86.48648648648648
897,20493420,gatlinburg,entire_place,56.5,32.57618438354788,0.30842361667892765,-0.0317089939845087,-0.6542396925143495,-0.19600027136703313,0.0,222,52.25225225225225,14.414414414414415,19.81981981981982,5.405405405405405
898,20606577,gatlinburg,entire_place,231.80000000000007,105.17247070462976,0.30842361667892765,-0.16852139132884805,0.3005158383042602,0.13730443158157216,0.0,222,10.585585585585585,89.1891891891892,68.91891891891892,65.76576576576578
899,20606597,gatlinburg,entire_place,234.70000000000005,96.18716879652551,0.30842361667892765,-0.16852139132884805,0.3005158383042602,0.04887827210071022,0.0,222,10.585585585585585,89.1891891891892,60.36036036036037,59.45945945945946
900,20611783,gatlinburg,entire_place,148.0,160.27338734279957,0.30842361667892765,-0.04944804006720711,0.04609407210803847,0.6906889754926769,0.0,222,44.14414414414414,38.73873873873874,95.94594594594594,91.8918918918919
901,20612210,gatlinburg,entire_place,57.20000000000001,68.70441379319475,0.30842361667892765,-0.02956401401101901,0.04429580078921548,-0.16623412084305697,0.0,222,58.108108108108105,35.585585585585584,22.52252252252252,27.927927927927925
902,20889330,gatlinburg,entire_place,45.099999999999994,82.06924263795311,0.30842361667892765,-0.15155371473522,-0.18809650100242442,0.3635587489820768,0.0,222,13.963963963963963,22.52252252252252,84.68468468468468,45.94594594594595
903,20889332,gatlinburg,entire_place,18.699999999999996,104.63639549889874,0.30842361667892765,-0.098175028203277,0.06491362247003836,0.29749839656115157,0.0,222,27.47747747747748,40.090090090090094,81.08108108108108,65.31531531531532
904,20889333,gatlinburg,entire_place,56.6,70.48671573154475,0.30842361667892765,-0.030104578424601753,0.06906102318181319,-0.16521078169370962,0.0,222,53.153153153153156,40.99099099099099,22.972972972972975,30.630630630630627
905,20916110,gatlinburg,entire_place,97.49999999999999,71.64459677615326,0.30842361667892765,-0.10467922491538587,0.04890575658425937,-0.05441349317820744,0.0,222,24.324324324324326,39.189189189189186,37.38738738738739,32.88288288288289
906,21039361,gatlinburg,entire_place,131.39999999999998,93.44227650248504,0.30842361667892765,-0.06466309004668085,0.3956094872500047,-0.1787235554084281,0.0,222,40.54054054054054,96.62162162162163,21.62162162162162,56.30630630630631
907,21068508,gatlinburg,entire_place,92.4,85.10688038986504,0.30842361667892765,0.13578158607510699,0.20278453373105193,-0.27874277536261677,0.0,222,86.03603603603604,63.51351351351351,1.3513513513513513,49.0990990990991
908,21126026,gatlinburg,entire_place,90.09999999999997,27.293686386927497,0.30842361667892765,-0.18213202574841486,-0.6548266282920209,-0.21616863747845821,0.0,222,7.4324324324324325,13.513513513513514,13.73873873873874,1.3513513513513513
909,21187184,gatlinburg,entire_place,113.89999999999998,68.58025895425659,0.30842361667892765,-0.05213358445427955,0.19164188968617765,-0.2927933892486593,0.0,222,43.24324324324324,47.072072072072075,0.6756756756756757,27.47747747747748
910,21221382,gatlinburg,entire_place,46.999999999999986,146.0893050088264,0.30842361667892765,0.23616569580029018,0.19214140949696182,0.16696683867432854,0.0,222,93.24324324324324,48.64864864864865,71.62162162162163,88.28828828828829
911,21290096,gatlinburg,entire_place,18.199999999999996,75.20153632639953,0.30842361667892765,-0.06491117280300969,0.20308366591766758,-0.2005568442717443,0.0,222,40.090090090090094,65.31531531531532,18.46846846846847,39.189189189189186
912,21447250,gatlinburg,entire_place,490.4999999999999,598.4182099461692,0.30842361667892765,0.047055740751173344,0.4030273564401495,1.5501104621101256,0.0,222,75.67567567567568,100.0,100.0,100.0
913,21523075,gatlinburg,entire_place,147.30000000000007,93.5936684494943,0.30842361667892765,0.09440911840282387,0.19752512174042747,-0.13810967144488878,0.0,222,80.4054054054054,53.82882882882883,27.47747747747748,56.75675675675676
914,21576224,gatlinburg,entire_place,129.19999999999993,106.38052519973198,0.30842361667892765,0.09572105230547691,0.29956675066377025,-0.1146749423583329,0.0,222,81.08108108108108,83.1081081081081,31.53153153153153,66.66666666666666
915,21740186,gatlinburg,entire_place,57.39999999999999,103.83690264584409,0.30842361667892765,0.24219100468058263,-0.24248210155166539,0.2569309558497787,0.0,222,95.04504504504504,20.27027027027027,79.27927927927928,63.51351351351351
916,22085309,gatlinburg,entire_place,124.40000000000002,105.37280874331478,0.30842361667892765,0.1878483387043969,0.2995043106874222,-0.21616863747845821,0.0,222,91.8918918918919,81.98198198198197,13.73873873873874,66.21621621621621
917,22192344,gatlinburg,entire_place,188.49999999999997,88.8293657168963,0.30842361667892765,-0.03506603615856997,0.3956594392310831,-0.2584474441938887,0.0,222,51.80180180180181,97.2972972972973,6.081081081081082,53.153153153153156
918,22229634,gatlinburg,entire_place,24.399999999999995,60.59072671374304,0.30842361667892765,-0.012073050684649447,-0.2198233330035384,-0.04335827287620472,0.0,222,69.36936936936937,22.07207207207207,39.63963963963964,22.07207207207207
919,22340288,gatlinburg,entire_place,66.29999999999998,95.87033398999667,0.30842361667892765,0.10908360396871487,0.2034707937710253,-0.13494705190097772,0.0,222,82.88288288288288,66.21621621621621,28.37837837837838,58.55855855855856
920,22463774,gatlinburg,entire_place,13.799999999999997,60.316926781971965,0.30842361667892765,-0.21510339949142826,0.19696316195329527,-0.26156980283523146,0.0,222,4.054054054054054,51.35135135135135,4.2792792792792795,21.62162162162162
921,22549335,gatlinburg,entire_place,165.5,107.3515995288856,0.30842361667892765,-0.10336729101273281,0.20589404455318333,0.18708876153358717,0.0,222,24.774774774774773,71.17117117117117,72.52252252252252,67.56756756756756
922,22584224,gatlinburg,entire_place,140.89999999999998,85.35287657256916,0.30842361667892765,-0.15491075690928124,-0.5629562684081004,0.780543166887309,0.0,222,13.063063063063062,15.765765765765765,97.2972972972973,50.0
923,22630320,gatlinburg,entire_place,217.60000000000005,149.6852614871719,0.30842361667892765,0.15089676435249927,0.3963213029803721,0.07220925775604634,0.0,222,88.73873873873875,97.74774774774775,63.06306306306306,89.1891891891892
924,22785909,gatlinburg,entire_place,136.59999999999997,76.89206993561395,0.30842361667892765,-0.06802013222074212,-0.05718386834699514,0.08476217485006896,0.0,222,38.73873873873874,26.126126126126124,64.41441441441441,41.44144144144144
925,22786070,gatlinburg,entire_place,78.99999999999997,74.48968297883063,0.30842361667892765,-0.02956401401101901,-0.05804554002059782,0.015839576252005078,0.0,222,58.108108108108105,25.675675675675674,56.30630630630631,37.83783783783784
926,22792269,gatlinburg,entire_place,325.29999999999995,136.14721171486542,0.30842361667892765,-0.030104578424601753,0.07984012908160266,0.4755533609228265,0.0,222,53.153153153153156,41.891891891891895,89.1891891891892,83.33333333333334
927,22792274,gatlinburg,entire_place,63.19999999999999,143.96161066748718,0.30842361667892765,-0.044779063990492765,0.20769231587200632,0.41778972605798503,0.0,222,45.04504504504504,71.62162162162163,86.48648648648648,87.38738738738738
928,22792275,gatlinburg,entire_place,440.70000000000016,360.46219247139885,0.30842361667892765,-0.12087553201994362,0.30240935897754156,1.3128576486202408,0.0,222,20.945945945945947,94.5945945945946,99.54954954954955,99.54954954954955
929,22792398,gatlinburg,entire_place,335.10000000000014,117.08774762003284,0.30842361667892765,-0.11460214038332232,-0.5537012776310577,1.0439654146171546,0.0,222,23.873873873873876,17.56756756756757,98.1981981981982,76.12612612612612
930,22849478,gatlinburg,entire_place,101.80000000000003,98.11869601183514,0.30842361667892765,0.0023262309048289196,0.30042842233737294,-0.10220254706944683,0.0,222,72.07207207207207,88.28828828828829,32.88288288288289,60.36036036036037
931,22900663,gatlinburg,entire_place,104.69999999999999,104.00197428992443,0.30842361667892765,0.08788764400987374,0.2996291906401183,-0.12930365731826765,0.0,222,78.82882882882883,84.23423423423422,29.27927927927928,64.41441441441441
932,22916576,gatlinburg,entire_place,16.8,35.04045034075847,0.30842361667892765,-0.029333208935531423,-0.7899514829370325,0.008160644705951117,0.0,222,63.06306306306306,5.18018018018018,53.37837837837838,8.558558558558559
933,22917509,gatlinburg,entire_place,16.999999999999996,34.946525233303156,0.30842361667892765,-0.029333208935531423,-0.784755090622611,0.0003547481025941747,0.0,222,63.06306306306306,6.306306306306306,50.45045045045045,8.108108108108109
934,22917668,gatlinburg,entire_place,10.7,34.56868635223682,0.30842361667892765,-0.029333208935531423,-0.7906383226768607,-0.004328789859419994,0.0,222,63.06306306306306,4.504504504504505,47.74774774774775,7.207207207207207
935,22917727,gatlinburg,entire_place,5.9,34.816089182748,0.30842361667892765,-0.029333208935531423,-0.7899514829370325,0.0019159274232655628,0.0,222,63.06306306306306,5.18018018018018,51.57657657657657,7.657657657657657
936,22925530,gatlinburg,entire_place,196.60000000000005,152.0070260877283,0.30842361667892765,0.06693976680736144,0.02570153360036219,0.5420765666621224,0.0,222,76.57657657657657,30.180180180180184,90.990990990991,89.63963963963964
937,23017382,gatlinburg,entire_place,83.4,113.0950498813139,0.30842361667892765,-0.20201605180460291,0.2888085458466764,0.25447340243706285,0.0,222,5.8558558558558556,77.47747747747748,78.82882882882883,73.87387387387388
938,23051632,gatlinburg,private_room,20.0,51.331151763342376,0.30842361667892765,-0.039834883937365784,-0.26078770413246777,-0.13755155757985305,0.0,2,100.0,100.0,100.0,100.0
939,23182406,gatlinburg,entire_place,197.1,109.9061346213413,0.30842361667892765,0.0284836485976383,0.2996916306164663,-0.015257045104119717,0.0,222,74.77477477477478,84.90990990990991,44.5945945945946,70.72072072072072
940,23219140,gatlinburg,entire_place,174.89999999999992,121.42043396673371,0.30842361667892765,-0.016245861248706098,0.3000038304982064,0.12793735565754383,0.0,222,67.11711711711712,86.48648648648648,68.01801801801803,78.82882882882883
941,23388857,gatlinburg,entire_place,189.90000000000003,100.70998832824189,0.30842361667892765,0.10174636118576937,0.3001911504272505,-0.1755779751410021,0.0,222,81.53153153153153,87.38738738738738,22.07207207207207,61.711711711711715
942,23613573,gatlinburg,entire_place,108.70000000000005,71.03488099402708,0.30842361667892765,-0.06413980331393937,0.1976000497120451,-0.2520757618539002,0.0,222,40.99099099099099,55.4054054054054,8.333333333333332,31.53153153153153
943,23631128,gatlinburg,entire_place,56.5,68.53783691848737,0.30842361667892765,-0.18052761018850788,0.2990672308529861,-0.2724345755512797,0.0,222,8.108108108108109,81.53153153153153,1.8018018018018018,27.027027027027028
944,23770041,gatlinburg,entire_place,105.50000000000003,74.0673223651795,0.30842361667892765,-0.14207149197878477,0.20284697370739996,-0.13815611469705522,0.0,222,15.765765765765765,63.96396396396396,26.8018018018018,36.03603603603604
945,23787638,gatlinburg,entire_place,183.00000000000006,115.89131530469209,0.30842361667892765,-0.08348326495654473,0.30066569424749545,0.14829616935492337,0.0,222,31.53153153153153,91.8918918918919,70.72072072072072,75.67567567567568
946,23810217,gatlinburg,entire_place,80.19999999999999,71.81980738134314,0.30842361667892765,-0.07483408827094615,0.19727536183503538,-0.23021925136450072,0.0,222,36.03603603603604,52.47747747747747,11.26126126126126,33.33333333333333
947,23871092,gatlinburg,entire_place,56.300000000000004,83.3593429077116,0.30842361667892765,0.0936204712329123,0.19777488164581955,-0.2520757618539002,0.0,222,79.72972972972973,56.08108108108109,8.333333333333332,47.74774774774775
948,23975615,gatlinburg,entire_place,69.40000000000003,70.80235842175965,0.30842361667892765,-0.05786641167731809,0.1975875617167755,-0.26156980283523146,0.0,222,42.34234234234234,54.729729729729726,4.2792792792792795,31.08108108108108
949,24074427,gatlinburg,entire_place,77.59999999999998,111.90459004843703,0.30842361667892765,0.12085901775288715,0.19846172138564777,0.01145641165676333,0.0,222,83.78378378378379,60.810810810810814,55.4054054054054,72.07207207207207
950,24119112,gatlinburg,entire_place,111.80000000000003,86.41791739479297,0.30842361667892765,-0.16462378474120404,0.1923911694023539,0.04716690609665262,0.0,222,11.711711711711711,49.0990990990991,59.45945945945946,51.35135135135135
951,24247690,gatlinburg,entire_place,128.2,192.9298106081739,0.30842361667892765,-0.029856495668272892,0.29688966506837655,0.6046971477984475,0.0,222,54.054054054054056,81.08108108108108,94.5945945945946,96.84684684684684
952,24451797,gatlinburg,entire_place,176.70000000000005,102.06079781256231,0.30842361667892765,-0.011532486271066702,0.3008155501907307,-0.04972995521619328,0.0,222,69.81981981981981,92.34234234234235,38.06306306306306,62.612612612612615
953,24465246,gatlinburg,entire_place,133.09999999999994,48.52267917281314,0.30842361667892765,0.16821239540453764,-0.8846704920246891,0.2231228509663321,0.0,222,90.990990990991,3.153153153153153,75.67567567567568,15.315315315315313
954,24508812,gatlinburg,entire_place,34.79999999999999,33.979994467249554,0.30842361667892765,0.05022017297006218,-0.8853198677787084,-0.005889969180091382,0.0,222,76.12612612612612,2.7027027027027026,46.846846846846844,6.306306306306306
955,24522364,gatlinburg,entire_place,22.199999999999996,39.58986768510486,0.30842361667892765,-0.07483408827094615,-0.7891272752492386,0.1717138591649942,0.0,222,36.03603603603604,5.8558558558558556,72.07207207207207,12.162162162162163
956,24522395,gatlinburg,entire_place,6.7,51.19591744914639,0.30842361667892765,-0.1878648529714534,-0.02723416193539059,-0.22566267845978955,0.0,222,6.756756756756757,29.27927927927928,11.711711711711711,15.765765765765765
957,24522414,gatlinburg,entire_place,132.80000000000004,85.30959786918098,0.30842361667892765,-0.12193938316626785,0.19949822499302491,-0.015384010161422705,0.0,222,20.045045045045047,62.16216216216216,43.91891891891892,49.549549549549546
958,24522425,gatlinburg,entire_place,83.70000000000002,74.99112537187219,0.30842361667892765,-0.13448616643951042,0.20437050913029164,-0.13503375605571244,0.0,222,17.117117117117118,68.01801801801803,27.927927927927925,38.288288288288285
959,24522482,gatlinburg,entire_place,103.40000000000003,39.29954300906909,0.30842361667892765,-0.08241941381022051,-0.5580595879801494,-0.0589468444568354,0.0,222,32.432432432432435,17.117117117117118,36.93693693693694,11.711711711711711
960,24522687,gatlinburg,entire_place,11.0,73.93757735345581,0.30842361667892765,-0.16798082691526528,0.2036087414188458,-0.11473842488698438,0.0,222,11.26126126126126,66.66666666666666,31.08108108108108,35.585585585585584
961,24522694,gatlinburg,entire_place,316.29999999999995,187.95460851017086,0.30842361667892765,-0.08241941381022051,0.20304481564959245,0.725115442352584,0.0,222,32.432432432432435,64.86486486486487,96.84684684684684,95.4954954954955
962,24522697,gatlinburg,entire_place,96.60000000000002,86.82697170830966,0.30842361667892765,-0.08217133105389166,0.2051322768417375,-0.04335827287620472,0.0,222,33.33333333333333,69.36936936936937,39.63963963963964,51.80180180180181
963,24523343,gatlinburg,entire_place,131.70000000000005,70.39928539415094,0.30842361667892765,-0.12087553201994362,0.2048825169363454,-0.21148509951644406,0.0,222,20.945945945945947,68.46846846846847,15.99099099099099,29.72972972972973
964,24534974,gatlinburg,entire_place,192.8,68.46803790702505,0.30842361667892765,-0.089756656593166,0.204233141182326,-0.2693756994385884,0.0,222,29.954954954954953,67.34234234234235,2.2522522522522523,26.576576576576578
965,24534978,gatlinburg,entire_place,310.1000000000001,68.13947726191387,0.30842361667892765,-0.1023034398664086,0.204233141182326,-0.26156980283523146,0.0,222,25.225225225225223,67.34234234234235,4.2792792792792795,26.126126126126124
966,24534980,gatlinburg,entire_place,136.89999999999998,72.62616920528984,0.30842361667892765,-0.08241941381022051,0.20494495691269343,-0.21929099611980102,0.0,222,32.432432432432435,68.91891891891892,13.063063063063062,34.234234234234236
967,24534982,gatlinburg,entire_place,156.80000000000007,85.64971233165832,0.30842361667892765,-0.089756656593166,0.20559433266671284,-0.04972995521619328,0.0,222,29.954954954954953,70.72072072072072,38.06306306306306,50.45045045045045
968,24534984,gatlinburg,entire_place,180.90000000000006,89.80036397331013,0.30842361667892765,-0.089756656593166,0.20529462078024235,-0.0026406454814456174,0.0,222,29.954954954954953,70.27027027027027,49.77477477477478,54.054054054054056
969,24537204,gatlinburg,entire_place,127.99999999999997,92.64876492226918,0.30842361667892765,-0.12193938316626785,0.2137240175872251,0.052000630742052995,0.0,222,20.045045045045047,72.07207207207207,61.711711711711715,55.4054054054054
970,24734766,gatlinburg,entire_place,130.40000000000003,106.73706788295794,0.30842361667892765,0.2388512401873626,0.04940527639504354,-0.004328789859419994,0.0,222,94.5945945945946,39.63963963963964,47.74774774774775,67.11711711711712
971,24776182,gatlinburg,entire_place,25.000000000000004,65.86638356567545,0.30842361667892765,-0.09578196547345845,-0.6494193263402823,0.552131669440861,0.0,222,28.82882882882883,15.315315315315313,91.44144144144144,24.324324324324326
972,24875050,gatlinburg,entire_place,135.3,109.48389683681516,0.30842361667892765,0.019338306399382055,0.29255633070982395,-0.0027908321648318227,0.0,222,74.32432432432432,77.92792792792793,48.64864864864865,70.27027027027027
973,24915739,gatlinburg,entire_place,57.100000000000016,119.37593753126744,0.30842361667892765,0.15435367822864202,0.17613690462072634,0.06436310025012111,0.0,222,89.63963963963964,43.24324324324324,62.16216216216216,77.92792792792793
974,25292933,gatlinburg,entire_place,52.7,41.005415510367975,0.30842361667892765,-0.17717056801444664,-0.4452444804286455,-0.03555237627284777,0.0,222,8.783783783783784,18.46846846846847,41.44144144144144,13.063063063063062
975,25619269,gatlinburg,entire_place,17.799999999999997,78.1651951778629,0.30842361667892765,-0.17717056801444664,0.19798775726525766,-0.0450464172541791,0.0,222,8.783783783783784,58.108108108108105,38.73873873873874,41.891891891891895
976,26337162,gatlinburg,entire_place,248.70000000000005,118.95060869350826,0.30842361667892765,-0.029333208935531423,0.3005158383042602,0.12013145905418687,0.0,222,63.06306306306306,89.1891891891892,67.11711711711712,77.47747747747748
977,26475126,gatlinburg,entire_place,83.60000000000002,98.02112055711852,0.30842361667892765,-0.10099150596375553,0.19378982487254956,0.1067688720228546,0.0,222,27.027027027027028,50.9009009009009,65.76576576576578,59.909909909909906
978,26654845,gatlinburg,entire_place,17.4,28.750729387612243,0.30842361667892765,0.017772085959790268,-1.0101109053061392,-0.010573507142105545,0.0,222,73.42342342342343,0.45045045045045046,45.4954954954955,4.054054054054054
979,26736284,gatlinburg,entire_place,148.39999999999998,104.48941211723428,0.30842361667892765,-0.010220552368413663,0.3956094872500047,-0.12254432149034133,0.0,222,70.27027027027027,96.62162162162163,29.72972972972973,64.86486486486487
980,27060856,gatlinburg,entire_place,186.49999999999994,93.74084149622823,0.30842361667892765,0.07558894349295997,0.1975875617167755,-0.11779730099967567,0.0,222,77.47747747747748,54.729729729729726,30.180180180180184,57.20720720720721
981,27287061,gatlinburg,entire_place,11.700000000000003,111.29949611648023,0.30842361667892765,-0.04371521284416855,0.06693667770371421,0.3021819345231657,0.0,222,45.4954954954955,40.54054054054054,81.53153153153153,71.17117117117117
982,27332306,gatlinburg,entire_place,76.30000000000001,156.91299266476372,0.30842361667892765,0.3202225650475095,0.29424547839665266,0.05181018315609852,0.0,222,98.64864864864865,79.72972972972973,61.261261261261254,90.09009009009009
983,27553089,gatlinburg,entire_place,116.30000000000001,139.33273036785081,0.30842361667892765,0.16690046150188462,0.17696111230852024,0.20438869911827545,0.0,222,90.54054054054053,43.69369369369369,74.32432432432432,85.13513513513513
984,27706609,gatlinburg,entire_place,263.39999999999986,75.29647409990484,0.30842361667892765,-0.14809680085907723,0.3000038304982064,-0.21304627883711547,0.0,222,14.864864864864865,86.48648648648648,14.414414414414415,39.63963963963964
985,27880193,gatlinburg,entire_place,263.8,142.79373056397964,0.30842361667892765,-0.07483408827094615,0.30125263002516683,0.34619532886873705,0.0,222,36.03603603603604,93.24324324324324,83.33333333333334,86.03603603603604
986,27880268,gatlinburg,entire_place,395.10000000000014,118.02989766615136,0.30842361667892765,-0.14236397363603864,0.3011152620772012,0.22485743859647292,0.0,222,15.315315315315313,92.7927927927928,77.02702702702703,76.57657657657657
987,28160017,gatlinburg,entire_place,154.20000000000002,127.17890310497789,0.30842361667892765,-0.030104578424601753,0.2963809255877549,0.19138464600766356,0.0,222,53.153153153153156,80.18018018018019,73.42342342342343,79.27927927927928
988,28225188,gatlinburg,entire_place,18.999999999999996,28.1564917275677,0.30842361667892765,-0.13502673085309314,-0.8806105072798014,-0.00745114850076277,0.0,222,16.666666666666664,3.6036036036036037,46.3963963963964,2.7027027027027026
989,28225337,gatlinburg,entire_place,16.2,28.1947570563747,0.30842361667892765,-0.11514270479690505,-0.8866935472583648,-0.01994058306613388,0.0,222,23.423423423423422,2.2522522522522523,43.24324324324324,3.153153153153153
990,28411538,gatlinburg,entire_place,93.29999999999998,31.09653565535905,0.30842361667892765,-0.05838969841005956,-0.8799111795447037,0.011283003347293895,0.0,222,41.891891891891895,4.054054054054054,54.729729729729726,4.954954954954955
991,28435303,gatlinburg,entire_place,57.20000000000001,103.96828331686461,0.30842361667892765,0.10335077674567633,0.19789976159851558,-0.04335827287620472,0.0,222,82.43243243243244,56.981981981981974,39.63963963963964,63.96396396396396
992,28522527,gatlinburg,entire_place,146.50000000000006,129.60101637481205,0.30842361667892765,-0.048676670578136766,0.4018673591623426,0.12319033516687816,0.0,222,44.5945945945946,99.54954954954955,67.56756756756756,79.72972972972973
993,28687079,gatlinburg,entire_place,131.59999999999997,109.31331925126258,0.30842361667892765,0.08551185896089647,0.19827440145660372,0.02377243791266501,0.0,222,78.37837837837837,59.909909909909906,57.65765765765766,69.36936936936937
994,28837510,gatlinburg,entire_place,233.10000000000005,52.504565121828385,0.30842361667892765,0.12323480280186443,-0.5598203953131636,0.020586596742670733,0.0,222,84.23423423423422,16.666666666666664,56.75675675675676,16.666666666666664
995,29007798,gatlinburg,entire_place,96.10000000000001,41.04672631143664,0.30842361667892765,-0.2548714516038044,-0.44561969998658846,0.04350670728398582,0.0,222,1.8018018018018018,18.01801801801802,59.009009009009006,13.513513513513514
996,29012332,gatlinburg,entire_place,107.50000000000001,113.450998202399,0.30842361667892765,-0.02956401401101901,-0.056484540611897324,0.43042934730674237,0.0,222,58.108108108108105,26.576576576576578,87.16216216216216,74.32432432432432
997,29012346,gatlinburg,entire_place,158.49999999999994,71.92572905360399,0.30842361667892765,-0.01595337959145221,0.17275989934782976,-0.26313098215590286,0.0,222,68.24324324324324,42.34234234234234,3.153153153153153,33.78378378378378
998,29304209,gatlinburg,entire_place,77.40000000000003,69.54642281876949,0.30842361667892765,-0.16064358413231977,0.20297127396024114,-0.18182269242368765,0.0,222,12.162162162162163,64.41441441441441,21.17117117117117,28.37837837837838
999,29327169,gatlinburg,entire_place,73.90000000000003,134.5526715120976,0.30842361667892765,0.08919957791252678,0.19814952150390766,0.2262452096076749,0.0,222,79.27927927927928,59.23423423423423,77.47747747747748,81.98198198198197
1000,740004,myrtle_beach,entire_place,29.000000000000004,45.993109417279186,-0.016877695403095024,-0.013374223320761242,-0.22006060491366086,0.012971147725268278,0.0,249,29.71887550200803,24.497991967871485,44.97991967871486,23.694779116465863
1001,1053654,myrtle_beach,entire_place,169.29999999999998,76.88931415076583,-0.016877695403095024,0.003999172706278732,0.20384543362911342,0.07697949987279522,0.0,249,31.72690763052209,75.90361445783132,57.63052208835341,65.86345381526104
1002,1132110,myrtle_beach,entire_place,34.099999999999994,51.66318471136427,-0.016877695403095024,0.33230122175547694,-0.3547733557147756,-0.08407590027096383,0.0,249,97.18875502008032,19.67871485943775,18.67469879518072,28.514056224899598
1003,1182820,myrtle_beach,entire_place,63.70000000000001,75.1783268274732,-0.016877695403095024,0.31469310904618464,-0.23157730911676844,0.17949653414226793,0.0,249,96.3855421686747,21.686746987951807,77.51004016064257,63.05220883534136
1004,1935379,myrtle_beach,entire_place,28.500000000000004,56.597927539575004,-0.016877695403095024,0.3772233415569938,-0.21868692543400442,-0.17551449261235064,0.0,249,99.59839357429718,25.301204819277107,9.63855421686747,33.33333333333333
1005,3209465,myrtle_beach,entire_place,77.1,99.39141704164969,-0.016877695403095024,0.21396104486259115,0.30087856986693357,0.02377243791266501,0.0,249,90.76305220883533,94.37751004016064,46.58634538152611,84.73895582329317
1006,4145020,myrtle_beach,entire_place,74.2,91.20355485046463,-0.016877695403095024,0.17760550772543265,0.2943079183730007,-0.018379403745462493,0.0,249,81.52610441767068,85.94377510040161,28.915662650602407,76.30522088353415
1007,4177807,myrtle_beach,entire_place,45.900000000000006,49.07951256759439,-0.016877695403095024,0.015368867057039104,-0.23134003720664592,0.059118500490699714,0.0,249,33.33333333333333,22.08835341365462,55.020080321285135,26.104417670682732
1008,4802207,myrtle_beach,entire_place,36.99999999999999,39.0092271085729,-0.016877695403095024,0.09233657627764176,-0.4506281926721111,-0.023062941707476657,0.0,249,53.81526104417671,17.269076305220885,26.104417670682732,16.46586345381526
1009,5352059,myrtle_beach,entire_place,84.69999999999999,62.08135117473239,-0.016877695403095024,0.005428673908261378,0.2925063787287455,-0.22397453408181517,0.0,249,32.1285140562249,83.13253012048193,2.0080321285140563,41.76706827309237
1010,6400229,myrtle_beach,entire_place,84.59999999999997,53.63641854204266,-0.016877695403095024,-0.24040364377278323,0.19214140949696182,-0.02150176238680527,0.0,249,6.024096385542169,66.86746987951807,27.10843373493976,31.32530120481928
1011,6919295,myrtle_beach,entire_place,56.900000000000006,56.37525831492016,-0.016877695403095024,-0.15364353454124333,0.2926312586814416,-0.1598392168769852,0.0,249,14.457831325301203,83.53413654618474,13.253012048192772,32.93172690763052
1012,7112640,myrtle_beach,entire_place,150.70000000000005,73.62002765147949,-0.016877695403095024,-0.01468615722341432,0.19220384947330985,0.06442658277877261,0.0,249,28.915662650602407,67.8714859437751,55.82329317269076,60.6425702811245
1013,7513638,myrtle_beach,entire_place,191.69999999999996,81.24791576438025,-0.016877695403095024,0.019056586008669413,0.1985241613619958,0.12169263837485828,0.0,249,34.13654618473896,74.69879518072288,62.65060240963856,68.67469879518072
1014,7913838,myrtle_beach,entire_place,5.9,45.11702021947606,-0.016877695403095024,-0.374399563356644,0.1675470016820462,-0.03243001763150499,0.0,249,0.4016064257028112,52.208835341365464,24.497991967871485,22.48995983935743
1015,8081663,myrtle_beach,entire_place,70.29999999999998,77.14157666412606,-0.016877695403095024,0.10486608187004309,0.19220384947330985,-0.009012327821434157,0.0,249,57.42971887550201,67.8714859437751,32.730923694779115,66.26506024096386
1016,8451647,myrtle_beach,entire_place,25.599999999999994,54.15198994952519,-0.016877695403095024,0.05153179423902515,-0.11619572868095587,0.004292098655950167,0.0,249,38.95582329317269,28.514056224899598,41.76706827309237,31.72690763052209
1017,9271901,myrtle_beach,entire_place,84.90000000000002,73.13107319584783,-0.016877695403095024,-0.07009658595268899,0.30042842233737294,0.005038286064608339,0.0,249,21.686746987951807,92.3694779116466,42.168674698795186,59.036144578313255
1018,9296006,myrtle_beach,entire_place,33.4,28.54809942973776,-0.016877695403095024,0.211623454933929,-0.8933010830382517,-0.002767610538748606,0.0,249,89.5582329317269,3.614457831325301,36.144578313253014,8.835341365461847
1019,9311545,myrtle_beach,entire_place,62.699999999999974,45.87996425951293,-0.016877695403095024,0.2320480454036999,-0.6608722042847756,0.20594987843894685,0.0,249,92.3694779116466,10.843373493975903,79.91967871485943,23.293172690763054
1020,10036056,myrtle_beach,entire_place,8.1,55.07150026292808,-0.016877695403095024,-0.20117615607398975,0.19757507372150587,-0.04023591423486195,0.0,249,10.040160642570282,72.28915662650603,23.694779116465863,32.53012048192771
1021,10087153,myrtle_beach,entire_place,65.29999999999998,33.45979702762347,-0.016877695403095024,0.00023641109880556677,-0.3491485235359005,-0.1817592098950362,0.0,249,31.32530120481928,20.080321285140563,8.835341365461847,12.449799196787147
1022,10919940,myrtle_beach,entire_place,99.40000000000005,61.8614097199375,-0.016877695403095024,0.18309025219214237,-0.1104623525699413,-0.002160105489174926,0.0,249,83.13253012048193,28.915662650602407,37.75100401606426,40.963855421686745
1023,11154236,myrtle_beach,entire_place,20.9,48.702525015865845,-0.016877695403095024,0.10380223072371886,-0.24827057402552555,-0.01994058306613388,0.0,249,56.62650602409639,20.883534136546185,27.91164658634538,25.301204819277107
1024,11546333,myrtle_beach,entire_place,55.400000000000006,62.06527666644277,-0.016877695403095024,-0.05941566706975873,0.3054499827180201,-0.17232865144235635,0.0,249,22.690763052208833,95.78313253012048,11.244979919678714,41.365461847389554
1025,11715285,myrtle_beach,entire_place,72.49999999999997,101.22352416261081,-0.016877695403095024,0.06455746534408416,0.29399571849126055,0.1981439818355899,0.0,249,41.365461847389554,84.93975903614458,79.11646586345381,85.94377510040161
1026,11801417,myrtle_beach,entire_place,63.59999999999999,38.07320267547975,-0.016877695403095024,0.17812879445817414,-0.6663807964809373,0.08322421715548077,0.0,249,81.92771084337349,9.236947791164658,58.23293172690763,14.859437751004014
1027,11907572,myrtle_beach,entire_place,129.9,84.2156907435976,-0.016877695403095024,0.09261178025405437,0.29975407059281434,-0.01764493363858583,0.0,249,54.21686746987952,89.95983935742971,29.71887550200803,70.68273092369478
1028,11908180,myrtle_beach,entire_place,315.30000000000007,85.83855306312674,-0.016877695403095024,0.11876919794686376,0.19783732162216758,0.07697949987279522,0.0,249,69.87951807228916,72.89156626506023,57.63052208835341,71.8875502008032
1029,11938114,myrtle_beach,entire_place,56.999999999999986,37.28863569414256,-0.016877695403095024,-0.18648439282725748,-0.22044773276701857,-0.018379403745462493,0.0,249,12.048192771084338,24.096385542168676,28.915662650602407,14.056224899598394
1030,12063694,myrtle_beach,entire_place,60.19999999999999,71.29568173392931,-0.016877695403095024,-0.10067489696588386,0.2996916306164663,0.011283003347293895,0.0,249,18.67469879518072,89.5582329317269,43.77510040160642,56.22489959839358
1031,12210027,myrtle_beach,entire_place,6.2,23.459914557419193,-0.016877695403095024,-0.14098351349184277,-0.6501042000979894,-0.082341312640823,0.0,249,15.66265060240964,13.253012048192772,19.27710843373494,4.417670682730924
1032,12301012,myrtle_beach,entire_place,66.19999999999999,91.48724880209635,-0.016877695403095024,0.02639382879161495,0.296093701696554,0.1341185904115779,0.0,249,35.54216867469879,87.34939759036145,65.46184738955823,76.70682730923694
1033,12605501,myrtle_beach,entire_place,42.99999999999999,41.92816213136769,-0.016877695403095024,0.25353648701979487,-0.6579375253964186,0.09346444554547027,0.0,249,93.97590361445783,11.646586345381527,59.83935742971887,19.27710843373494
1034,12892341,myrtle_beach,entire_place,101.80000000000003,97.89451864323073,-0.016877695403095024,0.19592951712263884,0.2772201819973834,0.050439451421381606,0.0,249,85.34136546184739,79.31726907630522,53.81526104417671,83.93574297188755
1035,13032067,myrtle_beach,entire_place,271.80000000000007,82.17178084596489,-0.016877695403095024,0.22913169594113983,0.04445922368586887,0.07685253481549222,0.0,249,91.96787148594377,46.98795180722892,57.028112449799195,69.07630522088354
1036,13141199,myrtle_beach,entire_place,250.10000000000005,108.4256745912784,-0.016877695403095024,0.18177831828948932,0.27746994190277546,0.16553262441096014,0.0,249,82.32931726907631,80.32128514056225,73.69477911646585,88.75502008032129
1037,13203762,myrtle_beach,entire_place,59.89999999999999,77.55772510673597,-0.016877695403095024,0.017565408224920455,0.29418303842030463,-0.018379403745462493,0.0,249,33.734939759036145,85.54216867469879,28.915662650602407,67.46987951807229
1038,13237450,myrtle_beach,entire_place,229.90000000000003,126.34799900842715,-0.016877695403095024,0.19592951712263884,0.2775323818791235,0.30299692643517895,0.0,249,85.34136546184739,81.12449799196787,86.34538152610442,93.97590361445783
1039,13479469,myrtle_beach,entire_place,162.89999999999998,125.54467496251084,-0.016877695403095024,0.23438563533236198,0.05976440957216257,0.47598069934690185,0.0,249,92.7710843373494,48.59437751004016,94.77911646586345,93.57429718875501
1040,13530986,myrtle_beach,entire_place,23.400000000000002,53.02729726297165,-0.016877695403095024,-0.11613802970168643,0.19968554492206897,-0.1645227548389994,0.0,249,16.867469879518072,75.1004016064257,12.851405622489958,30.522088353413658
1041,13556468,myrtle_beach,entire_place,142.29999999999998,94.44301046015639,-0.016877695403095024,0.1697720994298295,0.2772201819973834,0.04107237549735328,0.0,249,79.51807228915662,79.31726907630522,51.80722891566265,80.72289156626506
1042,13561036,myrtle_beach,entire_place,186.49999999999994,140.43066786630337,-0.016877695403095024,0.15562090059667993,0.2778445817608636,0.44787947157481683,0.0,249,76.70682730923694,81.92771084337349,93.57429718875501,95.98393574297188
1043,13598589,myrtle_beach,entire_place,160.69999999999993,76.75125782197179,-0.016877695403095024,0.18965612548601757,0.052321564391478545,0.04107237549735328,0.0,249,83.93574297188755,47.389558232931726,51.80722891566265,65.06024096385542
1044,13669434,myrtle_beach,entire_place,226.20000000000005,146.5542940799305,-0.016877695403095024,-0.08210280481234883,0.178242129271186,0.8275922157194885,0.0,249,20.481927710843372,62.048192771084345,98.79518072289156,97.18875502008032
1045,13676041,myrtle_beach,entire_place,286.29999999999995,93.47832837314145,-0.016877695403095024,0.19592951712263884,0.058553074031010996,0.22342322433310455,0.0,249,85.34136546184739,47.791164658634536,81.72690763052208,78.3132530120482
1046,13957880,myrtle_beach,entire_place,81.29999999999998,102.42834111312825,-0.016877695403095024,0.20297427824833048,0.29782765099586317,0.06761242394876689,0.0,249,88.75502008032129,88.35341365461848,56.22489959839358,86.34538152610442
1047,14140872,myrtle_beach,entire_place,78.0,65.97017138394207,-0.016877695403095024,0.005738433246356506,-0.03746518232558378,0.1655094027848769,0.0,249,32.53012048192771,41.365461847389554,73.09236947791165,46.98795180722892
1048,14184197,myrtle_beach,entire_place,121.99999999999994,50.148105264986235,-0.016877695403095024,-0.14229544739449582,-0.026710245833922078,0.03326647889399634,0.0,249,15.261044176706829,42.168674698795186,47.791164658634536,26.907630522088354
1049,14382150,myrtle_beach,entire_place,48.1,45.61608670333376,-0.016877695403095024,-0.17352756059743144,0.16898312113805067,-0.22397453408181517,0.0,249,13.253012048192772,52.610441767068274,2.0080321285140563,22.89156626506024
1050,14484680,myrtle_beach,entire_place,166.70000000000002,94.38675783431498,-0.016877695403095024,-0.130289228534836,0.1762565380233189,0.4415077892348283,0.0,249,16.06425702811245,56.827309236947784,92.7710843373494,79.91967871485943
1051,14784865,myrtle_beach,entire_place,93.69999999999997,85.39930735281477,-0.016877695403095024,0.19907667166068643,0.1920789695206138,-0.0026406454814456174,0.0,249,88.35341365461848,66.06425702811245,37.34939759036144,71.08433734939759
1052,14788303,myrtle_beach,entire_place,36.599999999999994,64.86382188213153,-0.016877695403095024,-0.24774088655572873,0.3957343672027007,-0.030868838310833608,0.0,249,4.417670682730924,99.59839357429718,24.899598393574294,45.78313253012048
1053,14826845,myrtle_beach,entire_place,81.69999999999996,70.61058303762265,-0.016877695403095024,0.011292016588299182,0.19225380145438825,-0.002767610538748606,0.0,249,32.93172690763052,69.27710843373494,36.144578313253014,55.020080321285135
1054,15221081,myrtle_beach,entire_place,150.80000000000004,28.246216011294518,-0.016877695403095024,0.09782132074435146,-0.6538650526562614,-0.138670733242296,0.0,249,55.42168674698795,12.851405622489958,15.261044176706829,8.433734939759036
1055,15412493,myrtle_beach,entire_place,68.29999999999998,86.72259579228225,-0.016877695403095024,0.19855338492794494,0.19225380145438825,0.012907665196616782,0.0,249,87.95180722891565,69.27710843373494,44.57831325301205,73.49397590361446
1056,15721111,myrtle_beach,entire_place,80.1,77.4643721587583,-0.016877695403095024,0.052551246484424316,0.390100895053843,-0.1504721409529569,0.0,249,39.75903614457831,98.39357429718876,14.257028112449799,67.06827309236948
1057,15735028,myrtle_beach,entire_place,81.00000000000001,54.62075371544346,-0.016877695403095024,0.21843741098413305,-0.44828102926128044,0.17793535482159656,0.0,249,91.56626506024097,18.072289156626507,77.10843373493977,32.1285140562249
1058,15784228,myrtle_beach,entire_place,21.4,23.055572132022572,-0.016877695403095024,0.1980128205143622,-0.8923644833930315,-0.19574634125242718,0.0,249,87.55020080321285,4.016064257028113,6.827309236947792,4.016064257028113
1059,15790772,myrtle_beach,entire_place,66.29999999999998,83.38647177354927,-0.016877695403095024,0.15824476840198606,0.19222882546384903,0.014468844517288172,0.0,249,77.10843373493977,68.67469879518072,45.38152610441767,69.87951807228916
1060,15871591,myrtle_beach,entire_place,290.09999999999997,144.32835731148776,-0.016877695403095024,-0.10198683086853691,0.178242129271186,0.8322757536815025,0.0,249,18.072289156626507,62.048192771084345,99.19678714859438,96.78714859437751
1061,15987690,myrtle_beach,entire_place,166.59999999999994,88.9476129814073,-0.016877695403095024,-0.12187085692472499,0.1762565380233189,0.3743770784459586,0.0,249,16.46586345381526,56.827309236947784,90.36144578313254,75.50200803212851
1062,16066335,myrtle_beach,entire_place,29.5,42.15916843863281,-0.016877695403095024,-0.23252583657625497,-0.13528481262514191,0.06224085913204249,0.0,249,6.827309236947792,27.309236947791167,55.42168674698795,19.67871485943775
1063,16101734,myrtle_beach,entire_place,63.09999999999997,71.53297744393382,-0.016877695403095024,0.019349067665923314,0.390100895053843,-0.19587330630973016,0.0,249,34.53815261044177,98.39357429718876,6.425702811244979,57.028112449799195
1064,16320748,myrtle_beach,entire_place,100.49999999999997,103.567396458539,-0.016877695403095024,0.21216401934751178,0.19245360937870193,0.17474951365160227,0.0,249,89.95983935742971,69.87951807228916,75.90361445783132,88.35341365461848
1065,16417563,myrtle_beach,entire_place,56.5,65.37610377413822,-0.016877695403095024,0.08270223086019443,0.19732589351596866,-0.15515567891497106,0.0,249,48.59437751004016,71.08433734939759,13.654618473895583,46.58634538152611
1066,16574565,myrtle_beach,entire_place,336.6000000000001,67.75759200926382,-0.016877695403095024,-0.014438074467085421,0.18669525727714814,-0.01213468646277694,0.0,249,29.31726907630522,63.85542168674698,31.52610441767068,49.39759036144578
1067,16716890,myrtle_beach,entire_place,53.89999999999998,73.8392780916854,-0.016877695403095024,-0.05153785987323048,-0.02612469633851698,0.3225407482205453,0.0,249,23.694779116465863,42.77108433734939,86.74698795180723,61.044176706827315
1068,16716899,myrtle_beach,entire_place,153.4,155.56592284475227,-0.016877695403095024,-0.005496416124232989,0.21399678750103523,0.7745121188166612,0.0,249,30.923694779116467,77.51004016064257,97.99196787148594,98.79518072289156
1069,16716900,myrtle_beach,entire_place,190.50000000000009,148.48269832259484,-0.016877695403095024,0.1661225755985143,-0.024214033062267562,0.7948074499853893,0.0,249,78.714859437751,43.373493975903614,98.39357429718876,97.59036144578313
1070,16716903,myrtle_beach,entire_place,164.49999999999997,124.37928498296881,-0.016877695403095024,0.1661225755985143,0.20008377448843,0.39467240961468664,0.0,249,78.714859437751,75.50200803212851,90.76305220883533,93.17269076305222
1071,16716904,myrtle_beach,entire_place,196.19999999999993,44.9491616218793,-0.016877695403095024,0.10432551745646033,-0.8910657318849926,0.5438111542922633,0.0,249,57.028112449799195,4.819277108433735,96.78714859437751,21.285140562248998
1072,16717243,myrtle_beach,entire_place,118.00000000000003,112.34447870103331,-0.016877695403095024,0.2966615813062323,0.19789976159851558,0.16540565935365714,0.0,249,95.18072289156626,73.89558232931726,72.69076305220884,91.16465863453816
1073,16765923,myrtle_beach,entire_place,124.00000000000004,135.71304514577437,-0.016877695403095024,0.10594721069720857,0.30073923593684676,0.4407330582253834,0.0,249,58.23293172690763,93.97590361445783,92.3694779116466,94.37751004016064
1074,16793070,myrtle_beach,entire_place,197.50000000000006,94.42221470766955,-0.016877695403095024,0.02639382879161495,0.296093701696554,0.16535921610149074,0.0,249,35.54216867469879,87.34939759036145,72.28915662650603,80.32128514056225
1075,16816981,myrtle_beach,entire_place,4.699999999999999,30.152492101458847,-0.016877695403095024,0.09340042742396598,-0.7033421180175718,-0.021628727444108257,0.0,249,54.61847389558233,6.024096385542169,26.506024096385545,10.441767068273093
1076,16828182,myrtle_beach,entire_place,134.7,88.0891940945893,-0.016877695403095024,0.29038818966961105,0.19170432966252568,-0.06291913393805611,0.0,249,94.77911646586345,65.06024096385542,20.481927710843372,75.1004016064257
1077,16880507,myrtle_beach,entire_place,60.80000000000002,83.76290291728898,-0.016877695403095024,0.04627785484780303,0.296093701696554,0.027021761611310778,0.0,249,38.152610441767074,87.34939759036145,46.98795180722892,70.28112449799197
1078,16909431,myrtle_beach,entire_place,149.19999999999993,103.37990752734032,-0.016877695403095024,0.06616188090399112,0.296093701696554,0.21531695436297515,0.0,249,41.76706827309237,87.34939759036145,81.12449799196787,87.95180722891565
1079,16995605,myrtle_beach,entire_place,112.90000000000005,21.399829125962768,-0.016877695403095024,-0.0991837191821349,-0.6554260520649619,-0.20680156155442986,0.0,249,19.477911646586346,12.449799196787147,5.622489959839357,2.0080321285140563
1080,17138204,myrtle_beach,entire_place,187.29999999999998,94.06137498803886,-0.016877695403095024,0.0727277541978663,0.2999413905218584,0.11138892745621727,0.0,249,46.98795180722892,90.36144578313254,61.84738955823293,79.11646586345381
1081,17170315,myrtle_beach,entire_place,28.400000000000002,22.29724276860262,-0.016877695403095024,-0.05941566706975873,-0.6496676999634081,-0.21304627883711547,0.0,249,22.690763052208833,13.654618473895583,4.819277108433735,2.4096385542168677
1082,17286186,myrtle_beach,entire_place,32.7,69.2588402695175,-0.016877695403095024,0.1391937884166346,0.25869632616576166,-0.21616863747845821,0.0,249,73.09236947791165,77.91164658634538,4.016064257028113,52.208835341365464
1083,17509002,myrtle_beach,entire_place,68.60000000000001,67.77716585956858,-0.016877695403095024,-0.05594538711953946,0.30042842233737294,-0.08407590027096383,0.0,249,23.293172690763054,92.3694779116466,18.67469879518072,49.79919678714859
1084,17516129,myrtle_beach,entire_place,57.39999999999999,52.66198591983952,-0.016877695403095024,0.21376843490741873,-0.22699282857055741,-0.07453541603746607,0.0,249,90.36144578313254,22.48995983935743,19.67871485943775,29.71887550200803
1085,17640986,myrtle_beach,entire_place,76.00000000000003,56.976894708202934,-0.016877695403095024,0.045506485358732696,0.19783732162216758,-0.25376390623187456,0.0,249,37.75100401606426,72.89156626506023,0.4016064257028112,33.734939759036145
1086,17696824,myrtle_beach,entire_place,18.999999999999996,49.66413175702476,-0.016877695403095024,0.11901728070319262,-0.24276198182936387,-0.02150176238680527,0.0,249,70.28112449799197,21.285140562248998,27.10843373493976,26.506024096385545
1087,17702523,myrtle_beach,entire_place,28.199999999999992,39.17209245927282,-0.016877695403095024,-0.3204803124111183,0.1905804100882613,-0.24739222389188598,0.0,249,1.2048192771084338,64.65863453815261,1.2048192771084338,16.867469879518072
1088,17791733,myrtle_beach,entire_place,54.20000000000002,52.44011664936811,-0.016877695403095024,-0.11482609579903338,0.19696316195329527,-0.17404001744641392,0.0,249,17.269076305220885,70.68273092369478,10.441767068273093,28.915662650602407
1089,17875169,myrtle_beach,entire_place,230.89999999999992,148.56484236520762,-0.016877695403095024,0.19592951712263884,0.2778445817608636,0.46349126478153074,0.0,249,85.34136546184739,81.92771084337349,93.97590361445783,97.99196787148594
1090,17894656,myrtle_beach,entire_place,83.60000000000002,73.35025702121604,-0.016877695403095024,0.026934393205197665,0.3900884070585734,-0.1787003337823449,0.0,249,36.144578313253014,97.59036144578313,9.236947791164658,59.83935742971887
1091,17922554,myrtle_beach,entire_place,320.2,141.76201133216472,-0.016877695403095024,0.17604549106645076,0.2778445817608636,0.4368242512728141,0.0,249,81.12449799196787,81.92771084337349,91.96787148594377,96.3855421686747
1092,17991946,myrtle_beach,entire_place,61.59999999999997,72.28730075904919,-0.016877695403095024,0.09913325464700454,0.29399571849126055,-0.16920629280101357,0.0,249,55.82329317269076,84.93975903614458,12.048192771084338,58.63453815261044
1093,18071097,myrtle_beach,entire_place,23.999999999999996,82.76989168164849,-0.016877695403095024,0.1270876978548933,-0.1342982609988432,0.36481955493597573,0.0,249,71.4859437751004,27.710843373493976,88.35341365461848,69.47791164658635
1094,18140895,myrtle_beach,entire_place,20.6,25.35263415641532,-0.016877695403095024,-0.31474748518807977,-0.2601744060819908,-0.22397453408181517,0.0,249,1.6064257028112447,20.481927710843372,2.0080321285140563,6.024096385542169
1095,18386266,myrtle_beach,entire_place,183.2,109.4665995557788,-0.016877695403095024,0.19592951712263884,0.27746994190277546,0.16084908644894597,0.0,249,85.34136546184739,80.32128514056225,71.8875502008032,90.36144578313254
1096,18426837,myrtle_beach,entire_place,110.59999999999997,96.50017458465942,-0.016877695403095024,0.3709881450406876,0.19747516975934903,-0.059073809514138376,0.0,249,98.39357429718876,71.8875502008032,21.285140562248998,82.73092369477911
1097,18449787,myrtle_beach,entire_place,63.09999999999997,71.37757819914775,-0.016877695403095024,0.12212624012092506,0.299229574791491,-0.20992392019577266,0.0,249,71.08433734939759,89.1566265060241,5.220883534136546,56.62650602409639
1098,18535409,myrtle_beach,entire_place,7.3999999999999995,36.020122139479795,-0.016877695403095024,0.3026868901865248,-0.5782193711920893,-0.18347057589909377,0.0,249,95.58232931726907,14.056224899598394,7.630522088353414,13.253012048192772
1099,18773612,myrtle_beach,entire_place,12.5,61.7981321675461,-0.016877695403095024,-0.10280259925853227,0.19220384947330985,-0.01994058306613388,0.0,249,17.670682730923694,67.8714859437751,27.91164658634538,40.562248995983936
1100,18950452,myrtle_beach,entire_place,8.400000000000002,32.56218895087032,-0.016877695403095024,0.1163934128978865,-0.6722515405399174,-0.0012064312180772169,0.0,249,69.07630522088354,8.835341365461847,38.55421686746988,12.048192771084338
1101,18958405,myrtle_beach,entire_place,202.90000000000003,99.2346725252429,-0.016877695403095024,0.14571526280958474,0.3003041220845318,0.09103011375883772,0.0,249,74.69879518072288,91.56626506024097,59.036144578313255,84.33734939759037
1102,18976364,myrtle_beach,entire_place,27.799999999999997,52.97001033697375,-0.016877695403095024,0.09728075633076871,-0.22488235736999435,0.04556546587341295,0.0,249,55.020080321285135,23.293172690763054,53.01204819277109,30.120481927710845
1103,19039165,myrtle_beach,entire_place,28.400000000000002,41.459862785103354,-0.016877695403095024,-0.01910705054379977,-0.214813680918306,-0.08798470722353305,0.0,249,28.514056224899598,25.702811244979916,18.072289156626507,18.87550200803213
1104,19132030,myrtle_beach,entire_place,182.30000000000007,109.98518753361529,-0.016877695403095024,0.19592951712263884,0.27746994190277546,0.16553262441096014,0.0,249,85.34136546184739,80.32128514056225,73.69477911646585,90.76305220883533
1105,19192730,myrtle_beach,entire_place,77.29999999999995,15.094752769489741,-0.016877695403095024,-0.17633067228383348,-0.8977606836317666,-0.21788000348251582,0.0,249,12.449799196787147,2.8112449799196786,3.2128514056224895,0.4016064257028112
1106,19192751,myrtle_beach,entire_place,16.4,48.06261637148496,-0.016877695403095024,-0.18862937280074718,0.06411439077278368,-0.052852313857536054,0.0,249,11.646586345381527,48.99598393574297,22.08835341365462,24.497991967871485
1107,19585781,myrtle_beach,entire_place,12.7,25.361606783751277,-0.016877695403095024,-0.2063684188834456,-0.6842178125727307,0.09203023128210189,0.0,249,9.236947791164658,6.827309236947792,59.43775100401606,6.425702811244979
1108,19661057,myrtle_beach,entire_place,83.20000000000005,67.22305056751917,-0.016877695403095024,0.17214788447880672,0.19789976159851558,-0.21772981679912962,0.0,249,79.91967871485943,73.89558232931726,3.614457831325301,48.19277108433735
1109,19675955,myrtle_beach,entire_place,30.1,32.14204834746742,-0.016877695403095024,0.05160063311425809,-0.6605600044030355,0.039297526964644176,0.0,249,39.3574297188755,11.244979919678714,49.39759036144578,11.646586345381527
1110,19720016,myrtle_beach,entire_place,93.69999999999997,99.87544229878638,-0.016877695403095024,0.3429955067124837,0.20952537313841102,-0.009099031976168875,0.0,249,97.59036144578313,77.10843373493977,32.1285140562249,85.14056224899599
1111,19789224,myrtle_beach,entire_place,137.10000000000002,70.69562838517588,-0.016877695403095024,-0.047409448210098876,0.30066569424749545,-0.051291134536864666,0.0,249,24.899598393574294,93.57429718875501,22.48995983935743,55.42168674698795
1112,19848461,myrtle_beach,entire_place,209.8,94.00500284853577,-0.016877695403095024,0.23938528818664534,0.1920789695206138,0.052000630742052995,0.0,249,93.57429718875501,66.06425702811245,54.21686746987952,78.714859437751
1113,19932303,myrtle_beach,entire_place,67.40000000000002,53.304273956686195,-0.016877695403095024,0.025870542058873472,0.06435166268290617,-0.16608393415967077,0.0,249,34.93975903614458,49.39759036144578,12.449799196787147,30.923694779116467
1114,20012513,myrtle_beach,entire_place,34.199999999999996,50.93167762529801,-0.016877695403095024,0.11770534680053954,-0.22454518149771502,-0.013695865783448329,0.0,249,69.47791164658635,23.694779116465863,30.522088353413658,27.710843373493976
1115,20036838,myrtle_beach,entire_place,28.7,45.04215823616694,-0.016877695403095024,-0.06729347426628693,-0.45612487657285805,0.2825111476804964,0.0,249,22.08835341365462,16.06425702811245,85.94377510040161,21.686746987951807
1116,20231925,myrtle_beach,entire_place,39.0,58.501818937719825,-0.016877695403095024,-0.2660204970520098,0.19733838151123825,0.08422433467874493,0.0,249,2.8112449799196786,71.4859437751004,58.63453815261044,34.93975903614458
1117,20534179,myrtle_beach,entire_place,115.50000000000004,39.99776180872345,-0.016877695403095024,0.03212665601465349,-0.4982770479692499,0.10920320380948716,0.0,249,36.94779116465863,14.859437751004014,61.44578313253012,17.670682730923694
1118,20534568,myrtle_beach,entire_place,54.499999999999986,30.194136740891953,-0.016877695403095024,-0.24094420818636592,-0.6649321890296632,0.2756418860717521,0.0,249,5.622489959839357,10.441767068273093,84.73895582329317,10.843373493975903
1119,20711291,myrtle_beach,entire_place,78.30000000000003,74.02202737333761,-0.016877695403095024,0.03266722042823622,0.390100895053843,-0.17545101008369912,0.0,249,37.34939759036144,98.39357429718876,10.040160642570282,61.44578313253012
1120,20759692,myrtle_beach,entire_place,9.1,22.79970362361431,-0.016877695403095024,-0.04447973267346236,-0.6834685328565545,-0.17284326998759714,0.0,249,25.702811244979916,7.228915662650602,10.843373493975903,3.614457831325301
1121,20889138,myrtle_beach,entire_place,279.7999999999999,117.72161831869863,-0.016877695403095024,-0.010152026126870814,0.2985288607741268,0.41793991274137127,0.0,249,30.120481927710845,88.75502008032129,91.16465863453816,92.7710843373494
1122,20917116,myrtle_beach,entire_place,9.7,29.31022639743809,-0.016877695403095024,0.06938407809788152,-0.6723889084878831,-0.05597467249887883,0.0,249,46.58634538152611,8.433734939759036,21.686746987951807,9.63855421686747
1123,20918753,myrtle_beach,entire_place,45.599999999999994,38.614805385709765,-0.016877695403095024,0.10147084457566664,-0.6830938929984665,0.19036130685831615,0.0,249,56.22489959839358,7.630522088353414,78.714859437751,15.66265060240964
1124,20945856,myrtle_beach,entire_place,54.39999999999999,52.46344772962899,-0.016877695403095024,-0.15017325459102407,0.16546591163086616,-0.10675911997415799,0.0,249,14.859437751004014,51.80722891566265,17.269076305220885,29.31726907630522
1125,21063051,myrtle_beach,entire_place,34.199999999999996,65.26022889063192,-0.016877695403095024,0.358441361767445,-0.13610902031293579,-0.09920715348540704,0.0,249,97.99196787148594,26.907630522088354,17.670682730923694,46.1847389558233
1126,21151582,myrtle_beach,entire_place,54.79999999999998,68.51024148651689,-0.016877695403095024,0.06670244531757386,-0.05341973522074085,0.15772672780760322,0.0,249,44.17670682730924,39.3574297188755,70.68273092369478,51.00401606425703
1127,21151583,myrtle_beach,entire_place,62.2,67.4342098095913,-0.016877695403095024,0.08658647137376194,-0.05911564734594661,0.12793735565754383,0.0,249,51.204819277108435,31.92771084337349,64.2570281124498,48.59437751004016
1128,21151584,myrtle_beach,entire_place,112.10000000000002,97.33085329157208,-0.016877695403095024,0.07297583695419516,0.17168979202248102,0.27320755428511956,0.0,249,47.791164658634536,55.42168674698795,84.33734939759037,83.53413654618474
1129,21151585,myrtle_beach,entire_place,47.60000000000001,61.70443987376381,-0.016877695403095024,0.06670244531757386,-0.0569802001548443,0.05824534802473856,0.0,249,44.17670682730924,33.33333333333333,54.61847389558233,40.16064257028113
1130,21151586,myrtle_beach,entire_place,65.6,77.435637589076,-0.016877695403095024,0.07297583695419516,-0.059053207369598584,0.2778910922471337,0.0,249,47.791164658634536,32.53012048192771,85.14056224899599,66.66666666666666
1131,21151588,myrtle_beach,entire_place,100.6,86.2894979247653,-0.016877695403095024,0.08658647137376194,0.171752231998829,0.14042679022291493,0.0,249,51.204819277108435,55.82329317269076,67.26907630522089,72.28915662650603
1132,21151590,myrtle_beach,entire_place,463.6,261.0248682428433,-0.016877695403095024,0.08552262022743773,0.2764235813739548,1.1360285512846002,0.0,249,48.99598393574297,78.714859437751,100.0,100.0
1133,21151592,myrtle_beach,entire_place,538.8,171.6621330507756,-0.016877695403095024,-0.08812811369264126,0.27586162158682265,0.8931385255616034,0.0,249,20.080321285140563,78.3132530120482,99.59839357429718,99.59839357429718
1134,21151595,myrtle_beach,entire_place,60.50000000000002,69.49291632591436,-0.016877695403095024,0.06670244531757386,-0.05343222321601045,0.1717773416936457,0.0,249,44.17670682730924,38.75502008032129,74.8995983935743,52.81124497991968
1135,21151598,myrtle_beach,entire_place,43.900000000000006,74.05090531646147,-0.016877695403095024,0.06670244531757386,0.17127768817858408,0.009721824026622507,0.0,249,44.17670682730924,53.81526104417671,43.373493975903614,61.84738955823293
1136,21151600,myrtle_beach,entire_place,14.100000000000003,69.49291632591436,-0.016877695403095024,0.06670244531757386,-0.05343222321601045,0.1717773416936457,0.0,249,44.17670682730924,38.75502008032129,74.8995983935743,52.81124497991968
1137,21151601,myrtle_beach,entire_place,25.2,60.734718164200125,-0.016877695403095024,0.06670244531757386,-0.053831839064637746,0.03951119617668188,0.0,249,44.17670682730924,33.93574297188755,51.00401606425703,38.152610441767074
1138,21151602,myrtle_beach,entire_place,92.1,92.65329911661986,-0.016877695403095024,0.06670244531757386,0.17744814412403476,0.22498440365377592,0.0,249,44.17670682730924,60.24096385542169,82.32931726907631,77.91164658634538
1139,21151604,myrtle_beach,entire_place,298.49999999999994,109.24056514686468,-0.016877695403095024,0.08658647137376194,0.17773536801523565,0.367878431048667,0.0,249,51.204819277108435,61.44578313253012,88.95582329317268,89.95983935742971
1140,21151605,myrtle_beach,entire_place,22.900000000000006,96.3320263530894,-0.016877695403095024,0.07297583695419516,-0.05348217519708888,0.48816976054550054,0.0,249,47.791164658634536,37.95180722891566,95.58232931726907,82.32931726907631
1141,21151607,myrtle_beach,entire_place,11.9,61.21849870499258,-0.016877695403095024,0.06670244531757386,-0.053831839064637746,0.04731709278003883,0.0,249,44.17670682730924,33.93574297188755,53.41365461847389,38.95582329317269
1142,21151608,myrtle_beach,entire_place,135.90000000000006,86.57829379482666,-0.016877695403095024,0.08658647137376194,-0.058641103525701635,0.37412314833135263,0.0,249,51.204819277108435,32.93172690763052,89.95983935742971,73.09236947791165
1143,21151609,myrtle_beach,entire_place,45.900000000000006,43.97745627104315,-0.016877695403095024,0.06042905368095257,-0.3658047000190501,0.04107237549735328,0.0,249,40.963855421686745,18.87550200803213,51.80722891566265,20.481927710843372
1144,21151612,myrtle_beach,entire_place,47.7,67.54113132288374,-0.016877695403095024,0.08658647137376194,-0.05911564734594661,0.12949853497821523,0.0,249,51.204819277108435,31.92771084337349,64.65863453815261,48.99598393574297
1145,21151614,myrtle_beach,entire_place,24.800000000000004,23.49945301558423,-0.016877695403095024,0.13944187117296347,-1.014732849838159,0.003477106743936951,0.0,249,73.89558232931726,0.8032128514056224,41.365461847389554,4.819277108433735
1146,21151615,myrtle_beach,entire_place,24.299999999999997,24.106914727676475,-0.016877695403095024,0.13944187117296347,-1.0089744977366053,0.02221125859199362,0.0,249,73.89558232931726,1.6064257028112447,46.1847389558233,5.220883534136546
1147,21151616,myrtle_beach,entire_place,52.7,48.998924478621035,-0.016877695403095024,0.06670244531757386,-0.3655924040994668,0.14042679022291493,0.0,249,44.17670682730924,19.27710843373494,67.26907630522089,25.702811244979916
1148,21151618,myrtle_beach,entire_place,109.7,100.10185191245242,-0.016877695403095024,0.10647049742995003,0.2956441338668483,0.1435491488642577,0.0,249,63.65461847389559,86.34538152610442,68.07228915662651,85.54216867469879
1149,21151623,myrtle_beach,entire_place,28.000000000000004,60.136165372790245,-0.016877695403095024,0.10647049742995003,-0.05950277519930432,-0.004328789859419994,0.0,249,63.65461847389559,30.522088353413658,34.33734939759036,36.54618473895582
1150,21151624,myrtle_beach,entire_place,33.29999999999999,69.75220837567629,-0.016877695403095024,0.10647049742995003,-0.053494663192358474,0.13574325226090078,0.0,249,63.65461847389559,37.148594377510044,66.06425702811245,53.81526104417671
1151,21151625,myrtle_beach,entire_place,51.10000000000001,91.70687162779554,-0.016877695403095024,0.10647049742995003,0.17148998409816735,0.18101745256037105,0.0,249,63.65461847389559,55.020080321285135,77.91164658634538,77.10843373493977
1152,21151628,myrtle_beach,entire_place,29.199999999999996,63.24072842904524,-0.016877695403095024,0.10647049742995003,-0.0536819831214025,0.039384231119378894,0.0,249,63.65461847389559,36.34538152610442,50.20080321285141,42.971887550200805
1153,21151629,myrtle_beach,entire_place,27.2,75.98682468083382,-0.016877695403095024,0.10647049742995003,0.17102792827319196,-0.004328789859419994,0.0,249,63.65461847389559,53.01204819277109,34.33734939759036,63.45381526104418
1154,21151630,myrtle_beach,entire_place,74.79999999999998,95.00651429506543,-0.016877695403095024,0.1648106416958612,0.17147749610289775,0.1576632452789517,0.0,249,77.91164658634538,54.41767068273092,70.28112449799197,81.52610441767068
1155,21151631,myrtle_beach,entire_place,43.099999999999994,60.68074566586799,-0.016877695403095024,0.10647049742995003,-0.053756911093020124,-0.0012064312180772169,0.0,249,63.65461847389559,34.738955823293175,38.55421686746988,37.75100401606426
1156,21151634,myrtle_beach,entire_place,14.100000000000003,60.584526088800644,-0.016877695403095024,0.10647049742995003,-0.053756911093020124,-0.002767610538748606,0.0,249,63.65461847389559,34.738955823293175,36.144578313253014,37.34939759036144
1157,21151635,myrtle_beach,entire_place,63.09999999999997,69.89811045408385,-0.016877695403095024,0.10647049742995003,-0.05924052729864261,0.1435491488642577,0.0,249,63.65461847389559,31.32530120481928,68.07228915662651,54.61847389558233
1158,21151637,myrtle_beach,entire_place,24.899999999999995,30.429220703064708,-0.016877695403095024,0.06670244531757386,-0.6866614422894808,-0.002767610538748606,0.0,249,44.17670682730924,6.425702811244979,36.144578313253014,11.244979919678714
1159,21151638,myrtle_beach,entire_place,46.3,63.239926196141695,-0.016877695403095024,0.10647049742995003,-0.05369447111667215,0.039384231119378894,0.0,249,63.65461847389559,35.7429718875502,50.20080321285141,42.570281124497996
1160,21151643,myrtle_beach,entire_place,21.4,71.69495132473871,-0.016877695403095024,0.10647049742995003,-0.06543595923463254,0.1747727352776855,0.0,249,63.65461847389559,29.31726907630522,76.30522088353415,57.831325301204814
1161,21151644,myrtle_beach,entire_place,25.699999999999996,22.593155414329445,-0.016877695403095024,0.13944187117296347,-1.0117093687006484,-0.03724052065082216,0.0,249,73.89558232931726,1.2048192771084338,24.096385542168676,3.2128514056224895
1162,21151646,myrtle_beach,entire_place,25.599999999999994,76.4700573127965,-0.016877695403095024,0.10647049742995003,0.17104041626846161,0.0019159274232655628,0.0,249,63.65461847389559,53.41365461847389,40.562248995983936,64.65863453815261
1163,21151647,myrtle_beach,entire_place,73.80000000000001,76.43142076641323,-0.016877695403095024,0.10647049742995003,0.17678628037474575,-0.004328789859419994,0.0,249,63.65461847389559,57.63052208835341,34.33734939759036,64.2570281124498
1164,21151648,myrtle_beach,entire_place,38.900000000000006,76.1900291523808,-0.016877695403095024,0.10647049742995003,0.17678628037474575,-0.00745114850076277,0.0,249,63.65461847389559,57.63052208835341,33.33333333333333,63.85542168674698
1165,21151649,myrtle_beach,entire_place,84.10000000000001,91.99562676940988,-0.016877695403095024,0.10647049742995003,0.17147749610289775,0.18413981120171383,0.0,249,63.65461847389559,54.41767068273092,78.3132530120482,77.51004016064257
1166,21151650,myrtle_beach,entire_place,15.300000000000004,60.874408737378424,-0.016877695403095024,0.10647049742995003,-0.05374442309775053,0.0019159274232655628,0.0,249,63.65461847389559,35.34136546184739,40.562248995983936,38.55421686746988
1167,21151651,myrtle_beach,entire_place,58.80000000000002,42.30941354094698,-0.016877695403095024,0.06670244531757386,-0.3660294839339029,-0.002767610538748606,0.0,249,44.17670682730924,18.473895582329316,36.144578313253014,20.080321285140563
1168,21151652,myrtle_beach,entire_place,74.90000000000002,63.61090941103743,-0.016877695403095024,0.10647049742995003,-0.047936119015118364,0.039384231119378894,0.0,249,63.65461847389559,39.959839357429715,50.20080321285141,44.57831325301205
1169,21151653,myrtle_beach,entire_place,54.899999999999984,25.773544642733228,-0.016877695403095024,0.11955784511677536,-1.0289844250053097,0.12637617633687243,0.0,249,70.68273092369478,0.4016064257028112,63.85542168674698,7.228915662650602
1170,21151654,myrtle_beach,entire_place,24.800000000000004,61.38955567205267,-0.016877695403095024,0.10647049742995003,-0.05944033522295629,0.01590305878065656,0.0,249,63.65461847389559,30.923694779116467,45.78313253012048,39.3574297188755
1171,21151659,myrtle_beach,entire_place,46.999999999999986,59.79272477767404,-0.016877695403095024,0.10647049742995003,-0.06513624734816205,-0.004328789859419994,0.0,249,63.65461847389559,29.71887550200803,34.33734939759036,36.144578313253014
1172,21151660,myrtle_beach,entire_place,129.59999999999997,67.78729344108274,-0.016877695403095024,0.10647049742995003,-0.053494663192358474,0.10757854196016427,0.0,249,63.65461847389559,37.148594377510044,61.044176706827315,50.20080321285141
1173,21151662,myrtle_beach,entire_place,86.19999999999999,76.79087622613622,-0.016877695403095024,0.10647049742995003,0.17686120834636337,0.00022778304529118276,0.0,249,63.65461847389559,58.43373493975904,39.3574297188755,65.46184738955823
1174,21151664,myrtle_beach,entire_place,11.500000000000002,27.304370062769074,-0.016877695403095024,0.13316847953634217,-1.0088496177839092,0.1482326868262719,0.0,249,72.28915662650603,2.0080321285140563,69.47791164658635,8.032128514056225
1175,21151665,myrtle_beach,entire_place,48.60000000000001,63.40948560204027,-0.016877695403095024,0.10647049742995003,-0.047936119015118364,0.03626187247803612,0.0,249,63.65461847389559,39.959839357429715,48.59437751004016,43.373493975903614
1176,21188725,myrtle_beach,entire_place,61.7,36.04759719700273,-0.016877695403095024,0.08658647137376194,-0.6805908903061869,0.13574325226090078,0.0,249,51.204819277108435,8.032128514056225,66.06425702811245,13.654618473895583
1177,21188726,myrtle_beach,entire_place,57.39999999999999,63.04045865524262,-0.016877695403095024,0.10647049742995003,-0.0536819831214025,0.03626187247803612,0.0,249,63.65461847389559,36.34538152610442,48.59437751004016,42.168674698795186
1178,21188728,myrtle_beach,entire_place,66.19999999999999,90.3769295173914,-0.016877695403095024,0.10647049742995003,0.17733575216660835,0.160722121391643,0.0,249,63.65461847389559,59.83935742971887,71.4859437751004,75.90361445783132
1179,21250349,myrtle_beach,private_room,44.5,24.602441321482264,-0.016877695403095024,0.16666314001209703,-0.6496052599870601,-0.3448348322941801,0.0,4,100.0,25.0,25.0,50.0
1180,21379933,myrtle_beach,entire_place,9.7,38.75909642938761,-0.016877695403095024,-0.30059628635493024,-0.06390329682601474,-0.02312642423612816,0.0,249,2.0080321285140563,30.120481927710845,25.702811244979916,16.06425702811245
1181,21446554,myrtle_beach,entire_place,91.09999999999998,149.240200633033,-0.016877695403095024,0.2833434285439195,0.30162726988325494,0.35679998912058114,0.0,249,94.37751004016064,95.18072289156626,87.55020080321285,98.39357429718876
1182,21485595,myrtle_beach,entire_place,48.60000000000001,73.4731081824448,-0.016877695403095024,0.10647049742995003,0.17686120834636337,-0.04335827287620472,0.0,249,63.65461847389559,58.43373493975904,22.89156626506024,60.24096385542169
1183,21485601,myrtle_beach,entire_place,277.69999999999993,63.51899605003068,-0.016877695403095024,0.10647049742995003,-0.05348217519708888,0.04350670728398582,0.0,249,63.65461847389559,37.95180722891566,52.610441767068274,44.17670682730924
1184,21485878,myrtle_beach,entire_place,201.50000000000009,109.23918847180455,-0.016877695403095024,0.08658647137376194,0.17772288001996606,0.367878431048667,0.0,249,51.204819277108435,61.044176706827315,88.95582329317268,89.5582329317269
1185,21566950,myrtle_beach,entire_place,435.7000000000001,137.2339374384274,-0.016877695403095024,0.19699336826896308,0.18706989713523625,0.47441952002623045,0.0,249,87.14859437751004,64.2570281124498,94.37751004016064,94.77911646586345
1186,21671688,myrtle_beach,entire_place,112.2,73.14352021430449,-0.016877695403095024,0.30351993625736146,-0.22558168510509213,0.15759976275030022,0.0,249,95.98393574297188,22.89156626506024,69.87951807228916,59.43775100401606
1187,21699139,myrtle_beach,entire_place,221.39999999999998,72.11940529805314,-0.016877695403095024,0.030814722112000426,0.05975469414142558,0.1310597142988866,0.0,249,36.54618473895582,48.19277108433735,65.06024096385542,58.23293172690763
1188,21765516,myrtle_beach,entire_place,80.40000000000003,114.9823530070686,-0.016877695403095024,0.31654560736242043,0.19789976159851558,0.16852801799499995,0.0,249,96.78714859437751,73.89558232931726,74.29718875502009,92.3694779116466
1189,21963883,myrtle_beach,entire_place,72.79999999999998,85.42732375264569,-0.016877695403095024,0.08658647137376194,0.1773107761760691,0.12494196207350403,0.0,249,51.204819277108435,59.43775100401606,63.45381526104418,71.4859437751004
1190,21973643,myrtle_beach,entire_place,36.599999999999994,20.268461184209702,-0.016877695403095024,-0.260828234242554,-0.8990594351398056,0.14664828587951728,0.0,249,3.413654618473896,2.4096385542168677,69.07630522088354,1.6064257028112447
1191,21973852,myrtle_beach,entire_place,32.7,25.82654093259789,-0.016877695403095024,-0.260828234242554,-0.6653318048782906,0.14508710655884588,0.0,249,3.413654618473896,10.040160642570282,68.67469879518072,7.630522088353414
1192,22036432,myrtle_beach,entire_place,13.299999999999999,19.675906022433157,-0.016877695403095024,-0.15590608181406262,-0.8859442675421887,0.0003547481025941747,0.0,249,14.056224899598394,5.220883534136546,39.75903614457831,1.2048192771084338
1193,22065194,myrtle_beach,entire_place,39.29999999999999,63.781846142806074,-0.016877695403095024,0.15197137676536476,-0.03927594163967636,-0.01213468646277694,0.0,249,75.50200803212851,40.963855421686745,31.52610441767068,44.97991967871486
1194,22116372,myrtle_beach,entire_place,55.899999999999984,22.331479432722013,-0.016877695403095024,-0.036894407134188,-0.8919274035585953,0.008160644705951117,0.0,249,26.907630522088354,4.417670682730924,42.971887550200805,2.8112449799196786
1195,22123254,myrtle_beach,entire_place,62.100000000000016,48.191644042491205,-0.016877695403095024,-0.202240007220314,0.0694231750446317,-0.041924058612836324,0.0,249,9.63855421686747,50.20080321285141,23.293172690763054,24.899598393574294
1196,22176687,myrtle_beach,entire_place,46.20000000000002,74.98031247822271,-0.016877695403095024,-0.04233475269997265,0.30042842233737294,0.0019159274232655628,0.0,249,26.104417670682732,92.3694779116466,40.562248995983936,62.65060240963856
1197,22335224,myrtle_beach,entire_place,163.00000000000006,47.260436621804004,-0.016877695403095024,-0.19436220002378574,0.18233233655671627,-0.18182269242368765,0.0,249,11.244979919678714,63.05220883534136,8.23293172690763,24.096385542168676
1198,22471424,myrtle_beach,entire_place,70.19999999999999,38.506157564145184,-0.016877695403095024,0.05780518587564645,-0.665569076788413,0.21375577504230378,0.0,249,40.562248995983936,9.63855421686747,80.72289156626506,15.261044176706829
1199,22516923,myrtle_beach,entire_place,212.00000000000006,69.19525859172762,-0.016877695403095024,-0.22731629608595788,0.29268447898795213,0.11544792109217271,0.0,249,7.630522088353414,83.93574297188755,62.24899598393574,51.80722891566265
1200,22568996,myrtle_beach,entire_place,178.19999999999996,94.78428419192336,-0.016877695403095024,0.1961603221981264,0.19195408956791776,0.10351954832420883,0.0,249,86.74698795180723,65.46184738955823,60.6425702811245,81.12449799196787
1201,22601677,myrtle_beach,entire_place,23.700000000000003,44.128362502361455,-0.016877695403095024,0.05415566204433127,-0.4555129648046474,0.1404035685968317,0.0,249,40.16064257028113,16.46586345381526,66.66666666666666,20.883534136546185
1202,22796926,myrtle_beach,entire_place,42.60000000000001,66.98213631304768,-0.016877695403095024,-0.006560267270557224,0.30581271428069345,-0.1504721409529569,0.0,249,30.522088353413658,96.3855421686747,14.257028112449799,47.791164658634536
1203,22832442,myrtle_beach,entire_place,254.99999999999994,69.85930329376228,-0.016877695403095024,-0.04937951382566423,0.2094669974825564,0.03014412025265356,0.0,249,24.497991967871485,76.70682730923694,47.389558232931726,54.21686746987952
1204,22840104,myrtle_beach,entire_place,96.60000000000002,87.2746855468074,-0.016877695403095024,-0.050212559896500905,0.30104033410558356,0.1591609420709716,0.0,249,24.096385542168676,94.77911646586345,71.08433734939759,74.69879518072288
1205,22856445,myrtle_beach,entire_place,121.90000000000003,64.80356368176508,-0.016877695403095024,0.21060400268852986,-0.21918644524478859,0.12479177539011782,0.0,249,89.1566265060241,24.899598393574294,63.05220883534136,45.38152610441767
1206,22903216,myrtle_beach,entire_place,120.00000000000003,40.47265881096417,-0.016877695403095024,-0.23986307935920043,0.07625549473937145,-0.18182269242368765,0.0,249,6.425702811244979,51.00401606425703,8.23293172690763,18.072289156626507
1207,22903317,myrtle_beach,entire_place,116.49999999999999,71.01474545762518,-0.016877695403095024,-0.20063559166040704,0.1836186000694855,0.22342322433310455,0.0,249,10.642570281124499,63.45381526104418,81.72690763052208,55.82329317269076
1208,22935914,myrtle_beach,entire_place,86.39999999999998,96.51723367397034,-0.016877695403095024,0.1661225755985143,-0.02612469633851698,0.36956657542664145,0.0,249,78.714859437751,42.77108433734939,89.5582329317269,83.13253012048193
1209,22935915,myrtle_beach,entire_place,136.50000000000003,139.99524161637686,-0.016877695403095024,0.17239596723513556,0.20420619920966565,0.5016593126341359,0.0,249,80.52208835341365,76.30522088353415,95.98393574297188,95.58232931726907
1210,22935922,myrtle_beach,entire_place,83.79999999999998,114.7509525176251,-0.016877695403095024,0.1525119411789475,-0.021591554055650705,0.550055871574949,0.0,249,75.90361445783132,44.17670682730924,97.18875502008032,91.96787148594377
1211,22935924,myrtle_beach,entire_place,233.19999999999993,102.90404037952115,-0.016877695403095024,0.17239596723513556,-0.023427289360282502,0.42403444334067064,0.0,249,80.52208835341365,43.77510040160642,91.56626506024097,87.14859437751004
1212,22939190,myrtle_beach,entire_place,32.60000000000001,50.686941846544585,-0.016877695403095024,-0.28644508752178066,-0.1628931076117644,0.32407870591513344,0.0,249,2.4096385542168677,26.104417670682732,87.14859437751004,27.309236947791167
1213,22986926,myrtle_beach,entire_place,28.199999999999992,86.47832816160414,-0.016877695403095024,-0.026984857740328022,0.3916494064672739,0.03626187247803612,0.0,249,27.710843373493976,99.19678714859438,48.59437751004016,72.69076305220884
1214,23004536,myrtle_beach,entire_place,52.00000000000001,94.2768536129485,-0.016877695403095024,0.1854833149219609,0.28812170610684823,0.012717217610662301,0.0,249,83.53413654618474,82.73092369477911,44.17670682730924,79.51807228915662
1215,23105648,myrtle_beach,entire_place,117.20000000000002,112.7340145513178,-0.016877695403095024,0.37668277714341103,0.4014302793279065,-0.11471520326090115,0.0,249,99.19678714859438,100.0,16.46586345381526,91.56626506024097
1216,23122034,myrtle_beach,entire_place,11.500000000000002,68.84116400853219,-0.016877695403095024,0.18254968777855962,0.19214140949696182,-0.19893218242242144,0.0,249,82.73092369477911,66.86746987951807,6.024096385542169,51.40562248995983
1217,23148985,myrtle_beach,entire_place,18.100000000000005,24.519208137057838,-0.016877695403095024,-0.20743227002976977,-0.5598203953131636,-0.06378056910223577,0.0,249,8.835341365461847,14.457831325301203,20.080321285140563,5.622489959839357
1218,23385188,myrtle_beach,entire_place,18.199999999999996,45.069883904306366,-0.016877695403095024,-0.209053963270518,-0.017555375314242408,-0.013695865783448329,0.0,249,8.433734939759036,44.97991967871486,30.522088353413658,22.08835341365462
1219,23385584,myrtle_beach,entire_place,58.6,59.557807347386,-0.016877695403095024,-0.22893798932670612,-0.017380543380467975,0.2794522715678051,0.0,249,7.228915662650602,45.38152610441767,85.54216867469879,35.7429718875502
1220,23385707,myrtle_beach,entire_place,33.50000000000001,29.70849518964821,-0.016877695403095024,-0.2425486237462729,-0.6578501094295314,0.25447340243706285,0.0,249,5.220883534136546,12.048192771084338,83.13253012048193,10.040160642570282
1221,23386007,myrtle_beach,entire_place,47.7,66.4314183263537,-0.016877695403095024,-0.04167662098706029,-0.015994375905541883,0.19831739014505934,0.0,249,26.506024096385545,45.78313253012048,79.51807228915662,47.389558232931726
1222,23386023,myrtle_beach,entire_place,98.8,86.80280142457619,-0.016877695403095024,-0.02806598656749351,-0.015057776260321579,0.44775250651751386,0.0,249,27.309236947791167,46.1847389558233,93.17269076305222,73.89558232931726
1223,23386026,myrtle_beach,entire_place,16.999999999999996,37.90824652404226,-0.016877695403095024,-0.1672541689608101,-0.019590918543187855,-0.22241335476114377,0.0,249,13.654618473895583,44.57831325301205,2.8112449799196786,14.457831325301203
1224,23420461,myrtle_beach,entire_place,80.7,57.09754851341427,-0.016877695403095024,-0.0991837191821349,0.3054499827180201,-0.2146074581577868,0.0,249,19.477911646586346,95.78313253012048,4.417670682730924,34.13654618473896
1225,23535331,myrtle_beach,entire_place,71.59999999999997,51.61709964530712,-0.016877695403095024,-0.17579010787025073,0.06957303098786695,-0.0012064312180772169,0.0,249,12.851405622489958,50.602409638554214,38.55421686746988,28.11244979919679
1226,23680794,myrtle_beach,entire_place,93.69999999999997,57.84621029865098,-0.016877695403095024,0.23623813364859778,-0.11877152403192645,-0.11300383725684354,0.0,249,93.17269076305222,28.11244979919679,16.867469879518072,34.53815261044177
1227,23685526,myrtle_beach,entire_place,8.3,15.656615432574004,-0.016877695403095024,-0.22129098720566545,-0.8967991079960071,-0.13956710733434038,0.0,249,8.032128514056225,3.2128514056224895,14.859437751004014,0.8032128514056224
1228,23765464,myrtle_beach,entire_place,62.2,28.619803841262843,-0.016877695403095024,-0.20063559166040704,-0.45676176433160787,-0.024624121028148045,0.0,249,10.642570281124499,15.461847389558233,25.301204819277107,9.236947791164658
1229,23784729,myrtle_beach,entire_place,67.79999999999998,80.60272376607615,-0.016877695403095024,0.09125544745047628,0.3000662704745544,-0.05992374035401633,0.0,249,53.41365461847389,90.76305220883533,20.883534136546185,68.27309236947792
1230,23798143,myrtle_beach,entire_place,116.30000000000001,102.70370667363343,-0.016877695403095024,-0.02299129105736731,0.38484206276307337,0.2092224237636758,0.0,249,28.11244979919679,97.18875502008032,80.32128514056225,86.74698795180723
1231,23802298,myrtle_beach,entire_place,153.8,86.81979599461036,-0.016877695403095024,0.2178968465705503,0.19593776005892144,-0.009012327821434157,0.0,249,91.16465863453816,70.28112449799197,32.730923694779115,74.29718875502009
1232,23809931,myrtle_beach,entire_place,61.90000000000001,69.74195741642274,-0.016877695403095024,0.14677911395590895,0.2938708385385645,-0.2520757618539002,0.0,249,75.1004016064257,84.33734939759037,0.8032128514056224,53.41365461847389
1233,23901698,myrtle_beach,entire_place,66.79999999999997,63.489269291757296,-0.016877695403095024,-0.04495862050527875,0.06470132655045509,0.07629147301808499,0.0,249,25.301204819277107,49.79919678714859,56.62650602409639,43.77510040160642
1234,23975101,myrtle_beach,entire_place,69.89999999999998,60.52913570040168,-0.016877695403095024,-0.08090410868585377,0.30059076627587783,-0.17064050706438194,0.0,249,20.883534136546185,93.17269076305222,11.646586345381527,36.94779116465863
1235,24222691,myrtle_beach,entire_place,118.09999999999994,41.04201026343493,-0.016877695403095024,-0.24613647099582175,-0.448830501053143,0.36317167146056967,0.0,249,4.819277108433735,17.670682730923694,87.95180722891565,18.473895582329316
1236,24278946,myrtle_beach,entire_place,146.29999999999998,137.3638890773093,-0.016877695403095024,0.37284064335692335,0.3118957542592569,0.17468603112295078,0.0,249,98.79518072289156,96.78714859437751,75.50200803212851,95.18072289156626
1237,24335107,myrtle_beach,entire_place,107.29999999999997,108.81384883284879,-0.016877695403095024,0.12839963175754635,-0.03377553711960467,0.5336978909595769,0.0,249,71.8875502008032,41.76706827309237,96.3855421686747,89.1566265060241
1238,24397844,myrtle_beach,entire_place,78.10000000000001,59.556220623290656,-0.016877695403095024,0.16038974837547576,0.004582742495187711,-0.13186495416220323,0.0,249,77.51004016064257,46.58634538152611,15.66265060240964,35.34136546184739
1239,24422578,myrtle_beach,entire_place,80.00000000000003,33.470830913386564,-0.016877695403095024,-0.252409862632443,-0.4541018213391822,0.17616050628888746,0.0,249,4.016064257028113,16.867469879518072,76.70682730923694,12.851405622489958
1240,24471709,myrtle_beach,entire_place,338.2,96.00937179843041,-0.016877695403095024,0.08658647137376194,0.17746063211930435,0.24029582349371736,0.0,249,51.204819277108435,60.6425702811245,82.73092369477911,81.92771084337349
1241,24485332,myrtle_beach,entire_place,57.299999999999976,68.48446198367309,-0.016877695403095024,-0.10067489696588386,0.17716092023283386,0.0941524724001805,0.0,249,18.67469879518072,59.036144578313255,60.24096385542169,50.602409638554214
1242,24496649,myrtle_beach,entire_place,61.799999999999976,61.52560093249073,-0.016877695403095024,0.10569912794087971,0.15372442351290572,-0.19431212698905875,0.0,249,57.831325301204814,51.40562248995983,7.228915662650602,39.75903614457831
1243,24542235,myrtle_beach,private_room,18.900000000000002,24.18883290297707,-0.016877695403095024,-0.29486345913189166,-0.24769098186135657,-0.30150946480331897,0.0,4,25.0,75.0,50.0,25.0
1244,24561934,myrtle_beach,private_room,127.59999999999995,53.7982534101867,-0.016877695403095024,-0.0861136491761508,0.19120480985174151,-0.1718975026346236,0.0,4,50.0,100.0,75.0,100.0
1245,24623170,myrtle_beach,private_room,38.900000000000006,28.18819876724638,-0.016877695403095024,0.052551246484424316,-0.6491681801526239,-0.1000832538837397,0.0,4,75.0,50.0,100.0,75.0
1246,24632916,myrtle_beach,entire_place,33.00000000000001,71.55000434539673,-0.016877695403095024,0.04657033650505692,0.18093690517559438,-0.013695865783448329,0.0,249,38.55421686746988,62.65060240963856,30.522088353413658,57.42971887550201
1247,24645872,myrtle_beach,entire_place,138.4,102.99448695188407,-0.016877695403095024,0.40392132366338585,0.30012871045090245,-0.13017680978422885,0.0,249,100.0,91.16465863453816,16.06425702811245,87.55020080321285
1248,24651889,myrtle_beach,entire_place,28.599999999999998,25.425571631585097,-0.016877695403095024,-0.34609716569034493,-0.45676176433160787,0.006726430442582726,0.0,249,0.8032128514056224,15.461847389558233,42.570281124497996,6.827309236947792
1249,24692201,myrtle_beach,entire_place,372.0000000000001,164.55694850263382,-0.016877695403095024,0.15357579232527171,0.1744871029628723,0.7107876767258522,0.0,249,76.30522088353415,56.22489959839358,97.59036144578313,99.19678714859438
1250,24715384,myrtle_beach,entire_place,281.2000000000001,74.66842030411189,-0.016877695403095024,0.13865322400305186,-0.15538643617246606,0.2726294532112273,0.0,249,72.69076305220884,26.506024096385545,83.93574297188755,62.24899598393574
1251,24753027,myrtle_beach,entire_place,80.40000000000003,79.08963282825394,-0.016877695403095024,0.08658647137376194,-0.04398991250992347,0.27008519564377675,0.0,249,51.204819277108435,40.562248995983936,83.53413654618474,67.8714859437751
1252,24822028,myrtle_beach,entire_place,95.09999999999998,39.246898839119524,-0.016877695403095024,-0.07345362812675026,-0.7806305797185559,0.47865249793808595,0.0,249,21.285140562248998,5.622489959839357,95.18072289156626,17.269076305220885
1253,40183,pigeon_forge,entire_place,34.199999999999996,107.18312724398254,0.17253580020731848,0.32466073604873624,-0.14894216633309687,0.2482286851543773,0.0,208,99.03846153846155,54.807692307692314,67.78846153846155,83.17307692307693
1254,1964847,pigeon_forge,entire_place,212.90000000000003,87.86405940376753,0.17253580020731848,0.15118924600975317,0.19715048188233933,-0.12111010722697291,0.0,208,92.78846153846155,67.3076923076923,22.115384615384613,69.71153846153845
1255,3682571,pigeon_forge,entire_place,117.90000000000006,100.2835956391636,0.17253580020731848,-0.13502673085309314,0.2949290498110487,0.1981439818355899,0.0,208,37.980769230769226,91.82692307692307,66.34615384615384,79.8076923076923
1256,5259464,pigeon_forge,entire_place,44.89999999999999,62.89543026919689,0.17253580020731848,-0.21456283507784552,0.29281857861048566,-0.180886057429075,0.0,208,10.096153846153847,88.46153846153845,14.903846153846153,48.07692307692308
1257,5696877,pigeon_forge,entire_place,136.19999999999993,122.59311775434811,0.17253580020731848,-0.12379188148250363,0.2941922580901421,0.3867163263279435,0.0,208,40.86538461538461,90.38461538461539,78.84615384615384,88.9423076923077
1258,6157278,pigeon_forge,entire_place,88.59999999999997,79.13148407371787,0.17253580020731848,-0.03560660057215271,0.2996291906401183,-0.1402319125629674,0.0,208,66.82692307692307,94.71153846153845,20.673076923076923,62.980769230769226
1259,6501527,pigeon_forge,entire_place,285.30000000000007,138.4335461917125,0.17253580020731848,0.2906255111593986,0.29462011825474077,0.09246432802220611,0.0,208,98.07692307692307,90.86538461538461,57.21153846153846,93.75
1260,7022224,pigeon_forge,entire_place,111.09999999999998,70.65278813822769,0.17253580020731848,0.021669692547434265,0.19877392126738788,-0.20848970593240423,0.0,208,77.40384615384616,72.11538461538461,12.980769230769232,53.36538461538461
1261,8697867,pigeon_forge,entire_place,38.29999999999999,44.31065603987822,0.17253580020731848,0.049679608556479446,-0.6536152927508693,0.15759976275030022,0.0,208,80.76923076923077,25.961538461538463,62.980769230769226,28.846153846153843
1262,9897398,pigeon_forge,entire_place,80.40000000000003,97.94583563969218,0.17253580020731848,0.11535699560533615,0.20337088980886847,0.015966541309308063,0.0,208,88.9423076923077,81.97115384615384,44.47115384615385,77.40384615384616
1263,10262939,pigeon_forge,entire_place,72.70000000000003,90.96077440928717,0.17253580020731848,-0.06466309004668085,0.19989784084165224,0.12624921127956945,0.0,208,56.25,78.36538461538461,59.13461538461539,72.59615384615384
1264,10354708,pigeon_forge,entire_place,29.000000000000004,27.15844240636973,0.17253580020731848,-0.16224799969222675,-0.6498550198924522,-0.10992792186766723,0.0,208,31.73076923076923,26.442307692307693,23.076923076923077,11.057692307692307
1265,10549978,pigeon_forge,entire_place,128.2,110.96316127638148,0.17253580020731848,0.07690087739561303,0.2034957697615645,0.17789509391902827,0.0,208,83.41346153846155,83.41346153846155,65.38461538461539,84.13461538461539
1266,10882324,pigeon_forge,entire_place,62.599999999999994,99.18811133220917,0.17253580020731848,0.11535699560533615,0.20335840181359885,0.028455975874679178,0.0,208,88.9423076923077,80.52884615384616,46.63461538461539,78.36538461538461
1267,11212318,pigeon_forge,entire_place,174.39999999999998,48.66812924333928,0.17253580020731848,0.07869790291069242,-0.4460567798210246,0.012844182667965285,0.0,208,84.61538461538461,30.76923076923077,43.02884615384615,35.09615384615385
1268,11440751,pigeon_forge,entire_place,46.20000000000002,24.39936608740998,0.17253580020731848,-0.15836767078542405,-0.6553011721122659,-0.21148509951644406,0.0,208,32.21153846153847,25.0,12.259615384615383,6.25
1269,11545748,pigeon_forge,entire_place,20.8,29.517828550250478,0.17253580020731848,-0.06987263053697793,-0.7782939383208736,0.006599465385279729,0.0,208,55.769230769230774,16.346153846153847,40.144230769230774,14.903846153846153
1270,11545804,pigeon_forge,entire_place,23.200000000000003,49.75171994485922,0.17253580020731848,-0.11460214038332232,-0.47124273378495163,0.2529122231163915,0.0,208,43.269230769230774,29.326923076923077,69.23076923076923,36.05769230769231
1271,11545931,pigeon_forge,entire_place,30.4,60.182192615013705,0.17253580020731848,-0.07483408827094615,-0.059053207369598584,-0.01213468646277694,0.0,208,53.36538461538461,56.730769230769226,32.45192307692308,44.71153846153847
1272,11546017,pigeon_forge,entire_place,211.29999999999998,47.57080242381242,0.17253580020731848,-0.089756656593166,-0.35952185211617294,0.07242292696808404,0.0,208,48.79807692307692,33.17307692307692,55.28846153846154,32.21153846153847
1273,11546052,pigeon_forge,entire_place,63.300000000000026,83.24095624587099,0.17253580020731848,-0.08844472269051294,0.1774856081098436,0.08476217485006896,0.0,208,49.519230769230774,64.90384615384616,56.25,66.34615384615384
1274,11745466,pigeon_forge,entire_place,83.60000000000002,42.89011428700357,0.17253580020731848,0.0023262309048289196,-0.649043300199928,0.16852801799499995,0.0,208,74.03846153846155,26.923076923076923,64.42307692307693,25.961538461538463
1275,11838659,pigeon_forge,entire_place,82.39999999999999,94.80943674159262,0.17253580020731848,0.07690087739561303,0.20337088980886847,0.02221125859199362,0.0,208,83.41346153846155,81.97115384615384,45.67307692307692,75.96153846153845
1276,12606310,pigeon_forge,entire_place,324.69999999999993,235.53729618058446,0.17253580020731848,0.17788722811614532,0.29698034936069595,0.7313601596352696,0.0,208,93.75,93.02884615384616,93.75,99.03846153846155
1277,12653770,pigeon_forge,entire_place,120.60000000000001,95.05566548787559,0.17253580020731848,0.3319979788316818,0.20327098584671163,-0.23021925136450072,0.0,208,99.51923076923077,79.8076923076923,4.807692307692308,76.4423076923077
1278,12758173,pigeon_forge,entire_place,318.29999999999995,228.65469949700045,0.17253580020731848,0.153041744325989,0.29698034936069595,0.7266766216732553,0.0,208,93.26923076923077,93.02884615384616,92.78846153846155,98.5576923076923
1279,12936745,pigeon_forge,entire_place,168.70000000000002,84.95395498435329,0.17253580020731848,-0.054216887846002884,0.2040827055392359,0.04406776908139306,0.0,208,61.53846153846154,85.09615384615384,51.92307692307693,68.26923076923077
1280,13181891,pigeon_forge,entire_place,122.29999999999995,77.19973297158747,0.17253580020731848,0.07612950790654273,0.19727536183503538,-0.17401679582033072,0.0,208,82.21153846153845,67.78846153846155,17.307692307692307,60.09615384615385
1281,13290426,pigeon_forge,entire_place,249.6,207.75883030001685,0.17253580020731848,0.22207617354890696,0.3021267896940391,0.5570985414931626,0.0,208,95.67307692307693,95.67307692307693,87.01923076923077,98.07692307692307
1282,13290513,pigeon_forge,entire_place,120.10000000000004,122.28617831312711,0.17253580020731848,0.23962260967643295,0.1975875617167755,0.11741997552686512,0.0,208,96.15384615384616,68.99038461538461,58.65384615384615,87.98076923076923
1283,13641586,pigeon_forge,entire_place,147.1,125.45500533311791,0.17253580020731848,-0.02956401401101901,0.27591295985016734,0.3336594510511995,0.0,208,67.78846153846155,87.98076923076923,75.96153846153845,90.38461538461539
1284,14452067,pigeon_forge,entire_place,112.50000000000001,137.45966923005642,0.17253580020731848,0.18468390648550806,0.30031603037994653,0.18570099052238523,0.0,208,94.23076923076923,95.1923076923077,65.86538461538461,93.26923076923077
1285,14594063,pigeon_forge,entire_place,100.29999999999997,122.80554299132561,0.17253580020731848,0.2773073583970857,0.3108342746613406,-0.02930765899016222,0.0,208,97.11538461538461,97.11538461538461,29.807692307692307,89.42307692307693
1286,14676860,pigeon_forge,entire_place,27.099999999999994,43.32787838996654,0.17253580020731848,-0.18052761018850788,-0.560944314887428,0.27320755428511956,0.0,208,25.48076923076923,28.365384615384613,71.63461538461539,26.923076923076923
1287,14808933,pigeon_forge,entire_place,126.99999999999997,122.55238866037189,0.17253580020731848,0.28358075003370703,0.20403275355815748,0.06917360326943828,0.0,208,97.59615384615384,84.61538461538461,54.32692307692307,88.46153846153845
1288,14931380,pigeon_forge,entire_place,104.10000000000001,145.77488990105704,0.17253580020731848,0.265008657880172,0.19861157732888302,0.2654016576817626,0.0,208,96.63461538461539,71.63461538461539,70.67307692307693,94.23076923076923
1289,16266726,pigeon_forge,entire_place,72.70000000000003,104.25613975608353,0.17253580020731848,0.057016851339424954,0.20337088980886847,0.13613090574883857,0.0,208,81.25,81.97115384615384,62.019230769230774,81.25
1290,16305217,pigeon_forge,entire_place,75.8,115.25055010629936,0.17253580020731848,-0.05105245562711405,0.2000851607706963,0.3468369124712808,0.0,208,62.980769230769226,78.84615384615384,76.4423076923077,85.09615384615384
1291,16305220,pigeon_forge,entire_place,56.00000000000001,92.8640285047789,0.17253580020731848,-0.05105245562711405,0.19958564095991213,0.13343588553157124,0.0,208,62.980769230769226,74.75961538461539,61.29807692307693,73.5576923076923
1292,16305222,pigeon_forge,entire_place,47.80000000000001,92.86520068564197,0.17253580020731848,-0.05105245562711405,0.19959812895518173,0.13343588553157124,0.0,208,62.980769230769226,75.48076923076923,61.29807692307693,74.03846153846155
1293,16305229,pigeon_forge,entire_place,59.50000000000001,86.12308836278379,0.17253580020731848,-0.07093648168330213,0.19958564095991213,0.0787946093080726,0.0,208,55.04807692307693,74.75961538461539,55.769230769230774,68.75
1294,16305262,pigeon_forge,entire_place,60.50000000000002,103.69421771366177,0.17253580020731848,-0.07093648168330213,0.19982291287003462,0.2622792990404198,0.0,208,55.04807692307693,77.16346153846155,70.1923076923077,80.76923076923077
1295,16305263,pigeon_forge,entire_place,58.300000000000004,105.63019597238466,0.17253580020731848,-0.05105245562711405,0.19982291287003462,0.26071811971974845,0.0,208,62.980769230769226,77.16346153846155,69.71153846153845,82.21153846153845
1296,16305264,pigeon_forge,entire_place,58.699999999999996,108.34100965789321,0.17253580020731848,-0.05105245562711405,0.19988535284638262,0.2857604713791422,0.0,208,62.980769230769226,77.88461538461539,72.11538461538461,83.65384615384616
1297,16415196,pigeon_forge,entire_place,49.9,63.83880922326411,0.17253580020731848,0.1067078189197376,-0.1232685886112502,-0.07141305739612329,0.0,208,87.5,56.25,25.48076923076923,49.03846153846153
1298,16811727,pigeon_forge,entire_place,283.8,62.542290786956706,0.17253580020731848,-0.009972469612084804,-0.6472325408858353,0.5490325324256015,0.0,208,72.59615384615384,27.403846153846157,86.53846153846155,47.59615384615385
1299,17301938,pigeon_forge,entire_place,151.8,120.52326538709248,0.17253580020731848,0.08657571010722068,-0.057270785055588705,0.5109226451269444,0.0,208,85.57692307692307,57.21153846153846,84.61538461538461,87.01923076923077
1300,17457270,pigeon_forge,entire_place,100.1,105.58267181812857,0.17253580020731848,0.21108940693464628,0.20397031358180945,-0.006016934237394377,0.0,208,94.71153846153845,84.13461538461539,34.13461538461539,81.73076923076923
1301,17528394,pigeon_forge,entire_place,111.49999999999999,98.89774130314294,0.17253580020731848,0.12527991107327263,0.1982119614802557,0.020777044328625222,0.0,208,91.34615384615384,70.4326923076923,45.19230769230769,77.88461538461539
1302,17890873,pigeon_forge,entire_place,60.89999999999999,82.48898207139845,0.17253580020731848,-0.14809680085907723,0.1991735371160152,0.11375977671419833,0.0,208,36.05769230769231,74.03846153846155,58.17307692307693,64.90384615384616
1303,17890874,pigeon_forge,entire_place,16.500000000000004,62.340764453985585,0.17253580020731848,-0.14809680085907723,0.19836181742349093,-0.1616140654096943,0.0,208,36.05769230769231,71.15384615384616,19.230769230769234,47.11538461538461
1304,17890885,pigeon_forge,entire_place,22.099999999999998,33.37803593280529,0.17253580020731848,-0.089756656593166,-0.6595984287672759,0.02689479655400779,0.0,208,48.79807692307692,24.03846153846154,46.15384615384615,17.78846153846154
1305,17912897,pigeon_forge,entire_place,131.39999999999998,72.95927897428042,0.17253580020731848,-0.054950062214758066,0.3053881224415269,-0.20680156155442986,0.0,208,60.33653846153846,96.15384615384616,13.461538461538462,55.769230769230774
1306,17963286,pigeon_forge,entire_place,73.19999999999997,74.2088689134889,0.17253580020731848,-0.013577594542474924,0.2995043106874222,-0.22553571340248657,0.0,208,71.15384615384616,94.23076923076923,6.490384615384616,56.730769230769226
1307,18058686,pigeon_forge,entire_place,73.29999999999998,65.6306682337805,0.17253580020731848,-0.15491075690928124,0.29319321846857377,-0.19899566495107296,0.0,208,33.65384615384615,89.42307692307693,13.942307692307693,50.96153846153846
1308,18221562,pigeon_forge,hotel_or_hosted_lodging,19.3,27.320041353711886,0.17253580020731848,-0.22190007786079102,-0.03421691727322042,-0.6601914347502017,0.0,13,30.76923076923077,19.230769230769234,15.384615384615385,15.384615384615385
1309,18222480,pigeon_forge,hotel_or_hosted_lodging,35.50000000000001,35.04458173598642,0.17253580020731848,-0.2412435395033964,0.1966509620715552,-0.6305290276574453,0.0,13,11.538461538461538,65.38461538461539,69.23076923076923,61.53846153846154
1310,18277888,pigeon_forge,entire_place,77.49999999999997,65.13013524123186,0.17253580020731848,-0.2543308871902217,0.1982119614802557,-0.01213468646277694,0.0,208,0.9615384615384616,70.4326923076923,32.45192307692308,50.0
1311,18285399,pigeon_forge,hotel_or_hosted_lodging,41.89999999999999,34.48623094865076,0.17253580020731848,-0.2412435395033964,0.1966509620715552,-0.6461408208641591,0.0,13,11.538461538461538,65.38461538461539,57.692307692307686,38.46153846153847
1312,18287107,pigeon_forge,hotel_or_hosted_lodging,36.89999999999999,37.554820719502196,0.17253580020731848,-0.15674597754467579,0.1966509620715552,-0.6477020001848306,0.0,13,100.0,65.38461538461539,42.30769230769231,92.3076923076923
1313,18288231,pigeon_forge,hotel_or_hosted_lodging,30.499999999999993,34.917437079516375,0.17253580020731848,-0.22135951344720828,0.1966509620715552,-0.6539467174675161,0.0,13,46.15384615384615,65.38461538461539,30.76923076923077,53.84615384615385
1314,18288487,pigeon_forge,hotel_or_hosted_lodging,36.800000000000004,34.866989149851,0.17253580020731848,-0.21508612181058695,0.1966509620715552,-0.6616256490135701,0.0,13,69.23076923076923,65.38461538461539,7.6923076923076925,46.15384615384615
1315,18289316,pigeon_forge,hotel_or_hosted_lodging,35.20000000000001,36.70704696145256,0.17253580020731848,-0.20720831461405875,0.1966509620715552,-0.6194738073554426,0.0,13,76.92307692307693,65.38461538461539,76.92307692307693,76.92307692307693
1316,18290451,pigeon_forge,hotel_or_hosted_lodging,46.10000000000001,35.19890199344037,0.17253580020731848,-0.22135951344720828,0.1966509620715552,-0.6461408208641591,0.0,13,46.15384615384615,65.38461538461539,57.692307692307686,69.23076923076923
1317,18290951,pigeon_forge,hotel_or_hosted_lodging,4.3,28.868531422007912,0.17253580020731848,-0.21562668622416975,-0.03421691727322042,-0.613229090072757,0.0,13,61.53846153846154,19.230769230769234,92.3076923076923,23.076923076923077
1318,18340237,pigeon_forge,entire_place,71.20000000000003,45.00823119641076,0.17253580020731848,-0.13448616643951042,-0.8888428687270031,0.5922711957617279,0.0,208,38.70192307692308,4.326923076923077,87.98076923076923,29.326923076923077
1319,18432286,pigeon_forge,entire_place,116.40000000000002,58.01347596054684,0.17253580020731848,-0.15728654195825856,0.1975875617167755,-0.22241335476114377,0.0,208,33.17307692307692,68.99038461538461,8.89423076923077,42.30769230769231
1320,18806528,pigeon_forge,entire_place,55.400000000000006,97.32864419519822,0.17253580020731848,0.11535699560533615,0.20335840181359885,0.009721824026622507,0.0,208,88.9423076923077,80.52884615384616,41.58653846153847,76.92307692307693
1321,18819885,pigeon_forge,entire_place,110.4,127.26742228848603,0.17253580020731848,0.10801975282239067,0.19896124119643194,0.28725816817116206,0.0,208,87.98076923076923,73.3173076923077,72.59615384615384,90.86538461538461
1322,18833947,pigeon_forge,hotel_or_hosted_lodging,23.9,38.61593247192934,0.17253580020731848,-0.16875219640433564,0.1966509620715552,-0.6085455521107429,0.0,13,92.3076923076923,65.38461538461539,100.0,100.0
1323,18834691,pigeon_forge,hotel_or_hosted_lodging,12.2,14.401331913916652,0.17253580020731848,-0.22135951344720828,-0.6563626517101822,-0.6477020001848306,0.0,13,46.15384615384615,7.6923076923076925,42.30769230769231,7.6923076923076925
1324,18835707,pigeon_forge,hotel_or_hosted_lodging,12.2,37.27068726298272,0.17253580020731848,-0.19705459407063472,0.1966509620715552,-0.6147902693934285,0.0,13,84.61538461538461,65.38461538461539,84.61538461538461,84.61538461538461
1325,18849362,pigeon_forge,hotel_or_hosted_lodging,25.599999999999994,34.32143124127015,0.17253580020731848,-0.23497014786677506,0.1966509620715552,-0.657069076108859,0.0,13,23.076923076923077,65.38461538461539,23.076923076923077,30.76923076923077
1326,18960136,pigeon_forge,entire_place,121.90000000000003,86.2844228853398,0.17253580020731848,0.08867629117978529,0.29465758224054955,-0.17404001744641392,0.0,208,86.0576923076923,91.34615384615384,16.826923076923077,69.23076923076923
1327,19074274,pigeon_forge,entire_place,96.19999999999997,72.75035691815971,0.17253580020731848,0.0813390483968398,-0.3419671196734667,0.30143574711450755,0.0,208,85.09615384615384,34.13461538461539,74.27884615384616,54.807692307692314
1328,19191649,pigeon_forge,entire_place,43.99999999999999,93.47266853820251,0.17253580020731848,0.07690087739561303,0.20337088980886847,0.008160644705951117,0.0,208,83.41346153846155,81.97115384615384,40.86538461538461,74.51923076923077
1329,19270403,pigeon_forge,entire_place,114.49999999999996,77.68528569986933,0.17253580020731848,-0.05786641167731809,0.19756258572623628,-0.03411816200947938,0.0,208,58.17307692307693,68.26923076923077,28.846153846153843,61.057692307692314
1330,19271134,pigeon_forge,entire_place,53.2,60.76744546916335,0.17253580020731848,-0.16906195574243077,0.07591852300674573,-0.04335827287620472,0.0,208,26.682692307692307,63.46153846153846,27.64423076923077,45.67307692307692
1331,19271135,pigeon_forge,entire_place,37.1,20.282213735124866,0.17253580020731848,-0.20883000785480693,-0.7784188182735696,-0.21475764484117302,0.0,208,12.01923076923077,15.384615384615385,11.057692307692307,1.4423076923076923
1332,19271139,pigeon_forge,entire_place,30.799999999999997,58.65799601922063,0.17253580020731848,-0.18894598179861888,0.07367068385821701,-0.05597467249887883,0.0,208,21.394230769230766,60.57692307692307,26.923076923076923,43.269230769230774
1333,19271140,pigeon_forge,entire_place,23.500000000000007,26.710826145537258,0.17253580020731848,-0.20255661621818566,-0.7779817384391335,0.042483368134638454,0.0,208,15.625,18.269230769230766,50.72115384615385,10.576923076923077
1334,19271149,pigeon_forge,entire_place,29.099999999999998,60.56362295472474,0.17253580020731848,-0.11072181147651959,-0.15546136414408368,0.12637617633687243,0.0,208,44.230769230769226,44.71153846153847,59.61538461538461,45.19230769230769
1335,19271150,pigeon_forge,entire_place,36.699999999999996,29.318557859272182,0.17253580020731848,-0.2485980599671831,-0.36149495536877035,-0.23802514796785768,0.0,208,1.4423076923076923,31.25,2.8846153846153846,14.423076923076922
1336,19271153,pigeon_forge,entire_place,44.20000000000001,27.365668314010577,0.17253580020731848,-0.1826725901619976,-0.7777819305148198,0.04575591345936744,0.0,208,24.03846153846154,20.192307692307693,52.40384615384615,12.01923076923077
1337,19271156,pigeon_forge,entire_place,55.200000000000024,123.05914229406217,0.17253580020731848,0.0025188408600013423,-0.15413763664550562,0.7124990427299099,0.0,208,74.51923076923077,52.88461538461539,91.82692307692307,89.90384615384616
1338,19271160,pigeon_forge,entire_place,133.09999999999994,91.45529424096448,0.17253580020731848,-0.18894598179861888,-0.35774855678788914,0.8135416018334459,0.0,208,21.394230769230766,33.65384615384615,94.71153846153845,73.07692307692307
1339,19271163,pigeon_forge,entire_place,244.69999999999987,100.08616140466374,0.17253580020731848,-0.20883000785480693,-0.7744726117683748,1.3393976970716543,0.0,208,12.01923076923077,23.076923076923077,99.03846153846155,79.32692307692307
1340,19271164,pigeon_forge,entire_place,36.0,41.712009664064915,0.17253580020731848,-0.15048986358889577,-0.3599464439553395,0.005038286064608339,0.0,208,34.375,32.21153846153847,39.42307692307692,24.519230769230766
1341,19271167,pigeon_forge,entire_place,40.2,66.02722796113535,0.17253580020731848,-0.1442164719522745,0.07503187534260383,0.014405361988636674,0.0,208,37.019230769230774,62.019230769230774,43.75,51.442307692307686
1342,19271168,pigeon_forge,entire_place,41.0,53.031433980406874,0.17253580020731848,-0.1646410624220453,-0.15767173930680362,0.052000630742052995,0.0,208,27.64423076923077,36.05769230769231,52.88461538461539,39.90384615384615
1343,19271170,pigeon_forge,entire_place,49.199999999999996,24.828126313344704,0.17253580020731848,-0.2229812066879565,-0.7779817384391335,-0.00745114850076277,0.0,208,5.288461538461538,18.269230769230766,33.65384615384615,7.211538461538461
1344,19271172,pigeon_forge,entire_place,49.4,76.13373458725518,0.17253580020731848,-0.20255661621818566,-0.1546995964326378,0.44291878187211353,0.0,208,15.625,50.480769230769226,81.25,58.17307692307693
1345,19271173,pigeon_forge,entire_place,69.00000000000003,70.56976079416566,0.17253580020731848,-0.20255661621818566,0.07523168326691751,0.13811942349358536,0.0,208,15.625,62.980769230769226,62.5,52.88461538461539
1346,19271178,pigeon_forge,entire_place,35.3,47.87774487732965,0.17253580020731848,-0.20883000785480693,-0.1558360040021718,-0.005889969180091382,0.0,208,12.01923076923077,42.06730769230769,34.855769230769226,33.894230769230774
1347,19271179,pigeon_forge,entire_place,28.7,47.492817604645474,0.17253580020731848,-0.2229812066879565,-0.1558360040021718,0.0003547481025941747,0.0,208,5.288461538461538,42.06730769230769,37.5,31.25
1348,19271182,pigeon_forge,entire_place,85.29999999999995,94.78211057699176,0.17253580020731848,-0.16410049800846258,-0.15413763664550562,0.6204359060624643,0.0,208,29.567307692307693,52.88461538461539,88.9423076923077,75.48076923076923
1349,19271184,pigeon_forge,entire_place,26.9,48.006910600864906,0.17253580020731848,-0.19682378899514713,-0.1558360040021718,-0.015257045104119717,0.0,208,17.78846153846154,42.06730769230769,30.76923076923077,34.61538461538461
1350,19271186,pigeon_forge,entire_place,19.4,18.861279986092942,0.17253580020731848,-0.07226569326679647,-1.0092117696467278,-0.1896285890270446,0.0,208,54.32692307692307,1.9230769230769231,14.423076923076922,0.9615384615384616
1351,19271187,pigeon_forge,entire_place,35.599999999999994,43.92310814788069,0.17253580020731848,-0.13035775477637884,-0.15521160423869157,-0.16935647948439977,0.0,208,39.90384615384615,46.63461538461539,18.75,27.884615384615387
1352,19271192,pigeon_forge,entire_place,29.5,40.295920760421474,0.17253580020731848,-0.20255661621818566,-0.15627308383660793,-0.18028473472909948,0.0,208,15.625,38.22115384615385,15.384615384615385,22.596153846153847
1353,19271193,pigeon_forge,entire_place,41.0,43.9394165085493,0.17253580020731848,-0.1292939036300546,-0.3599464439553395,0.03467747153128151,0.0,208,40.38461538461539,32.21153846153847,47.11538461538461,28.365384615384613
1354,19271194,pigeon_forge,entire_place,26.699999999999996,34.413729267514455,0.17253580020731848,-0.20255661621818566,-0.7776070985810454,0.28738513322846504,0.0,208,15.625,20.673076923076923,73.07692307692307,18.269230769230766
1355,19271196,pigeon_forge,entire_place,54.10000000000001,24.681218124248552,0.17253580020731848,-0.22244064227437377,-0.7779817384391335,-0.013695865783448329,0.0,208,8.89423076923077,18.269230769230766,31.490384615384613,6.730769230769231
1356,19271197,pigeon_forge,entire_place,53.3,73.61016130950357,0.17253580020731848,-0.2229812066879565,-0.1548994043569515,0.43027916062335614,0.0,208,5.288461538461538,47.59615384615385,80.28846153846155,56.25
1357,19271198,pigeon_forge,entire_place,26.4,45.71379059077415,0.17253580020731848,-0.08325245988105714,-0.15542390015827484,-0.17716237608775673,0.0,208,51.682692307692314,45.91346153846153,16.346153846153847,29.807692307692307
1358,19271201,pigeon_forge,entire_place,65.19999999999999,53.8809580711992,0.17253580020731848,-0.08325245988105714,-0.7762833710824674,0.6048241128557504,0.0,208,51.682692307692314,21.394230769230766,88.46153846153845,41.34615384615385
1359,19271202,pigeon_forge,entire_place,38.199999999999996,47.831588434985015,0.17253580020731848,-0.1826725901619976,-0.15483696438060346,-0.03399119695217638,0.0,208,24.03846153846154,48.79807692307692,29.326923076923077,33.17307692307692
1360,19271208,pigeon_forge,entire_place,50.300000000000004,55.49381868806883,0.17253580020731848,-0.20255661621818566,-0.15425002860293208,0.1310597142988866,0.0,208,15.625,51.442307692307686,60.57692307692307,41.82692307692308
1361,19271209,pigeon_forge,entire_place,77.19999999999999,72.33223886542902,0.17253580020731848,-0.13060583753270769,-0.7757838512716833,0.9415118628763334,0.0,208,39.42307692307692,22.355769230769234,96.63461538461539,54.32692307692307
1362,19271210,pigeon_forge,entire_place,29.5,42.35560979833226,0.17253580020731848,-0.16410049800846258,-0.15542390015827484,-0.17091765880507115,0.0,208,29.567307692307693,45.91346153846153,18.269230769230766,25.0
1363,19271211,pigeon_forge,entire_place,54.3,53.152226383286205,0.17253580020731848,-0.16410049800846258,0.0745947955081677,-0.1785733687250419,0.0,208,29.567307692307693,61.057692307692314,15.865384615384615,40.38461538461539
1364,19271212,pigeon_forge,entire_place,19.200000000000003,21.017181575455247,0.17253580020731848,-0.16410049800846258,-0.7784188182735696,-0.22553571340248657,0.0,208,29.567307692307693,15.384615384615385,6.490384615384616,2.403846153846154
1365,19271213,pigeon_forge,entire_place,108.79999999999997,176.9148258998716,0.17253580020731848,-0.15782710637184127,0.07741708243909823,1.0018367945851103,0.0,208,32.69230769230769,64.42307692307693,98.07692307692307,96.15384615384616
1366,19271214,pigeon_forge,entire_place,40.29999999999999,42.47647792599974,0.17253580020731848,-0.16410049800846258,-0.3599464439553395,0.036388837535339114,0.0,208,29.567307692307693,32.21153846153847,48.79807692307692,25.48076923076923
1367,19271215,pigeon_forge,entire_place,138.99999999999994,117.75511447352461,0.17253580020731848,-0.19521937343524015,0.07653043477495633,0.6358742909597089,0.0,208,18.75,63.942307692307686,89.42307692307693,85.57692307692307
1368,19271216,pigeon_forge,entire_place,41.39999999999999,46.22274432870524,0.17253580020731848,-0.2229812066879565,-0.1558360040021718,-0.026185300348819437,0.0,208,5.288461538461538,42.06730769230769,30.288461538461537,30.288461538461537
1369,19271230,pigeon_forge,entire_place,119.8,49.97128945636349,0.17253580020731848,-0.18894598179861888,-0.1556361960778581,0.015966541309308063,0.0,208,21.394230769230766,43.75,44.47115384615385,36.53846153846153
1370,19271235,pigeon_forge,entire_place,115.40000000000003,119.92963846209673,0.17253580020731848,-0.20883000785480693,-0.1536381168347215,0.8977988418975344,0.0,208,12.01923076923077,53.84615384615385,95.1923076923077,86.0576923076923
1371,19271238,pigeon_forge,entire_place,102.29999999999998,99.3250407538622,0.17253580020731848,-0.22244064227437377,-0.15413763664550562,0.725115442352584,0.0,208,8.89423076923077,52.88461538461539,92.3076923076923,78.84615384615384
1372,19313153,pigeon_forge,entire_place,10.1,37.97789289492484,0.17253580020731848,-0.20883000785480693,-0.15627308383660793,-0.23178043068517212,0.0,208,12.01923076923077,38.22115384615385,4.326923076923077,20.192307692307693
1373,19313163,pigeon_forge,entire_place,34.60000000000001,72.78907238207195,0.17253580020731848,-0.15048986358889577,-0.1559109319737894,0.34773328656332525,0.0,208,34.375,40.38461538461539,76.92307692307693,55.28846153846154
1374,19313167,pigeon_forge,entire_place,25.8,61.3607966164287,0.17253580020731848,-0.2229812066879565,-0.15546136414408368,0.25150123047910633,0.0,208,5.288461538461538,44.71153846153847,68.75,46.63461538461539
1375,19313169,pigeon_forge,entire_place,27.6,27.267999922816728,0.17253580020731848,-0.1826725901619976,-0.7779817384391335,0.04250658976072167,0.0,208,24.03846153846154,18.269230769230766,51.442307692307686,11.538461538461538
1376,19313172,pigeon_forge,entire_place,39.29999999999999,47.87774487732965,0.17253580020731848,-0.20883000785480693,-0.1558360040021718,-0.005889969180091382,0.0,208,12.01923076923077,42.06730769230769,34.855769230769226,33.894230769230774
1377,19313174,pigeon_forge,entire_place,35.0,27.749461958185474,0.17253580020731848,-0.1627885641058095,-0.7779817384391335,0.03951119617668188,0.0,208,31.25,18.269230769230766,49.75961538461539,13.461538461538462
1378,19313176,pigeon_forge,entire_place,57.20000000000001,52.68419054651622,0.17253580020731848,-0.22871403391099504,-0.7762833710824674,0.7282378009939268,0.0,208,1.9230769230769231,21.394230769230766,93.26923076923077,39.42307692307692
1379,19313178,pigeon_forge,entire_place,36.800000000000004,77.97847665062648,0.17253580020731848,-0.21616725063775244,-0.1548994043569515,0.4803638639421437,0.0,208,9.615384615384617,47.59615384615385,82.6923076923077,61.53846153846154
1380,19313183,pigeon_forge,entire_place,30.900000000000002,59.120309417255626,0.17253580020731848,-0.17639919852537628,-0.1542250526123929,0.16709380373163152,0.0,208,25.961538461538463,51.92307692307693,63.942307692307686,43.75
1381,19313186,pigeon_forge,entire_place,47.60000000000001,40.75686985515423,0.17253580020731848,-0.2229812066879565,-0.15774666727842124,-0.14728629978296262,0.0,208,5.288461538461538,35.09615384615385,20.192307692307693,23.557692307692307
1382,19313191,pigeon_forge,entire_place,127.39999999999998,82.64204717437123,0.17253580020731848,-0.2229812066879565,-0.1546995964326378,0.5443489944635873,0.0,208,5.288461538461538,50.480769230769226,86.0576923076923,65.38461538461539
1383,19313193,pigeon_forge,entire_place,40.10000000000001,24.98992031322378,0.17253580020731848,-0.2229812066879565,-0.7779817384391335,-0.0012064312180772169,0.0,208,5.288461538461538,18.269230769230766,36.53846153846153,7.6923076923076925
1384,19313194,pigeon_forge,entire_place,41.39999999999999,47.54128805871458,0.17253580020731848,-0.2229812066879565,-0.15483696438060346,0.0003547481025941747,0.0,208,5.288461538461538,48.79807692307692,37.5,31.73076923076923
1385,19313198,pigeon_forge,entire_place,44.80000000000001,49.57939684424305,0.17253580020731848,-0.2229812066879565,-0.1558360040021718,0.042483368134638454,0.0,208,5.288461538461538,42.06730769230769,50.72115384615385,35.57692307692308
1386,19313200,pigeon_forge,entire_place,44.60000000000001,50.851380443481226,0.17253580020731848,-0.1962832245815644,-0.15472457242317705,0.03951119617668188,0.0,208,18.269230769230766,49.519230769230774,49.75961538461539,37.5
1387,19313204,pigeon_forge,entire_place,81.49999999999997,40.569121242902796,0.17253580020731848,-0.16410049800846258,-0.15693494758589693,-0.21148509951644406,0.0,208,29.567307692307693,36.53846153846153,12.259615384615383,23.076923076923077
1388,19313206,pigeon_forge,entire_place,34.3,38.69866195804338,0.17253580020731848,-0.18894598179861888,-0.15627308383660793,-0.23334161000584352,0.0,208,21.394230769230766,38.22115384615385,3.8461538461538463,21.153846153846153
1389,19313209,pigeon_forge,entire_place,43.199999999999996,23.026686018958486,0.17253580020731848,-0.08456439378371021,-0.7784188182735696,-0.21772981679912962,0.0,208,50.0,15.384615384615385,10.576923076923077,4.326923076923077
1390,19313211,pigeon_forge,entire_place,50.9,64.51983295521147,0.17253580020731848,-0.18894598179861888,0.07503187534260383,0.036388837535339114,0.0,208,21.394230769230766,62.019230769230774,48.79807692307692,49.519230769230774
1391,19313212,pigeon_forge,entire_place,13.899999999999997,21.2817183852545,0.17253580020731848,-0.14917792968624272,-1.0088496177839092,0.0019159274232655628,0.0,208,35.09615384615385,2.403846153846154,38.46153846153847,2.8846153846153846
1392,19313214,pigeon_forge,entire_place,46.10000000000001,59.13811929567218,0.17253580020731848,-0.1826725901619976,-0.15546136414408368,0.17489970033498847,0.0,208,24.03846153846154,44.71153846153847,64.90384615384616,44.230769230769226
1393,19313223,pigeon_forge,entire_place,26.60000000000001,50.0828722502326,0.17253580020731848,-0.16906195574243077,-0.157721691287882,0.0003547481025941747,0.0,208,26.682692307692307,35.57692307692308,37.5,37.019230769230774
1394,19313224,pigeon_forge,entire_place,50.8,76.98111555916677,0.17253580020731848,-0.2229812066879565,-0.1546995964326378,0.47426933334284427,0.0,208,5.288461538461538,50.480769230769226,81.73076923076923,58.65384615384615
1395,19313233,pigeon_forge,entire_place,310.8999999999999,246.07385075269653,0.17253580020731848,-0.20883000785480693,-0.152264437355065,1.6109035691119769,0.0,208,12.01923076923077,54.32692307692307,99.51923076923077,99.51923076923077
1396,19313238,pigeon_forge,entire_place,95.80000000000003,88.81188721202412,0.17253580020731848,-0.11728768477039475,-0.1548994043569515,0.5100262710349001,0.0,208,42.30769230769231,47.59615384615385,83.65384615384616,70.67307692307693
1397,19313248,pigeon_forge,entire_place,32.8,18.592834679457138,0.17253580020731848,-0.1826725901619976,-1.0092866976183452,-0.09275494934028194,0.0,208,24.03846153846154,1.4423076923076923,24.03846153846154,0.4807692307692308
1398,19313253,pigeon_forge,entire_place,44.5,61.05521965163935,0.17253580020731848,-0.20255661621818566,0.07503187534260383,-0.004328789859419994,0.0,208,15.625,62.019230769230774,35.57692307692308,46.15384615384615
1399,19313254,pigeon_forge,entire_place,32.3,25.55596978089562,0.17253580020731848,-0.18894598179861888,-0.7779817384391335,-0.013695865783448329,0.0,208,21.394230769230766,18.269230769230766,31.490384615384613,9.615384615384617
1400,19313256,pigeon_forge,entire_place,92.00000000000003,65.24679903407849,0.17253580020731848,-0.20255661621818566,-0.7757838512716833,0.911849455783577,0.0,208,15.625,22.355769230769234,96.15384615384616,50.480769230769226
1401,19313257,pigeon_forge,entire_place,34.3,37.55037379652389,0.17253580020731848,-0.2229812066879565,-0.15627308383660793,-0.22865807204382932,0.0,208,5.288461538461538,38.22115384615385,5.288461538461538,19.230769230769234
1402,19313263,pigeon_forge,entire_place,42.8,43.21397158558415,0.17253580020731848,-0.09058970266400265,-0.15627308383660793,-0.22397453408181517,0.0,208,48.07692307692308,38.22115384615385,7.9326923076923075,26.442307692307693
1403,19313265,pigeon_forge,entire_place,43.39999999999999,39.771970330175265,0.17253580020731848,-0.2229812066879565,-0.15627308383660793,-0.17262902480912876,0.0,208,5.288461538461538,38.22115384615385,17.78846153846154,22.115384615384613
1404,19316017,pigeon_forge,entire_place,30.799999999999997,53.54244252415064,0.17253580020731848,-0.11153757986651495,-0.15596088395486785,0.006599465385279729,0.0,208,43.75,39.90384615384615,40.144230769230774,40.86538461538461
1405,19331218,pigeon_forge,entire_place,39.70000000000001,25.640439097697026,0.17253580020731848,-0.054950062214758066,-0.8868184272110609,-0.03567934133015077,0.0,208,60.33653846153846,5.288461538461538,28.365384615384613,10.096153846153847
1406,19331246,pigeon_forge,entire_place,12.5,22.863884585813587,0.17253580020731848,-0.03637797006122304,-0.7911253544923753,-0.2600086235145601,0.0,208,66.34615384615384,7.211538461538461,1.4423076923076923,3.8461538461538463
1407,19331257,pigeon_forge,entire_place,30.799999999999997,41.084004189443405,0.17253580020731848,-0.07483408827094615,-0.8860691474948847,0.4406927973228151,0.0,208,53.36538461538461,5.769230769230769,80.76923076923077,24.03846153846154
1408,19331269,pigeon_forge,entire_place,21.000000000000004,23.58615900174501,0.17253580020731848,-0.048676670578136766,-0.7911378424876448,-0.21788000348251582,0.0,208,64.90384615384616,6.730769230769231,10.096153846153847,5.288461538461538
1409,19331284,pigeon_forge,entire_place,14.3,23.16673153860738,0.17253580020731848,-0.06122345385137935,-1.010910137003394,-0.002767610538748606,0.0,208,57.21153846153846,0.4807692307692308,36.05769230769231,4.807692307692308
1410,19331363,pigeon_forge,entire_place,7.700000000000002,25.036109043744574,0.17253580020731848,-0.07483408827094615,-0.7905259307194343,-0.13503375605571244,0.0,208,53.36538461538461,11.538461538461538,21.153846153846153,9.134615384615383
1411,19331368,pigeon_forge,entire_place,20.300000000000004,22.430904406328665,0.17253580020731848,-0.05626199611741114,-0.7911128664971057,-0.2584474441938887,0.0,208,58.894230769230774,7.6923076923076925,1.9230769230769231,3.3653846153846154
1412,19450341,pigeon_forge,entire_place,18.900000000000002,20.44031774289713,0.17253580020731848,-0.05626199611741114,-0.9143684725487802,-0.22397453408181517,0.0,208,58.894230769230774,3.3653846153846154,7.9326923076923075,1.9230769230769231
1413,19450395,pigeon_forge,entire_place,59.300000000000004,82.42721185840922,0.17253580020731848,-0.054950062214758066,-0.9143684725487802,1.1334149132473639,0.0,208,60.33653846153846,3.3653846153846154,98.5576923076923,64.42307692307693
1414,19453027,pigeon_forge,entire_place,54.79999999999998,90.94457638861856,0.17253580020731848,-0.010761116781996403,0.19977296088895619,0.07229596191078105,0.0,208,72.11538461538461,76.4423076923077,54.807692307692314,72.11538461538461
1415,19454264,pigeon_forge,entire_place,140.3,83.7136605992936,0.17253580020731848,-0.054950062214758066,0.19964808093626016,0.03470069315736473,0.0,208,60.33653846153846,75.96153846153845,47.59615384615385,67.3076923076923
1416,19454266,pigeon_forge,entire_place,84.59999999999997,63.8328550324114,0.17253580020731848,-0.04425577725775128,0.1988988012200839,-0.24270868592987183,0.0,208,65.38461538461539,72.59615384615384,2.403846153846154,48.55769230769231
1417,19467317,pigeon_forge,entire_place,138.79999999999995,129.7330985580042,0.17253580020731848,0.2140057563972063,0.39579680717904875,0.003477106743936951,0.0,208,95.1923076923077,99.51923076923077,38.94230769230769,91.34615384615384
1418,19482988,pigeon_forge,entire_place,42.7,30.034409958484986,0.17253580020731848,-0.01649394400503496,-0.9143684725487802,0.10608084516814438,0.0,208,70.1923076923077,3.3653846153846154,57.692307692307686,15.384615384615385
1419,19781186,pigeon_forge,entire_place,117.60000000000002,51.9142561576486,0.17253580020731848,-0.13448616643951042,-0.5635806681715807,0.4068614708132854,0.0,208,38.70192307692308,27.884615384615387,79.32692307692307,38.46153846153847
1420,20195102,pigeon_forge,entire_place,33.60000000000001,78.59553035357285,0.17253580020731848,0.0494315258001506,0.19214140949696182,-0.12449315429895053,0.0,208,80.28846153846155,65.86538461538461,21.634615384615387,62.5
1421,20325265,pigeon_forge,entire_place,34.3,78.10332223289232,0.17253580020731848,-0.19413824460807466,0.29375517825570596,0.011259781721210676,0.0,208,19.230769230769234,89.90384615384616,42.30769230769231,62.019230769230774
1422,20726911,pigeon_forge,entire_place,91.79999999999998,134.03079362727743,0.17253580020731848,0.132865236612547,0.19896124119643194,0.3137982166225757,0.0,208,92.3076923076923,73.3173076923077,75.0,92.78846153846155
1423,20728547,pigeon_forge,entire_place,143.7,83.83775604729394,0.17253580020731848,0.13261715385621814,-0.4555129648046474,0.5037583321261312,0.0,208,91.82692307692307,29.807692307692307,83.17307692307693,67.78846153846155
1424,20843493,pigeon_forge,entire_place,139.40000000000006,77.56482311928625,0.17253580020731848,0.027695001427726733,0.2987642506410835,-0.22241335476114377,0.0,208,78.36538461538461,93.75,8.89423076923077,60.57692307692307
1425,20883718,pigeon_forge,entire_place,212.19999999999993,82.15232973568317,0.17253580020731848,-0.12087553201994362,0.19289068921313807,0.08878090758345611,0.0,208,41.82692307692308,66.82692307692307,56.730769230769226,63.942307692307686
1426,21056558,pigeon_forge,entire_place,15.499999999999998,58.26975910463837,0.17253580020731848,-0.3134424009452032,0.2930683385158777,-0.15740488509035266,0.0,208,0.4807692307692308,88.9423076923077,19.71153846153846,42.78846153846153
1427,21059093,pigeon_forge,entire_place,11.2,35.94517914051306,0.17253580020731848,0.06800361795368565,-0.6546892603440553,-0.06375734747615255,0.0,208,81.73076923076923,25.48076923076923,26.442307692307693,18.75
1428,21238810,pigeon_forge,entire_place,67.2,52.03563172677371,0.17253580020731848,-0.10467922491538587,-0.2189991253157445,0.03476417568601623,0.0,208,45.67307692307692,34.61538461538461,48.07692307692308,38.94230769230769
1429,21309490,pigeon_forge,entire_place,69.3,77.11016309029347,0.17253580020731848,-0.18971735128768924,-0.6566748515919223,0.9446342215176762,0.0,208,19.71153846153846,24.519230769230766,97.11538461538461,59.13461538461539
1430,21563948,pigeon_forge,entire_place,132.5,148.70147073198223,0.17253580020731848,0.2971913844532738,0.20022252871866195,0.2513510437957201,0.0,208,98.5576923076923,79.32692307692307,68.26923076923077,94.71153846153845
1431,21716526,pigeon_forge,entire_place,88.80000000000001,80.23255814798878,0.17253580020731848,-0.011532486271066702,0.19232872942600587,-0.04335827287620472,0.0,208,71.63461538461539,66.34615384615384,27.64423076923077,63.46153846153846
1432,22102509,pigeon_forge,entire_place,84.3,82.85782070408897,0.17253580020731848,-0.10832874874670104,-0.023862403212597513,0.30143574711450755,0.0,208,44.95192307692308,58.17307692307693,74.27884615384616,65.86538461538461
1433,22102510,pigeon_forge,entire_place,269.60000000000014,133.95015319302834,0.17253580020731848,-0.10336729101273281,0.20857896353614822,0.5398156431849594,0.0,208,46.15384615384615,87.01923076923077,85.57692307692307,92.3076923076923
1434,22102518,pigeon_forge,entire_place,438.2999999999999,680.984414216276,0.17253580020731848,-0.07614602217359921,0.3059684376293787,2.0353062301326283,0.0,208,52.40384615384615,96.63461538461539,100.0,100.0
1435,22102524,pigeon_forge,entire_place,182.50000000000006,77.14783332277047,0.17253580020731848,-0.062287304997703574,-0.13730191052758167,0.2983133884731648,0.0,208,56.730769230769226,55.28846153846154,73.5576923076923,59.61538461538461
1436,22102628,pigeon_forge,entire_place,242.7000000000001,113.3058381162612,0.17253580020731848,-0.10832874874670104,0.20772977985781513,0.3795984565792968,0.0,208,44.95192307692308,86.53846153846155,77.88461538461539,84.61538461538461
1437,22192380,pigeon_forge,entire_place,213.39999999999998,75.54074668880335,0.17253580020731848,-0.028307552909522374,0.19139212978078557,-0.08513950032287948,0.0,208,68.26923076923077,65.38461538461539,24.519230769230766,57.692307692307686
1438,22212962,pigeon_forge,entire_place,52.00000000000001,37.623355647085035,0.17253580020731848,-0.058406976090900835,-0.6745512589140517,0.12693723813427968,0.0,208,57.692307692307686,23.557692307692307,60.09615384615385,19.71153846153846
1439,22286929,pigeon_forge,entire_place,44.60000000000001,69.3592695918421,0.17253580020731848,-0.024371751201563197,0.005263948396283663,0.012844182667965285,0.0,208,68.75,60.09615384615385,43.02884615384615,51.92307692307693
1440,22340581,pigeon_forge,entire_place,152.89999999999998,178.3471133194209,0.17253580020731848,0.10412214623474662,0.4013053993752104,0.42401740406418553,0.0,208,87.01923076923077,100.0,79.8076923076923,96.63461538461539
1441,22506970,pigeon_forge,entire_place,150.1,102.7904878177055,0.17253580020731848,0.12163038724195747,0.19808708152755963,0.0627786993033665,0.0,208,90.38461538461539,69.71153846153845,53.84615384615385,80.28846153846155
1442,22532705,pigeon_forge,entire_place,76.69999999999997,72.04756420938449,0.17253580020731848,-0.1646410624220453,-0.4543515812445743,0.6502252782125237,0.0,208,27.64423076923077,30.288461538461537,90.38461538461539,53.84615384615385
1443,22549338,pigeon_forge,entire_place,141.80000000000007,70.23298921261423,0.17253580020731848,-0.10099150596375553,0.2045078770782573,-0.09743848730229611,0.0,208,46.875,85.57692307692307,23.557692307692307,52.40384615384615
1444,22572016,pigeon_forge,entire_place,160.80000000000007,188.19464928730537,0.17253580020731848,0.35553152871918503,0.2962685336303285,0.33109815420726396,0.0,208,100.0,92.3076923076923,75.48076923076923,97.11538461538461
1445,22598079,pigeon_forge,entire_place,93.9,43.51836626147528,0.17253580020731848,-0.14809680085907723,-0.8877919111422352,0.5719123820643484,0.0,208,36.05769230769231,4.807692307692308,87.5,27.403846153846157
1446,22792358,pigeon_forge,entire_place,241.10000000000008,157.46032526651416,0.17253580020731848,-0.038753755110200294,0.20766733988146713,0.6367125044978053,0.0,208,65.86538461538461,86.0576923076923,89.90384615384616,95.67307692307693
1447,22792367,pigeon_forge,entire_place,287.1999999999999,198.62725140455302,0.17253580020731848,-0.13555001758583463,0.2103397708691624,0.9617839724189782,0.0,208,37.5,87.5,97.59615384615384,97.59615384615384
1448,22792373,pigeon_forge,entire_place,112.50000000000001,106.5719743230991,0.17253580020731848,-0.08348326495654473,-0.023999771160563163,0.5257650292989169,0.0,208,50.72115384615385,57.692307692307686,85.09615384615384,82.6923076923077
1449,22792375,pigeon_forge,entire_place,336.3000000000001,149.9456789396667,0.17253580020731848,-0.12325131706892091,-0.020628012437770057,0.9009212005388773,0.0,208,41.34615384615385,59.13461538461539,95.67307692307693,95.1923076923077
1450,22792384,pigeon_forge,entire_place,162.0,120.43493179692139,0.17253580020731848,-0.10099150596375553,-0.023737523259901458,0.6642294488463999,0.0,208,46.875,58.65384615384615,90.86538461538461,86.53846153846155
1451,22792397,pigeon_forge,entire_place,170.30000000000007,74.75362785360946,0.17253580020731848,-0.08348326495654473,-0.5534515177256656,0.7045429594431668,0.0,208,50.72115384615385,28.846153846153843,91.34615384615384,57.21153846153846
1452,22792402,pigeon_forge,entire_place,88.2,89.08101696412258,0.17253580020731848,-0.09709389937611153,-0.13717703057488567,0.4751022249062371,0.0,208,47.59615384615385,55.769230769230774,82.21153846153845,71.63461538461539
1453,22792410,pigeon_forge,entire_place,116.70000000000005,130.82972047363157,0.17253580020731848,-0.11566599152964653,-0.020578060456691624,0.7578769864606,0.0,208,42.78846153846153,59.61538461538461,94.23076923076923,91.82692307692307
1454,22792418,pigeon_forge,entire_place,11.9,51.58182480719862,0.17253580020731848,-0.01886972905401221,-0.7887276594006113,0.5100897535635516,0.0,208,69.71153846153845,13.461538461538462,84.13461538461539,37.980769230769226
1455,22883439,pigeon_forge,entire_place,10.2,47.71598147053081,0.17253580020731848,0.036884742526908015,-0.7881282356276703,0.37737247202999835,0.0,208,79.32692307692307,13.942307692307693,77.40384615384616,32.69230769230769
1456,22915243,pigeon_forge,entire_place,85.29999999999995,29.059449865683863,0.17253580020731848,-0.001571375682815089,-0.7904759787383558,-0.06465372156819693,0.0,208,73.3173076923077,12.01923076923077,25.961538461538463,13.942307692307693
1457,22915260,pigeon_forge,entire_place,9.000000000000002,38.08442744761977,0.17253580020731848,0.03192328479293981,-0.7905633947052431,0.16448606363552953,0.0,208,78.84615384615384,11.057692307692307,63.46153846153846,20.673076923076923
1458,22915341,pigeon_forge,entire_place,53.50000000000001,25.024403192961653,0.17253580020731848,0.0047020159538062045,-0.7909380345633312,-0.2146074581577868,0.0,208,75.24038461538461,8.653846153846153,11.538461538461538,8.173076923076923
1459,22915372,pigeon_forge,entire_place,37.1,27.459365196686065,0.17253580020731848,-0.03506603615856997,-0.8860566594996151,0.009721824026622507,0.0,208,67.3076923076923,6.25,41.58653846153847,12.5
1460,22920326,pigeon_forge,entire_place,40.9,24.235390062143725,0.17253580020731848,-0.015182010102381887,-0.790913058572792,-0.22553571340248657,0.0,208,70.67307692307693,9.375,6.490384615384616,5.769230769230769
1461,22922015,pigeon_forge,entire_place,26.299999999999994,39.45588584822072,0.17253580020731848,0.023274108107341217,-0.7888900033391162,0.20594987843894685,0.0,208,77.88461538461539,12.980769230769232,66.82692307692307,21.634615384615387
1462,22922201,pigeon_forge,entire_place,88.30000000000003,25.025799448612176,0.17253580020731848,0.010975407590427498,-0.790913058572792,-0.22085217544047236,0.0,208,75.96153846153845,9.375,9.615384615384617,8.653846153846153
1463,22923207,pigeon_forge,entire_place,33.099999999999994,30.59293255336257,0.17253580020731848,-0.021455401739003177,-1.0101733452824873,0.2246840302870035,0.0,208,69.23076923076923,0.9615384615384616,67.3076923076923,16.346153846153847
1464,22924726,pigeon_forge,entire_place,62.89999999999997,30.075395909425765,0.17253580020731848,0.04315813416352931,-0.7910379385254881,-0.07558197681289666,0.0,208,79.8076923076923,8.173076923076923,25.0,15.865384615384615
1465,22925002,pigeon_forge,entire_place,40.400000000000006,30.968616668482316,0.17253580020731848,0.0047020159538062045,-0.7908131546106352,-0.009012327821434157,0.0,208,75.24038461538461,10.336538461538462,33.17307692307692,16.826923076923077
1466,22997468,pigeon_forge,entire_place,94.20000000000002,121.38320190148391,0.17253580020731848,0.07690087739561303,0.2034957697615645,0.26688231519729744,0.0,208,83.41346153846155,83.41346153846155,71.15384615384616,87.5
1467,23019506,pigeon_forge,entire_place,54.59999999999998,31.65830894388639,0.17253580020731848,-0.04921723499171951,-0.7828069633605527,0.05824534802473856,0.0,208,64.42307692307693,14.423076923076922,53.36538461538461,17.307692307692307
1468,23179793,pigeon_forge,entire_place,132.5,83.44020052574396,0.17253580020731848,0.015396300910812975,0.39567192722635275,-0.23490278932651487,0.0,208,76.4423076923077,98.3173076923077,3.3653846153846154,66.82692307692307
1469,23179806,pigeon_forge,entire_place,190.59999999999994,88.21445754501622,0.17253580020731848,0.10174636118576937,0.39567192722635275,-0.26625334079724566,0.0,208,86.53846153846155,98.3173076923077,0.9615384615384616,70.1923076923077
1470,23180662,pigeon_forge,entire_place,171.90000000000003,88.87660715939711,0.17253580020731848,0.12163038724195747,0.39567192722635275,-0.27874277536261677,0.0,208,90.38461538461539,98.3173076923077,0.4807692307692308,71.15384615384616
1471,23181320,pigeon_forge,entire_place,177.20000000000005,93.78818398692323,0.17253580020731848,0.12163038724195747,0.39567192722635275,-0.22553571340248657,0.0,208,90.38461538461539,98.3173076923077,6.490384615384616,75.0
1472,23183648,pigeon_forge,entire_place,74.79999999999998,27.49227064681396,0.17253580020731848,-0.001571375682815089,-0.7908131546106352,-0.11786078352832716,0.0,208,73.3173076923077,10.336538461538462,22.596153846153847,12.980769230769232
1473,23183689,pigeon_forge,entire_place,38.79999999999999,46.92616229042795,0.17253580020731848,0.018312650373373,-0.789839090979606,0.38130982258335433,0.0,208,76.92307692307693,12.5,78.36538461538461,30.76923076923077
1474,720598,raleigh,entire_place,44.70000000000001,43.0964724605666,-0.13660281727347826,-0.18106817460209063,0.27983940499733706,-0.26313098215590286,0.0,203,5.41871921182266,69.45812807881774,10.83743842364532,23.15270935960591
1475,1593080,raleigh,entire_place,19.6,50.51559455727812,-0.13660281727347826,0.00416145154022346,0.27977696502098903,-0.2927933892486593,0.0,203,35.467980295566505,68.96551724137932,1.2315270935960592,36.45320197044335
1476,1605838,raleigh,entire_place,74.29999999999998,43.324490708271455,-0.13660281727347826,-0.008368054052177859,0.11229685670141905,-0.26313098215590286,0.0,203,31.03448275862069,29.55665024630542,10.83743842364532,24.63054187192118
1477,1767578,raleigh,entire_place,12.2,39.26756747841229,-0.13660281727347826,-0.08241941381022051,-0.12304380469639734,-0.04972995521619328,0.0,203,19.458128078817737,21.182266009852217,50.24630541871922,16.748768472906402
1478,2049797,raleigh,entire_place,47.900000000000006,68.2839508238644,-0.13660281727347826,0.2184266497175918,0.203034293636444,-0.13398719528028186,0.0,203,71.42857142857143,57.14285714285714,32.26600985221675,62.06896551724138
1479,4089150,raleigh,entire_place,72.40000000000002,66.99374897535307,-0.13660281727347826,0.023274108107341217,0.19727536183503538,0.04812676271734849,0.0,203,37.4384236453202,42.364532019704434,66.99507389162561,60.591133004926114
1480,4923057,raleigh,entire_place,204.10000000000005,120.87060412838562,-0.13660281727347826,0.3222676733189177,0.2943171380428381,0.23563550715778644,0.0,203,89.16256157635468,84.23645320197043,86.20689655172413,94.08866995073892
1481,5646287,raleigh,entire_place,61.09999999999999,63.07854782732563,-0.13660281727347826,0.09080399347243374,0.40043123970633815,-0.2818651340039595,0.0,203,48.275862068965516,100.0,3.4482758620689653,51.724137931034484
1482,6557236,raleigh,entire_place,77.49999999999997,18.91858767817939,-0.13660281727347826,0.024586042009994286,-0.69868474086934,-0.2849874926453023,0.0,203,38.17733990147783,1.9704433497536946,2.4630541871921183,1.477832512315271
1483,6671322,raleigh,entire_place,75.90000000000002,97.744737896076,-0.13660281727347826,0.2592585529762922,0.3000038304982064,0.08253619030077054,0.0,203,80.29556650246306,89.90147783251231,74.38423645320196,86.20689655172413
1484,6691598,raleigh,private_room,7.2,31.718596986401128,-0.13660281727347826,-0.14085942977821317,0.05294841262175949,-0.37488489287487425,0.0,9,33.33333333333333,77.77777777777779,55.55555555555556,77.77777777777779
1485,6721380,raleigh,entire_place,69.59999999999998,89.2197673779936,-0.13660281727347826,0.38771425529228687,0.20866776578530175,-0.04487300894470968,0.0,203,95.56650246305419,65.02463054187191,51.724137931034484,81.77339901477832
1486,6778573,raleigh,entire_place,107.50000000000001,88.86344043797243,-0.13660281727347826,-0.02568368510421624,0.19289068921313807,0.380344643987955,0.0,203,28.57142857142857,38.91625615763547,93.59605911330048,80.78817733990148
1487,8193715,raleigh,entire_place,44.70000000000001,65.0657020698053,-0.13660281727347826,0.19649751538999544,0.2878095062251081,-0.2443968303078462,0.0,203,68.96551724137932,71.92118226600985,17.980295566502463,56.15763546798029
1488,8454225,raleigh,entire_place,11.700000000000003,21.60415517109567,-0.13660281727347826,-0.02412366844523433,-0.5156887372571982,-0.2927933892486593,0.0,203,29.064039408866993,9.852216748768473,1.2315270935960592,3.4482758620689653
1489,9150201,raleigh,entire_place,71.49999999999997,78.20859358314321,-0.13660281727347826,0.2636967239775189,-0.21801257368944582,0.37566110602594077,0.0,203,81.2807881773399,19.21182266009852,93.10344827586206,72.41379310344827
1490,11626004,raleigh,entire_place,35.599999999999994,43.789137078845975,-0.13660281727347826,-0.06122345385137935,0.1911923218564719,-0.27874277536261677,0.0,203,24.137931034482758,36.94581280788177,5.172413793103448,25.615763546798032
1491,12344328,raleigh,entire_place,199.5,148.99656792606322,-0.13660281727347826,0.1919767503675285,0.1930155691658341,0.6748805523504103,0.0,203,67.98029556650246,39.90147783251231,99.01477832512316,98.52216748768473
1492,12531274,raleigh,entire_place,16.4,46.05710295456775,-0.13660281727347826,0.17554963818748315,-0.24861509351130728,-0.026312265406122432,0.0,203,64.5320197044335,17.24137931034483,56.40394088669951,30.541871921182267
1493,14029736,raleigh,entire_place,121.79999999999995,56.57500445440344,-0.13660281727347826,0.1600865054516806,0.1975875617167755,-0.2553250855525459,0.0,203,61.083743842364534,44.58128078817734,15.270935960591133,42.857142857142854
1494,14058662,raleigh,entire_place,105.4,51.53847412446564,-0.13660281727347826,0.1750090737739004,-0.22013553288527848,0.05593265932070544,0.0,203,64.03940886699507,18.7192118226601,68.96551724137932,37.4384236453202
1495,14252844,raleigh,entire_place,15.900000000000004,39.44884380309655,-0.13660281727347826,-0.015705296835123346,-0.16653207782223534,-0.06846410706424995,0.0,203,30.049261083743843,20.19704433497537,44.827586206896555,17.733990147783253
1496,14341606,raleigh,entire_place,149.49999999999994,81.8371066319504,-0.13660281727347826,0.23334921803981165,0.18093690517559438,0.05185044405866679,0.0,203,74.38423645320196,34.72906403940887,67.48768472906403,75.86206896551724
1497,14805697,raleigh,entire_place,9.000000000000002,31.33983199652615,-0.13660281727347826,-0.2548714516038044,0.04818260695811748,-0.26775103758926555,0.0,203,1.7241379310344827,27.586206896551722,8.866995073891626,9.852216748768473
1498,15043420,raleigh,entire_place,103.19999999999999,49.59429721703496,-0.13660281727347826,-0.16462378474120404,0.2936302983030099,-0.15590718829833278,0.0,203,8.866995073891626,79.80295566502463,30.049261083743843,34.97536945812808
1499,16035851,raleigh,entire_place,87.19999999999999,17.854940642907298,-0.13660281727347826,0.36753774757884483,-1.535829523839209,0.15432721742557123,0.0,203,94.08866995073892,0.49261083743842365,83.2512315270936,0.49261083743842365
1500,16158180,raleigh,entire_place,46.89999999999999,21.59252481423154,-0.13660281727347826,0.003930646464735882,-0.5551859627858743,-0.2818651340039595,0.0,203,34.97536945812808,8.866995073891626,3.4482758620689653,2.955665024630542
1501,16212302,raleigh,entire_place,24.700000000000003,28.40260619452329,-0.13660281727347826,0.18707696921532663,-0.4779904188224928,-0.27874277536261677,0.0,203,65.02463054187191,10.344827586206897,5.172413793103448,7.389162561576355
1502,16926917,raleigh,private_room,2.4,17.727517920114007,-0.13660281727347826,-0.21562668622416975,-0.4579481238822203,-0.34717074262429637,0.0,9,11.11111111111111,22.22222222222222,88.88888888888889,11.11111111111111
1503,16934487,raleigh,entire_place,46.49999999999999,52.439742077562585,-0.13660281727347826,0.15172981042333591,0.003827828940279193,-0.12774247799759628,0.0,203,59.11330049261084,24.137931034482758,34.23645320197045,39.40886699507389
1504,17132765,raleigh,entire_place,114.20000000000002,85.09923389484548,-0.13660281727347826,0.14701643544569654,0.29394249818475,0.06380203845271389,0.0,203,56.65024630541872,83.00492610837439,71.42857142857143,77.83251231527095
1505,17683423,raleigh,entire_place,73.40000000000003,88.43611481856603,-0.13660281727347826,0.2368061319159544,0.2993794307347262,0.006599465385279729,0.0,203,76.35467980295566,89.16256157635468,61.822660098522164,80.29556650246306
1506,17813686,raleigh,entire_place,37.39999999999999,27.416415214702283,-0.13660281727347826,0.30584056113887237,-0.6511656796959058,-0.2584474441938887,0.0,203,87.68472906403942,5.665024630541872,13.054187192118228,5.911330049261084
1507,17820680,raleigh,entire_place,4.699999999999999,32.793980381062184,-0.13660281727347826,0.12605128056234294,-0.3058665830363329,-0.25064154759053175,0.0,203,53.69458128078818,14.77832512315271,16.995073891625616,10.344827586206897
1508,17880730,raleigh,entire_place,89.40000000000003,42.604971319574716,-0.13660281727347826,-0.12802016484771667,0.20933805320936694,-0.2568862648732173,0.0,203,12.807881773399016,66.00985221674877,14.285714285714285,22.660098522167488
1509,19084401,raleigh,entire_place,21.200000000000003,78.5808415040152,-0.13660281727347826,-0.14970121641898415,0.20334649351818412,0.3723885607012118,0.0,203,9.35960591133005,59.60591133004927,92.61083743842364,72.9064039408867
1510,19679545,raleigh,entire_place,81.89999999999999,60.21690509153916,-0.13660281727347826,-0.14130012248971446,0.16470735585294125,0.14027660353952873,0.0,203,10.83743842364532,32.51231527093596,79.3103448275862,48.76847290640394
1511,19787580,raleigh,entire_place,102.0,57.24106287554039,-0.13660281727347826,0.010975407590427498,0.2926312586814416,-0.18975555408434758,0.0,203,36.45320197044335,75.36945812807882,28.078817733990146,43.84236453201971
1512,19847178,raleigh,entire_place,64.89999999999998,46.27409026225061,-0.13660281727347826,-0.1429045380496214,0.2024098938729638,-0.1542825264490099,0.0,203,10.344827586206897,53.69458128078818,30.541871921182267,31.527093596059114
1513,19874507,raleigh,private_room,58.699999999999996,57.30885528004884,-0.13660281727347826,0.10441462789200055,0.3480163932470725,-0.33741658917876094,0.0,9,88.88888888888889,100.0,100.0,100.0
1514,20124695,raleigh,entire_place,60.80000000000002,51.31361777842254,-0.13660281727347826,0.05624548185035464,0.2023474538966158,-0.2520757618539002,0.0,203,41.87192118226601,53.20197044334976,16.25615763546798,36.94581280788177
1515,20401640,raleigh,entire_place,66.6,46.96627770793862,-0.13660281727347826,-0.042651361697844344,0.1973128258208442,-0.23490278932651487,0.0,203,26.60098522167488,43.34975369458128,24.137931034482758,32.01970443349754
1516,20646840,raleigh,entire_place,65.80000000000003,44.368507987448794,-0.13660281727347826,-0.16691697576894104,0.27383129299039116,-0.2428356509871748,0.0,203,8.374384236453201,68.4729064039409,19.21182266009852,27.093596059113302
1517,20665444,raleigh,entire_place,80.19999999999999,79.93341499857564,-0.13660281727347826,0.12400617229093473,0.19844923339037818,0.12043183242095933,0.0,203,53.20197044334976,48.76847290640394,77.33990147783251,74.38423645320196
1518,20802599,raleigh,entire_place,50.5,72.76185266146612,-0.13660281727347826,0.19047220650970303,0.28737242639067195,-0.12774247799759628,0.0,203,67.48768472906403,70.93596059113301,34.23645320197045,67.48768472906403
1519,20930010,raleigh,entire_place,60.00000000000001,64.54436404432506,-0.13660281727347826,-0.2158747689804986,0.29511963806552494,0.1527428164788166,0.0,203,3.4482758620689653,87.192118226601,82.75862068965517,54.679802955665025
1520,20949689,raleigh,entire_place,14.599999999999998,58.98761748417751,-0.13660281727347826,-0.07147704609688486,0.29895157057012756,-0.08407590027096383,0.0,203,20.935960591133004,88.17733990147784,41.6256157635468,46.30541871921182
1521,21059804,raleigh,entire_place,75.69999999999997,77.32517620013554,-0.13660281727347826,0.23412058752888193,0.30531261477005445,-0.12930365731826765,0.0,203,75.36945812807882,92.11822660098522,33.497536945812804,71.92118226600985
1522,21198069,raleigh,entire_place,140.40000000000003,66.36794649855022,-0.13660281727347826,0.09784875459812535,0.39492264751017647,-0.23334161000584352,0.0,203,48.76847290640394,97.53694581280789,24.63054187192118,58.620689655172406
1523,21265608,raleigh,entire_place,68.00000000000001,44.18640859516387,-0.13660281727347826,-0.18052761018850788,0.3099601149924683,-0.2693756994385884,0.0,203,5.911330049261084,96.05911330049261,8.374384236453201,26.60098522167488
1524,21410556,raleigh,entire_place,9.7,57.72204821664147,-0.13660281727347826,0.062270790730647105,0.30420176289091455,-0.2443968303078462,0.0,203,42.857142857142854,91.62561576354679,17.980295566502463,44.33497536945813
1525,21527439,raleigh,entire_place,11.700000000000003,18.561928876412686,-0.13660281727347826,-0.055969514460157216,-0.6845938202349318,-0.23659093370448925,0.0,203,25.12315270935961,2.4630541871921183,22.660098522167488,0.9852216748768473
1526,21771080,raleigh,entire_place,26.299999999999994,52.33503577640978,-0.13660281727347826,0.005783144780971694,0.29256881870509355,-0.2724980580799312,0.0,203,35.960591133004925,74.63054187192118,6.896551724137931,38.42364532019704
1527,22151742,raleigh,other_specialty,8.1,32.82675419982765,-0.13660281727347826,-0.16798082691526528,0.014113735935269212,-0.27562041672127396,0.0,4,25.0,75.0,50.0,75.0
1528,22742433,raleigh,entire_place,53.50000000000001,73.61456678238491,-0.13660281727347826,-0.09525867874071697,0.2947449982074368,0.16210989240284496,0.0,203,17.24137931034483,86.69950738916256,84.72906403940887,68.4729064039409
1529,23420668,raleigh,entire_place,50.300000000000004,53.991147092664576,-0.13660281727347826,0.1057265617946536,0.20290883398389312,-0.25220272691120316,0.0,203,50.73891625615764,56.40394088669951,15.763546798029557,41.37931034482759
1530,23594309,raleigh,entire_place,98.69999999999996,36.96336911500289,-0.13660281727347826,-0.28101159161577255,0.20816824597451758,-0.24127447166650345,0.0,203,0.49261083743842365,64.5320197044335,20.19704433497537,13.793103448275861
1531,23681956,raleigh,entire_place,122.89999999999995,42.324656586694104,-0.13660281727347826,-0.12087553201994362,0.03696119221655317,-0.09810329253092312,0.0,203,13.546798029556651,26.60098522167488,38.91625615763547,22.167487684729064
1532,23712231,raleigh,entire_place,12.300000000000002,39.3069939672933,-0.13660281727347826,0.3939876469289082,-0.6548016523014817,0.006599465385279729,0.0,203,96.05911330049261,4.926108374384237,61.822660098522164,17.24137931034483
1533,23727556,raleigh,entire_place,77.59999999999998,58.79757333072183,-0.13660281727347826,-0.07093648168330213,0.2936302983030099,-0.082468277698126,0.0,203,21.67487684729064,79.80295566502463,42.857142857142854,45.812807881773395
1534,23789210,raleigh,entire_place,286.79999999999995,222.74254560483294,-0.13660281727347826,0.4002610385655294,0.39729536661140125,0.662200094232654,0.0,203,97.04433497536947,99.01477832512316,98.52216748768473,100.0
1535,23838203,raleigh,entire_place,90.50000000000003,87.3681861520102,-0.13660281727347826,0.052309680142395475,0.192765809260442,0.28569698885049066,0.0,203,41.37931034482759,38.42364532019704,90.14778325123153,78.32512315270937
1536,24062270,raleigh,entire_place,35.0,51.551979293684,-0.13660281727347826,0.13780941666567395,-0.06608798608825117,-0.060658210460892995,0.0,203,55.66502463054187,21.67487684729064,47.783251231527096,37.93103448275862
1537,24914399,raleigh,entire_place,122.89999999999995,60.97540682839255,-0.13660281727347826,-0.09471811432713424,0.2876846262724121,-0.016968411108177317,0.0,203,17.980295566502463,71.42857142857143,57.14285714285714,50.24630541871922
1538,25049318,raleigh,entire_place,68.89999999999998,94.87951220096303,-0.13660281727347826,0.40132488971185365,0.19245360937870193,0.018574281405410044,0.0,203,97.53694581280789,37.93103448275862,63.05418719211823,84.72906403940887
1539,26366084,raleigh,entire_place,39.199999999999996,94.5120319088809,-0.13660281727347826,0.2524618746069294,0.07728656734762643,0.2787642447130949,0.0,203,78.32512315270937,28.57142857142857,89.65517241379311,84.23645320197043
1540,26682386,raleigh,entire_place,6.1000000000000005,35.09024380633248,-0.13660281727347826,0.31999175997202195,-0.6443458479964357,-0.040362879292164935,0.0,203,88.66995073891626,6.403940886699508,52.70935960591133,12.31527093596059
1541,26847169,raleigh,entire_place,84.79999999999998,41.353890653675336,-0.13660281727347826,-0.2600637144132602,0.20810580599816955,-0.1527213471283385,0.0,203,0.9852216748768473,64.03940886699507,31.03448275862069,20.19704433497537
1542,27029424,raleigh,entire_place,67.10000000000002,47.80458049423853,-0.13660281727347826,0.016477429737978458,0.20247233384931182,-0.2818651340039595,0.0,203,36.94581280788177,54.187192118226605,3.4482758620689653,33.497536945812804
1543,27957860,raleigh,entire_place,121.99999999999994,66.79807752273204,-0.13660281727347826,0.27364055688492933,0.15058196531935153,-0.15842822423970004,0.0,203,82.75862068965517,30.541871921182267,29.55665024630542,60.09852216748769
1544,28199429,raleigh,entire_place,104.20000000000002,102.91118626715422,-0.13660281727347826,0.22470004135421306,0.20431997744935837,0.26377699583243974,0.0,203,71.92118226600985,63.05418719211823,88.66995073891626,88.66995073891626
1545,28438484,raleigh,entire_place,74.10000000000002,92.56561915299905,-0.13660281727347826,0.36234548476938905,0.1970755539107217,0.028502419126845598,0.0,203,93.59605911330048,40.88669950738916,64.03940886699507,82.75862068965517
1546,28668934,raleigh,entire_place,10.7,21.56260926666498,-0.13660281727347826,-0.002690699630295723,-0.8179087104354279,-0.01384605246683454,0.0,203,33.99014778325123,0.9852216748768473,58.128078817733986,2.4630541871921183
1547,30003804,raleigh,entire_place,87.6,62.66709072461947,-0.13660281727347826,0.27632610127200175,0.20222257394391974,-0.27562041672127396,0.0,203,83.74384236453201,52.21674876847291,6.157635467980295,50.73891625615764
1548,30280433,raleigh,entire_place,39.8,65.93996780767924,-0.13660281727347826,0.08477868459214132,0.30538754274167207,-0.1371095539216246,0.0,203,46.79802955665024,92.61083743842364,31.527093596059114,57.635467980295566
1549,30399874,raleigh,hotel_or_hosted_lodging,63.90000000000001,29.214410951834886,-0.13660281727347826,0.07169133690531597,0.03664899233481306,-0.6507608762975219,0.0,8,81.25,75.0,37.5,75.0
1550,30444952,raleigh,entire_place,80.19999999999999,36.91565797570196,-0.13660281727347826,-0.03506603615856997,-0.021925377663542592,-0.2583839616652372,0.0,203,27.832512315270936,23.645320197044335,13.793103448275861,13.30049261083744
1551,30494463,raleigh,hotel_or_hosted_lodging,18.800000000000004,18.448676475413485,-0.13660281727347826,0.058080702485749175,-0.3918415267541722,-0.6491996969768504,0.0,8,62.5,25.0,50.0,37.5
1552,30510370,raleigh,entire_place,59.50000000000001,74.00531232619898,-0.13660281727347826,0.03873724084314384,0.39498508748652444,-0.06690292774357855,0.0,203,39.40886699507389,98.0295566502463,45.320197044334975,69.45812807881774
1553,30958746,raleigh,hotel_or_hosted_lodging,5.5,31.124175303584877,-0.13660281727347826,0.03819667642956108,0.13299470913295014,-0.6523220556181933,0.0,8,37.5,100.0,18.75,100.0
1554,30962549,raleigh,entire_place,70.40000000000003,65.54887355757552,-0.13660281727347826,0.17004761603993224,0.2933180984212698,-0.21616863747845821,0.0,203,63.05418719211823,76.84729064039408,25.36945812807882,57.14285714285714
1555,31037706,raleigh,hotel_or_hosted_lodging,11.100000000000001,28.994063027019376,-0.13660281727347826,0.07169133690531597,0.030890640233259298,-0.6523220556181933,0.0,8,81.25,50.0,18.75,62.5
1556,31037978,raleigh,hotel_or_hosted_lodging,11.4,18.18786265841986,-0.13660281727347826,0.03819667642956108,-0.38701977429783874,-0.6476385176561791,0.0,8,37.5,37.5,81.25,25.0
1557,31392794,raleigh,entire_place,9.4,59.13687339741578,-0.13660281727347826,-0.11591407428597539,0.15734153698224707,0.10445618331882149,0.0,203,14.532019704433496,31.527093596059114,75.36945812807882,46.79802955665024
1558,31740082,raleigh,entire_place,45.599999999999994,38.81827192391629,-0.13660281727347826,-0.21402227066426277,0.1856337776792318,-0.23802514796785768,0.0,203,3.9408866995073892,35.960591133004925,22.167487684729064,16.25615763546798
1559,31920415,raleigh,entire_place,49.50000000000001,66.66615595227233,-0.13660281727347826,0.1436593932716352,0.17616188061126553,-0.05597467249887883,0.0,203,56.15763546798029,33.99014778325123,48.275862068965516,59.11330049261084
1560,32614715,raleigh,entire_place,7.2,24.689188267016373,-0.13660281727347826,0.2181958446421042,-0.6566118319157195,-0.26625334079724566,0.0,203,70.93596059113301,3.4482758620689653,9.35960591133005,4.926108374384237
1561,32669259,raleigh,entire_place,42.400000000000006,64.66525594841123,-0.13660281727347826,-0.03506603615856997,0.2035332337473733,0.06536321777338527,0.0,203,27.832512315270936,61.083743842364534,71.92118226600985,55.172413793103445
1562,32669740,raleigh,entire_place,70.9,66.71840086866762,-0.13660281727347826,-0.0010308112692323373,0.20340835379467728,0.06224085913204249,0.0,203,34.48275862068966,60.3448275862069,70.6896551724138,59.60591133004927
1563,32747487,raleigh,entire_place,18.499999999999996,34.77927927741503,-0.13660281727347826,-0.11460214038332232,-0.31632578753576607,0.05755732117002832,0.0,203,15.270935960591133,14.285714285714285,69.45812807881774,11.822660098522167
1564,33072548,raleigh,entire_place,7.300000000000001,41.81747985643313,-0.13660281727347826,0.08292618627590549,-0.33896015979320876,0.06224085913204249,0.0,203,45.812807881773395,13.793103448275861,70.6896551724138,21.67487684729064
1565,33189209,raleigh,entire_place,42.99999999999999,64.93838083697095,-0.13660281727347826,-0.12087553201994362,0.2107741726653714,0.14808250014288565,0.0,203,13.546798029556651,66.50246305418719,81.2807881773399,55.66502463054187
1566,33367590,raleigh,entire_place,78.89999999999998,78.81570302834437,-0.13660281727347826,0.024586042009994286,0.2936302983030099,0.11076438313015854,0.0,203,38.17733990147783,79.80295566502463,76.35467980295566,73.39901477832512
1567,33545776,raleigh,entire_place,78.59999999999998,44.64943545726541,-0.13660281727347826,0.07169133690531597,0.03664899233481306,-0.23808863049650913,0.0,203,43.84236453201971,25.615763546798032,21.428571428571427,27.586206896551722
1568,33548283,raleigh,entire_place,73.99999999999997,37.37695359993986,-0.13660281727347826,-0.06749684548800064,0.03664899233481306,-0.2724345755512797,0.0,203,22.660098522167488,25.615763546798032,7.389162561576355,14.77832512315271
1569,33552589,raleigh,entire_place,58.89999999999998,44.936712402112434,-0.13660281727347826,0.07796472854193726,0.03664899233481306,-0.23808863049650913,0.0,203,44.33497536945813,25.615763546798032,21.428571428571427,28.078817733990146
1570,33573182,raleigh,hotel_or_hosted_lodging,55.599999999999994,30.160770566809536,-0.13660281727347826,0.09784875459812535,0.03664899233481306,-0.6460773383355077,0.0,8,100.0,75.0,100.0,87.5
1571,33576344,raleigh,hotel_or_hosted_lodging,71.20000000000003,28.310525762899783,-0.13660281727347826,0.03819667642956108,0.03664899233481306,-0.6476385176561791,0.0,8,37.5,75.0,81.25,50.0
1572,33613811,raleigh,entire_place,22.099999999999998,60.165274521318345,-0.13660281727347826,0.08423812017855854,0.2031585938892852,-0.12455663682760201,0.0,203,46.30541871921182,57.635467980295566,35.467980295566505,48.275862068965516
1573,33972946,raleigh,entire_place,87.70000000000003,64.3273232405312,-0.13660281727347826,0.12711513170866717,0.19807459353229004,-0.0965188915841685,0.0,203,54.187192118226605,47.29064039408867,39.90147783251231,54.187192118226605
1574,34112697,raleigh,entire_place,35.099999999999994,55.543420532012426,-0.13660281727347826,-0.0028660319046268775,0.2644014579608049,-0.17726611951897647,0.0,203,33.497536945812804,67.98029556650246,28.57142857142857,42.364532019704434
1575,34127704,raleigh,entire_place,30.0,27.36775985974941,-0.13660281727347826,-0.036901256793964506,-0.36634001189896154,-0.20224498864971868,0.0,203,27.093596059113302,12.807881773399016,26.108374384236456,5.41871921182266
1576,34683511,raleigh,entire_place,60.39999999999997,37.522258122643564,-0.13660281727347826,-0.22135951344720828,0.20216013396757174,-0.28030395468328817,0.0,203,2.955665024630542,51.724137931034484,4.433497536945813,15.763546798029557
1577,35009080,raleigh,entire_place,48.1,63.57979596658232,-0.13660281727347826,0.06489465853595322,0.20340835379467728,-0.05114094785347845,0.0,203,43.34975369458128,60.3448275862069,49.50738916256158,52.21674876847291
1578,35013191,raleigh,entire_place,38.39999999999999,43.304231780125534,-0.13660281727347826,-0.12821277480288912,0.20358318572845174,-0.23502975438381785,0.0,203,12.068965517241379,61.57635467980296,23.645320197044335,24.137931034482758
1579,35484232,raleigh,entire_place,169.00000000000006,164.74217969163738,-0.13660281727347826,0.43375569904128436,0.3064371140441737,0.41950109206204267,0.0,203,99.01477832512316,95.56650246305419,95.56650246305419,99.50738916256158
1580,36901743,raleigh,entire_place,318.59999999999997,136.7230407144225,-0.13660281727347826,0.09051151181517984,0.19996028081800027,0.6840333830959703,0.0,203,47.783251231527096,50.73891625615764,99.50738916256158,95.56650246305419
1581,37077840,raleigh,other_specialty,50.0,31.85049513267144,-0.13660281727347826,-0.12139881875268509,-0.05394759203160772,-0.2834263133246309,0.0,4,50.0,50.0,25.0,50.0
1582,37393474,raleigh,private_room,28.400000000000002,27.064765805780933,-0.13660281727347826,-0.12433244589608639,-0.04077020075284925,-0.45112199115713747,0.0,9,55.55555555555556,66.66666666666666,11.11111111111111,55.55555555555556
1583,37784590,raleigh,entire_place,58.10000000000001,40.72037250711737,-0.13660281727347826,-0.1742542185518866,0.19721292185868736,-0.24270868592987183,0.0,203,6.403940886699508,41.37931034482759,19.704433497536947,19.21182266009852
1584,37888747,raleigh,entire_place,31.300000000000004,76.80185167753042,-0.13660281727347826,0.11696141116524313,0.29926377045186764,-0.012799491691403944,0.0,203,52.21674876847291,88.66995073891626,59.11330049261084,70.93596059113301
1585,37994864,raleigh,private_room,35.3,25.779606686051203,-0.13660281727347826,-0.16224799969222675,-0.12596599558948468,-0.37488489287487425,0.0,9,22.22222222222222,44.44444444444444,55.55555555555556,44.44444444444444
1586,39341822,raleigh,private_room,4.9,19.469444330080545,-0.13660281727347826,0.09883001172320935,-0.6619961238590399,-0.36864017559218876,0.0,9,77.77777777777779,11.11111111111111,77.77777777777779,22.22222222222222
1587,39735158,raleigh,entire_place,154.00000000000003,120.18864985104241,-0.13660281727347826,0.39452821134249094,0.2946543139151174,0.15742635444083078,0.0,203,96.55172413793103,85.96059113300493,83.74384236453201,93.59605911330048
1588,39780850,raleigh,entire_place,100.9,90.56666711225367,-0.13660281727347826,0.23520171635604742,0.29381761823205393,0.037308433253466715,0.0,203,75.86206896551724,82.26600985221675,65.51724137931035,82.26600985221675
1589,39863177,raleigh,entire_place,7.3999999999999995,52.973095308191695,-0.13660281727347826,-0.05105245562711405,0.2816765142654662,-0.19287791272569038,0.0,203,25.615763546798032,70.19704433497537,27.586206896551722,39.90147783251231
1590,40553112,raleigh,entire_place,71.49999999999997,109.88291674189789,-0.13660281727347826,0.151437328766082,0.20403333325801234,0.4022646370060059,0.0,203,58.3743842364532,62.5615763546798,94.58128078817734,91.13300492610837
1591,40804958,raleigh,entire_place,95.3,70.99882829863778,-0.13660281727347826,-0.07147704609688486,0.28818414608319626,0.10920320380948716,0.0,203,20.935960591133004,73.39901477832512,75.86206896551724,66.00985221674877
1592,41062751,raleigh,entire_place,74.10000000000002,62.8437567101743,-0.13660281727347826,-0.0034238739990508906,0.2088550857143458,0.00026804394785945145,0.0,203,32.01970443349754,65.51724137931035,60.09852216748769,51.231527093596064
1593,41128097,raleigh,entire_place,102.0,63.79548941780642,-0.13660281727347826,-0.0039471607317923775,0.18093690517559438,0.04350670728398582,0.0,203,31.527093596059114,34.72906403940887,66.25615763546799,52.70935960591133
1594,41243084,raleigh,entire_place,104.10000000000001,71.12065657782736,-0.13660281727347826,0.16139843935433362,0.21905483530228853,-0.052852313857536054,0.0,203,61.57635467980296,66.99507389162561,48.76847290640394,66.50246305418719
1595,41259404,raleigh,entire_place,65.10000000000002,60.53417711565322,-0.13660281727347826,0.11827334506789615,0.015965870383705394,0.03461398900263001,0.0,203,52.70935960591133,24.63054187192118,64.5320197044335,49.26108374384236
1596,41383929,raleigh,entire_place,109.30000000000001,98.70851428255492,-0.13660281727347826,0.36860159872516907,0.20334591381832925,0.07956401834281399,0.0,203,95.07389162561576,58.86699507389162,73.89162561576354,87.192118226601
1597,42067390,raleigh,entire_place,125.10000000000002,110.90525290430621,-0.13660281727347826,0.4081388457620577,-0.22432039758286215,0.5830945674236541,0.0,203,98.52216748768473,18.226600985221676,98.0295566502463,91.62561576354679
1598,42070623,raleigh,entire_place,79.39999999999999,83.23258691093699,-0.13660281727347826,0.3497987014961465,0.1982119614802557,-0.06516834011343772,0.0,203,92.11822660098522,47.783251231527096,47.29064039408867,76.35467980295566
1599,42193761,raleigh,entire_place,55.400000000000006,24.14656794709982,-0.13660281727347826,-0.10940987757386653,-0.5465829536012319,-0.07002528638492134,0.0,203,15.763546798029557,9.35960591133005,44.33497536945813,4.433497536945813
1600,42459024,raleigh,entire_place,176.59999999999997,107.74420253169573,-0.13660281727347826,0.29563136779429194,0.3054499827180201,0.13717746652426915,0.0,203,86.20689655172413,93.10344827586206,78.32512315270937,90.64039408866995
1601,42539694,raleigh,entire_place,56.7,59.97066835996394,-0.13660281727347826,-0.09471811432713424,0.3055124226943681,-0.05114094785347845,0.0,203,17.980295566502463,93.8423645320197,49.50738916256158,47.783251231527096
1602,42604368,raleigh,entire_place,58.80000000000002,100.67002221871589,-0.13660281727347826,0.2736578345657706,0.2930058985395297,0.10432921826151849,0.0,203,83.2512315270936,75.86206896551724,74.8768472906404,88.17733990147784
1603,42815728,raleigh,entire_place,100.69999999999997,104.2782183368444,-0.13660281727347826,0.33014548051544595,0.30567476663287296,0.07004675573539944,0.0,203,90.14778325123153,94.58128078817734,72.41379310344827,89.65517241379311
1604,43052172,raleigh,entire_place,87.89999999999999,76.88857633923018,-0.13660281727347826,0.3456086132512486,0.07121601536433257,-0.012284873146163153,0.0,203,91.13300492610837,28.078817733990146,59.60591133004927,71.42857142857143
1605,43095760,raleigh,entire_place,31.399999999999995,68.72290022046656,-0.13660281727347826,0.0358208913805838,0.1144192361973969,0.1435491488642577,0.0,203,38.91625615763547,30.049261083743843,79.80295566502463,62.5615763546798
1606,43178088,raleigh,entire_place,56.6,37.49604168409032,-0.13660281727347826,0.1564369816203654,-0.3491739536414785,-0.10744714682886822,0.0,203,60.591133004926114,13.30049261083744,37.4384236453202,15.270935960591133
1607,43245027,raleigh,private_room,2.2,27.943369076666947,-0.13660281727347826,0.07481757400388969,-0.22149672436966533,-0.43871926074650114,0.0,9,66.66666666666666,33.33333333333333,22.22222222222222,66.66666666666666
1608,43308510,raleigh,entire_place,55.800000000000004,55.43046589121878,-0.13660281727347826,-0.0034065963182096223,0.2816765142654662,-0.19600027136703313,0.0,203,32.51231527093596,70.19704433497537,27.093596059113302,41.87192118226601
1609,43703499,raleigh,entire_place,26.8,47.157719296573156,-0.13660281727347826,0.40186545412543645,-0.4646010950287995,-0.013522457473978892,0.0,203,98.0295566502463,11.330049261083744,58.620689655172406,32.51231527093596
1610,43815185,raleigh,entire_place,80.7,47.62448682616502,-0.13660281727347826,0.2571308506836438,-0.4609840930150003,0.13724094905292067,0.0,203,79.3103448275862,11.822660098522167,78.81773399014779,33.004926108374384
1611,43933588,raleigh,entire_place,229.40000000000006,140.57364683925485,-0.13660281727347826,0.07850529295552001,0.20521911310876986,0.7183561065246576,0.0,203,44.827586206896555,63.54679802955665,100.0,96.05911330049261
1612,43945892,raleigh,entire_place,33.099999999999994,22.508973805295568,-0.13660281727347826,-0.22656905393750532,-0.6102949824905672,0.04350670728398582,0.0,203,2.4630541871921183,6.896551724137931,66.25615763546799,3.9408866995073892
1613,43982637,raleigh,entire_place,82.69999999999999,87.46172310090401,-0.13660281727347826,-0.056013913361082274,0.2933180984212698,0.294526224603195,0.0,203,24.63054187192118,76.84729064039408,90.64039408866995,78.81773399014779
1614,44194419,raleigh,entire_place,57.100000000000016,46.07649675517471,-0.13660281727347826,-0.11591407428597539,0.29256881870509355,-0.27562041672127396,0.0,203,14.532019704433496,74.63054187192118,6.157635467980295,31.03448275862069
1615,44479300,raleigh,entire_place,8.000000000000002,49.18910002861566,-0.13660281727347826,0.19518558148734239,-0.46973504736687305,0.23960779663900716,0.0,203,68.4729064039409,10.83743842364532,87.192118226601,34.48275862068966
1616,44666272,raleigh,private_room,11.2,25.147234166572467,-0.13660281727347826,-0.13034047709553756,-0.12270662882411804,-0.4339490186297522,0.0,9,44.44444444444444,55.55555555555556,33.33333333333333,33.33333333333333
1617,45138932,raleigh,entire_place,90.20000000000002,59.22401501900606,-0.13660281727347826,0.20850373424965532,0.19727536183503538,-0.2584474441938887,0.0,203,70.44334975369459,42.364532019704434,13.054187192118228,47.29064039408867
1618,45189139,raleigh,entire_place,155.3,96.08587639256591,-0.13660281727347826,0.36783022923609876,0.2946543139151174,-0.03762817413875997,0.0,203,94.58128078817734,85.96059113300493,53.94088669950739,85.71428571428571
1619,45425450,raleigh,other_specialty,10.9,27.61203663767097,-0.13660281727347826,-0.10939259989302524,-0.23219436526674625,-0.2553250855525459,0.0,4,75.0,25.0,100.0,25.0
1620,45589195,raleigh,entire_place,78.10000000000001,88.31653419543424,-0.13660281727347826,0.151437328766082,0.1985616253478046,0.19144812853631504,0.0,203,58.3743842364532,49.26108374384236,85.71428571428571,79.80295566502463
1621,45679749,raleigh,entire_place,87.30000000000004,58.474823254853405,-0.13660281727347826,0.202230342613034,0.19727536183503538,-0.26469216147657426,0.0,203,69.70443349753694,42.364532019704434,9.852216748768473,45.320197044334975
1622,45811584,raleigh,entire_place,90.50000000000003,36.84621800654391,-0.13660281727347826,-0.1357981003421635,-0.1442333486692809,-0.03717703812217067,0.0,203,11.330049261083744,20.689655172413794,54.679802955665025,12.807881773399016
1623,45864607,raleigh,entire_place,99.30000000000001,45.4940493436854,-0.13660281727347826,-0.0630586744867739,0.20228501392026776,-0.25064154759053175,0.0,203,23.645320197044335,52.70935960591133,16.995073891625616,29.55665024630542
1624,45899581,raleigh,entire_place,101.70000000000002,41.02327472464998,-0.13660281727347826,-0.06307595216761515,-0.06545076826989359,-0.08398919611622913,0.0,203,23.15270935960591,22.167487684729064,42.364532019704434,19.704433497536947
1625,45916385,raleigh,entire_place,150.0,87.52367757891807,-0.13660281727347826,0.08186233512958128,0.3899885030964166,0.0606796798113711,0.0,203,45.320197044334975,96.55172413793103,69.95073891625616,79.3103448275862
1626,46097760,raleigh,entire_place,52.7,45.22790112150618,-0.13660281727347826,0.35032198822888794,-0.25130935602814825,-0.21616863747845821,0.0,203,92.61083743842364,16.748768472906402,25.36945812807882,28.57142857142857
1627,46178415,raleigh,entire_place,32.39999999999999,68.93438189680121,-0.13660281727347826,0.3413803298860355,-0.2145014810365659,0.16993901063228511,0.0,203,90.64039408866995,19.704433497536947,85.22167487684729,64.03940886699507
1628,46264961,raleigh,entire_place,58.400000000000006,45.562207042504255,-0.13660281727347826,-0.07614602217359921,0.20265965377835587,-0.23646396864718627,0.0,203,20.19704433497537,55.172413793103445,23.15270935960591,30.049261083743843
1629,46748292,raleigh,entire_place,107.20000000000005,31.08199030260781,-0.13660281727347826,0.10149827842944052,-0.6555509320176579,0.07160793505607083,0.0,203,50.24630541871922,3.9408866995073892,72.9064039408867,9.35960591133005
1630,46811360,raleigh,entire_place,109.9,68.11934584340858,-0.13660281727347826,-0.04371521284416855,0.19783732162216758,0.13097301014415189,0.0,203,26.108374384236456,46.30541871921182,77.83251231527095,61.57635467980296
1631,47007243,raleigh,entire_place,41.099999999999994,44.03150569029803,-0.13660281727347826,-0.10726489760037683,0.2566811166384259,-0.2927933892486593,0.0,203,16.25615763546798,67.48768472906403,1.2315270935960592,26.108374384236456
1632,47018693,raleigh,entire_place,82.79999999999995,93.22788760559101,-0.13660281727347826,0.24589600131305422,0.20397031358180945,0.1451103281849291,0.0,203,77.83251231527095,62.06896551724138,80.29556650246306,83.2512315270936
1633,47202848,raleigh,entire_place,73.29999999999998,64.32007142749708,-0.13660281727347826,0.10908360396871487,0.3904130949355831,-0.2709368787592598,0.0,203,51.231527093596064,97.04433497536947,7.8817733990147785,53.69458128078818
1634,47237786,raleigh,entire_place,228.5,120.14908127255208,-0.13660281727347826,0.1368454372214312,0.19964808093626016,0.5097888042303484,0.0,203,55.172413793103445,50.24630541871922,97.04433497536947,93.10344827586206
1635,47428498,raleigh,entire_place,41.29999999999999,53.08096625568069,-0.13660281727347826,0.2577158139981516,-0.052698792504647304,-0.16527426422236113,0.0,203,79.80295566502463,22.660098522167488,29.064039408866993,40.39408866995074
1636,47889255,raleigh,entire_place,265.0,149.1419264911103,-0.13660281727347826,0.34614917766483133,0.19908612114912796,0.5156061830889586,0.0,203,91.62561576354679,49.75369458128079,97.53694581280789,99.01477832512316
1637,47901757,raleigh,entire_place,78.89999999999998,67.33900716221979,-0.13660281727347826,0.17263328872492315,0.1976500016931235,-0.09654211321025172,0.0,203,63.54679802955665,45.320197044334975,39.40886699507389,61.083743842364534
1638,47953127,raleigh,entire_place,41.39999999999999,64.12203361665858,-0.13660281727347826,-0.06987263053697793,0.2936302983030099,0.0017657407398793522,0.0,203,22.167487684729064,79.80295566502463,60.591133004926114,53.20197044334976
1639,48055795,raleigh,entire_place,49.29999999999999,49.595704932476394,-0.13660281727347826,-0.16906195574243077,0.19035788011343516,-0.048168775895521876,0.0,203,7.8817733990147785,36.45320197044335,50.73891625615764,35.467980295566505
1640,48181596,raleigh,entire_place,142.89999999999998,121.16898853084764,-0.13660281727347826,0.30321669333356627,0.19772492966474112,0.3537240737314048,0.0,203,86.69950738916256,45.812807881773395,91.62561576354679,94.58128078817734
1641,48181628,raleigh,entire_place,7.800000000000002,79.80921223143517,-0.13660281727347826,0.24199839472541018,0.1929037569082625,0.0064492787018935165,0.0,203,76.84729064039408,39.40886699507389,61.083743842364534,73.89162561576354
1642,48328463,raleigh,hotel_or_hosted_lodging,8.000000000000002,12.178803640891347,-0.13660281727347826,-0.2826332848565208,-0.440360287995964,-0.649136214448199,0.0,8,12.5,12.5,62.5,12.5
1643,48341606,raleigh,entire_place,45.80000000000001,27.875160734140614,-0.13660281727347826,0.10066523235860386,-0.4316002560950577,-0.25682278234456585,0.0,203,49.26108374384236,12.31527093596059,14.77832512315271,6.403940886699508
1644,48341645,raleigh,entire_place,43.99999999999999,37.15832343096828,-0.13660281727347826,0.042325088092692684,-0.25165624733116454,-0.0996644718515945,0.0,203,40.88669950738916,16.25615763546798,38.42364532019704,14.285714285714285
1645,48374332,raleigh,entire_place,134.20000000000002,68.8079937650985,-0.13660281727347826,0.04024178470096931,0.29350541835031385,-0.03873821744284206,0.0,203,39.90147783251231,78.07881773399015,53.20197044334976,63.05418719211823
1646,48394104,raleigh,entire_place,48.800000000000004,43.531130982958715,-0.13660281727347826,-0.08241941381022051,0.16901589619768181,-0.24114750660920042,0.0,203,19.458128078817737,33.497536945812804,20.689655172413794,25.12315270935961
1647,48576429,raleigh,private_room,27.700000000000003,50.34988352369206,-0.13660281727347826,0.1600865054516806,0.20272151405484906,-0.37488489287487425,0.0,9,100.0,88.88888888888889,55.55555555555556,88.88888888888889
1648,48579859,raleigh,entire_place,41.39999999999999,69.08309919421117,-0.13660281727347826,0.058621266899331934,0.3055124226943681,-0.06519156173952095,0.0,203,42.364532019704434,93.8423645320197,46.79802955665024,64.5320197044335
1649,48709532,raleigh,entire_place,123.19999999999999,53.69659161997726,-0.13660281727347826,-0.022519252885327395,0.19822444947552528,-0.12464334098233673,0.0,203,29.55665024630542,48.275862068965516,34.97536945812808,40.88669950738916
1650,48805805,raleigh,entire_place,177.40000000000003,118.48989271051877,-0.13660281727347826,0.26238479007486587,0.2942921620522989,0.27581529438122154,0.0,203,80.78817733990148,83.74384236453201,89.16256157635468,92.61083743842364
1651,48868630,raleigh,entire_place,73.99999999999997,65.06769741045699,-0.13660281727347826,0.14778780493476681,0.2027220937547039,-0.11056950547021101,0.0,203,57.14285714285714,55.66502463054187,36.94581280788177,56.65024630541872
1652,49125577,raleigh,entire_place,140.3,141.14135241106746,-0.13660281727347826,0.2867279045717546,0.3015648299069069,0.41778972605798503,0.0,203,85.22167487684729,90.88669950738915,95.07389162561576,97.04433497536947
1653,49209639,raleigh,entire_place,65.29999999999998,68.9321406859397,-0.13660281727347826,0.3052999967252897,0.09424942377054764,-0.10276360886685405,0.0,203,87.192118226601,29.064039408866993,37.93103448275862,63.54679802955665
1654,49275349,raleigh,entire_place,97.90000000000002,52.3403229326974,-0.13660281727347826,-0.12821277480288912,0.1975875617167755,-0.043421755404856224,0.0,203,12.068965517241379,44.58128078817734,52.21674876847291,38.91625615763547
1655,49415399,raleigh,entire_place,61.00000000000001,41.436463497311955,-0.13660281727347826,-0.16929276081791836,-0.2702246112001961,0.23678581136443683,0.0,203,7.142857142857142,15.763546798029557,86.69950738916256,20.689655172413794
1656,49483511,raleigh,entire_place,32.5,40.03862774112464,-0.13660281727347826,-0.1452803230985987,0.20184793408583163,-0.2927933892486593,0.0,203,9.852216748768473,51.231527093596064,1.2315270935960592,18.226600985221676
1657,49566049,raleigh,entire_place,6.2,29.169691687939082,-0.13660281727347826,0.27759984005433963,-0.5599952272469381,-0.26150632030658,0.0,203,84.23645320197043,7.8817733990147785,11.822660098522167,7.8817733990147785
1658,49664195,raleigh,entire_place,108.60000000000002,89.12451409826227,-0.13660281727347826,0.2283877603058434,0.3000038304982064,0.022061071908607413,0.0,203,73.64532019704434,89.90147783251231,63.54679802955665,81.2807881773399
1659,49815883,raleigh,entire_place,124.29999999999998,100.59846865026643,-0.13660281727347826,0.2283877603058434,0.29375517825570596,0.14814598267153717,0.0,203,73.64532019704434,81.5270935960591,81.77339901477832,87.68472906403942
1660,50193025,raleigh,entire_place,54.3,33.66030810923167,-0.13660281727347826,0.2694295512005575,-0.5593208755023795,-0.11525304343222517,0.0,203,81.77339901477832,8.374384236453201,36.45320197044335,10.83743842364532
1661,50348851,raleigh,entire_place,177.50000000000009,56.9105108451673,-0.13660281727347826,0.22761639081677307,-0.23163240547961406,0.11217537576744371,0.0,203,72.9064039408867,17.733990147783253,76.84729064039408,43.34975369458128
1662,50575323,raleigh,entire_place,154.7,95.56981556069675,-0.13660281727347826,0.040534266358223214,0.18215750462294178,0.3968349116353336,0.0,203,40.39408866995074,35.467980295566505,94.08866995073892,85.22167487684729
1663,50656138,raleigh,entire_place,92.60000000000002,112.52845364541956,-0.13660281727347826,0.3244126532924074,0.19370240890566232,0.2631988947585474,0.0,203,89.65517241379311,40.39408866995074,88.17733990147784,92.11822660098522
1664,50812497,raleigh,entire_place,97.99999999999999,73.37952177961654,-0.13660281727347826,-0.08348326495654473,0.29375517825570596,0.14816920429762037,0.0,203,18.7192118226601,81.5270935960591,82.26600985221675,67.98029556650246
1665,50832793,raleigh,entire_place,11.9,27.904396644067084,-0.13660281727347826,0.202230342613034,-0.6549889722305258,-0.13398719528028186,0.0,203,69.70443349753694,4.433497536945813,32.26600985221675,6.896551724137931
1666,50892707,raleigh,entire_place,30.0,30.39938502097779,-0.13660281727347826,0.14885165608109105,-0.560944314887428,-0.09185857524823757,0.0,203,57.635467980295566,7.389162561576355,40.39408866995074,8.866995073891626
1667,50935756,raleigh,entire_place,26.099999999999998,21.432969398209835,-0.13660281727347826,-0.0028833095854681598,-0.8048310068236199,-0.032493500160156494,0.0,203,33.004926108374384,1.477832512315271,55.172413793103445,1.9704433497536946
1668,50990680,raleigh,entire_place,48.99999999999999,45.293639062056506,-0.13660281727347826,-0.16929276081791836,0.29782765099586317,-0.24426986525054323,0.0,203,7.142857142857142,87.68472906403942,18.7192118226601,29.064039408866993
1669,50993368,raleigh,entire_place,195.59999999999997,146.90618643666866,-0.13660281727347826,0.43667204850384433,0.2944952383020447,0.3146713690885368,0.0,203,99.50738916256158,85.22167487684729,91.13300492610837,98.0295566502463
1670,50994949,raleigh,entire_place,76.69999999999997,58.10375885363389,-0.13660281727347826,-0.009449182879343335,0.20334591381832925,-0.06534174842290717,0.0,203,30.541871921182267,58.86699507389162,46.30541871921182,44.827586206896555
1671,51032668,raleigh,entire_place,8.3,34.33217570316339,-0.13660281727347826,0.12790377887857873,-0.6604975644266875,0.14664828587951728,0.0,203,54.679802955665025,2.955665024630542,80.78817733990148,11.330049261083744
1672,51177997,raleigh,entire_place,43.39999999999999,50.222492301004976,-0.13660281727347826,0.2702009206896278,-0.6511656796959058,0.36640395588273045,0.0,203,82.26600985221675,5.665024630541872,92.11822660098522,35.960591133004925
1673,51324287,raleigh,entire_place,66.89999999999999,79.96762957437463,-0.13660281727347826,0.1873077742908142,0.2936302983030099,-0.03762817413875997,0.0,203,65.76354679802957,79.80295566502463,53.94088669950739,74.8768472906404
1674,51688287,raleigh,entire_place,79.5,70.61143820215122,-0.13660281727347826,0.22630445691412004,0.16898312113805067,-0.07477230687558699,0.0,203,72.41379310344827,33.004926108374384,43.34975369458128,65.51724137931035
1675,51841190,raleigh,entire_place,98.90000000000002,71.1617092021292,-0.13660281727347826,0.2540662901668364,0.15817963040244976,-0.08407590027096383,0.0,203,78.81773399014779,32.01970443349754,41.6256157635468,66.99507389162561
1676,51871838,raleigh,entire_place,191.60000000000002,106.81042259391913,-0.13660281727347826,0.4615175322940007,0.29442953000026456,-0.026312265406122432,0.0,203,100.0,84.72906403940887,56.40394088669951,90.14778325123153
1677,51919056,raleigh,entire_place,59.60000000000002,76.72927207301213,-0.13660281727347826,0.1873077742908142,0.28830902603589226,-0.07312442340018088,0.0,203,65.76354679802957,73.89162561576354,43.84236453201971,70.44334975369459
1678,52058778,raleigh,entire_place,73.29999999999998,66.15384219812267,-0.13660281727347826,0.11642084675166037,0.15403623559189436,-0.01421048432868912,0.0,203,51.724137931034484,31.03448275862069,57.635467980295566,58.128078817733986
1679,52088820,raleigh,other_specialty,12.300000000000002,48.79661064331339,-0.13660281727347826,0.04394678133344092,0.18575865763192784,-0.2724980580799312,0.0,4,100.0,100.0,75.0,100.0
1680,52225418,raleigh,entire_place,81.10000000000002,40.16278463746078,-0.13660281727347826,-0.2548714516038044,-0.031207310413245856,0.05287378320801416,0.0,203,1.7241379310344827,23.15270935960591,67.98029556650246,18.7192118226601
1681,52296361,raleigh,entire_place,43.50000000000001,41.728879247816906,-0.13660281727347826,-0.18680100182512915,0.1915800294096845,-0.20064354842647905,0.0,203,4.926108374384237,37.4384236453202,26.60098522167488,21.182266009852217
1682,52372656,raleigh,entire_place,76.89999999999998,83.46663621033338,-0.13660281727347826,0.3110328239483282,0.20290883398389312,-0.028324580743383124,0.0,203,88.17733990147784,56.40394088669951,55.66502463054187,76.84729064039408
1683,52471118,raleigh,entire_place,65.70000000000002,84.4339118323497,-0.13660281727347826,0.16742374823462608,0.29394249818475,0.035637328151977385,0.0,203,62.5615763546798,83.00492610837439,65.02463054187191,77.33990147783251
1684,52497516,raleigh,entire_place,173.59999999999994,141.0761397949856,-0.13660281727347826,0.35995242203957056,0.396546086895225,0.24912505924642173,0.0,203,93.10344827586206,98.52216748768473,87.68472906403942,96.55172413793103
1685,52539058,raleigh,entire_place,77.1,73.71206693502285,-0.13660281727347826,0.18939107768253755,0.30593701453353467,-0.13242601595961045,0.0,203,66.99507389162561,95.07389162561576,33.004926108374384,68.96551724137932
1686,52586829,raleigh,entire_place,64.29999999999998,29.732617983316427,-0.13660281727347826,-0.18811293572778223,-0.2705492990772058,-0.06675274106019233,0.0,203,4.433497536945813,15.270935960591133,45.812807881773395,8.374384236453201
1687,52619557,raleigh,entire_place,103.89999999999998,69.1813912159335,-0.13660281727347826,0.1886197081934672,0.1973378018113834,-0.08561385796555199,0.0,203,66.50246305418719,43.84236453201971,40.88669950738916,65.02463054187191
1688,52689426,raleigh,entire_place,12.5,76.08791907639879,-0.13660281727347826,0.15435367822864202,0.2878719462014561,-0.04801858921213567,0.0,203,59.60591133004927,72.66009852216749,51.231527093596064,69.95073891625616
1689,52693596,raleigh,entire_place,61.59999999999997,94.29206546076443,-0.13660281727347826,0.15512504771771232,0.29350541835031385,0.15757654112421698,0.0,203,60.09852216748769,78.07881773399015,84.23645320197043,83.74384236453201
1690,52698075,raleigh,entire_place,195.49999999999997,121.24752316648,-0.13660281727347826,0.2338897824533944,0.1979622015748636,0.4234563422667783,0.0,203,74.8768472906404,46.79802955665024,96.05911330049261,95.07389162561576
1691,52719743,raleigh,entire_place,143.20000000000002,146.83549166565692,-0.13660281727347826,0.24273156909416538,0.3015648299069069,0.5010641722837585,0.0,203,77.33990147783251,90.88669950738915,96.55172413793103,97.53694581280789
1692,52720823,raleigh,entire_place,81.89999999999999,60.69102294614176,-0.13660281727347826,0.08651403352545434,0.20328347384198123,-0.11839862369965118,0.0,203,47.29064039408867,58.128078817733986,35.960591133004925,49.75369458128079
1693,52733531,raleigh,entire_place,41.89999999999999,103.90233715209534,-0.13660281727347826,0.2934863878208022,0.39760756649314133,0.011196299192559182,0.0,203,85.71428571428571,99.50738916256158,62.5615763546798,89.16256157635468
1694,52749818,raleigh,entire_place,29.099999999999998,48.13601182716317,-0.13660281727347826,0.16688318382104333,0.036978102636750027,-0.2600086235145601,0.0,203,62.06896551724138,27.093596059113302,12.31527093596059,33.99014778325123
1695,52769251,raleigh,entire_place,84.59999999999997,80.4131673170488,-0.13660281727347826,0.10095771401585779,0.2933180984212698,0.05452166668342027,0.0,203,49.75369458128079,76.84729064039408,68.4729064039409,75.36945812807882
1696,52774090,raleigh,entire_place,66.5,43.16087930467729,-0.13660281727347826,-0.1023034398664086,0.20253419412580498,-0.26313098215590286,0.0,203,16.748768472906402,54.679802955665025,10.83743842364532,23.645320197044335
1697,52859817,raleigh,entire_place,114.89999999999996,98.1293143371355,-0.13660281727347826,0.2846446011800312,0.2878719462014561,0.07316911437674221,0.0,203,84.72906403940887,72.66009852216749,73.39901477832512,86.69950738916256
1698,2412694,williamsburg,entire_place,86.69999999999997,56.52098465675951,-0.375038041652894,-0.05261247228609593,0.29418303842030463,0.09827494856478743,0.0,180,75.0,70.55555555555556,66.11111111111111,76.66666666666667
1699,3188754,williamsburg,entire_place,87.10000000000002,59.08268116683668,-0.375038041652894,-0.23444686113403357,0.1905804100882613,0.42728376703931636,0.0,180,25.0,56.111111111111114,81.11111111111111,77.22222222222223
1700,5929718,williamsburg,entire_place,8.8,23.529817395620565,-0.375038041652894,-0.22244064227437377,-0.2434936291685033,-0.0464806315175475,0.0,180,27.22222222222222,23.88888888888889,15.555555555555555,14.444444444444443
1701,6181523,williamsburg,entire_place,16.0,25.427425280475795,-0.375038041652894,-0.16906195574243077,-0.22548178114293532,-0.04335827287620472,0.0,180,50.83333333333333,28.333333333333332,18.055555555555554,21.666666666666668
1702,6598569,williamsburg,private_room,60.1,55.67120768882709,-0.375038041652894,-0.06782752226556966,0.3015648299069069,0.09122465613691352,0.0,31,77.41935483870968,83.87096774193549,90.32258064516128,90.32258064516128
1703,7362372,williamsburg,entire_place,11.500000000000002,25.921921987426945,-0.375038041652894,-0.16852139132884805,-0.21997318894677365,-0.030868838310833608,0.0,180,53.05555555555556,33.33333333333333,29.166666666666668,25.0
1704,7525393,williamsburg,entire_place,47.29999999999999,27.063610973054868,-0.375038041652894,-0.11674712035681202,-0.2192863492069454,-0.041797093555533335,0.0,180,63.888888888888886,35.55555555555556,20.555555555555554,28.888888888888886
1705,8288095,williamsburg,entire_place,26.9,27.243990164869977,-0.375038041652894,-0.12247994757985056,-0.21963601307449432,-0.02930765899016222,0.0,180,63.33333333333333,34.44444444444444,31.38888888888889,29.444444444444446
1706,8445270,williamsburg,entire_place,11.0,25.403754031023986,-0.375038041652894,-0.1826725901619976,-0.2158896144936131,-0.04023591423486195,0.0,180,44.166666666666664,38.333333333333336,21.944444444444443,20.555555555555554
1707,8454005,williamsburg,entire_place,35.099999999999994,28.341003503875886,-0.375038041652894,-0.1962832245815644,-0.22125945245954287,0.08422433467874493,0.0,180,35.27777777777778,29.444444444444446,65.55555555555556,31.11111111111111
1708,8454196,williamsburg,entire_place,28.7,39.947482683154014,-0.375038041652894,-0.16852139132884805,-0.24628692275280223,0.41479433247394526,0.0,180,53.05555555555556,21.11111111111111,77.77777777777779,51.11111111111111
1709,8503768,williamsburg,entire_place,24.800000000000004,38.81020409227661,-0.375038041652894,-0.1826725901619976,0.19784980961743717,-0.04335827287620472,0.0,180,44.166666666666664,63.33333333333333,18.055555555555554,45.0
1710,8518609,williamsburg,entire_place,18.600000000000005,16.337620647877113,-0.375038041652894,-0.1826725901619976,-0.6552512201311874,-0.02150176238680527,0.0,180,44.166666666666664,9.444444444444445,41.11111111111111,6.111111111111111
1711,8549997,williamsburg,entire_place,20.499999999999996,24.56975845047938,-0.375038041652894,-0.1826725901619976,-0.24642429070076788,-0.041797093555533335,0.0,180,44.166666666666664,20.555555555555554,20.555555555555554,16.11111111111111
1712,8862508,williamsburg,entire_place,33.900000000000006,25.37255528343268,-0.375038041652894,-0.17639919852537628,-0.2202229488521657,-0.04335827287620472,0.0,180,48.61111111111111,32.22222222222222,18.055555555555554,19.444444444444446
1713,9025788,williamsburg,entire_place,26.299999999999994,19.3638843703972,-0.375038041652894,-0.26848208602337126,-0.221696532293979,-0.20836274087510126,0.0,180,15.833333333333332,28.888888888888886,7.777777777777778,8.88888888888889
1714,9147558,williamsburg,entire_place,68.79999999999998,40.47781206335994,-0.375038041652894,-0.2883661120795593,0.2993045027631086,0.0019159274232655628,0.0,180,5.555555555555555,83.61111111111111,48.888888888888886,56.111111111111114
1715,9487338,williamsburg,entire_place,31.300000000000004,39.75073077268805,-0.375038041652894,-0.2826332848565208,0.2993045027631086,-0.02150176238680527,0.0,180,10.0,83.61111111111111,41.11111111111111,48.888888888888886
1716,9595397,williamsburg,entire_place,81.29999999999998,42.630869696903225,-0.375038041652894,-0.20828944344122424,0.2985769307120394,-0.02682688395136323,0.0,180,31.11111111111111,75.55555555555556,35.55555555555556,63.33333333333333
1717,11631750,williamsburg,entire_place,34.60000000000001,38.32273224101135,-0.375038041652894,-0.26848208602337126,-0.21959854908868554,0.4475790982080444,0.0,180,15.833333333333332,35.0,85.55555555555556,41.66666666666667
1718,11755982,williamsburg,entire_place,25.2,38.69975551092928,-0.375038041652894,-0.30251731091270884,0.2993045027631086,-0.027746479669490825,0.0,180,1.3888888888888888,83.61111111111111,33.88888888888889,43.888888888888886
1719,12271146,williamsburg,entire_place,84.3,42.534642185785216,-0.375038041652894,-0.09082050773949023,0.06791233175666322,0.08416085215009343,0.0,180,68.88888888888889,48.333333333333336,65.0,62.77777777777778
1720,12352180,williamsburg,entire_place,41.2,61.700577345603975,-0.375038041652894,-0.024664232858817088,0.3941733677940002,0.056557203646764184,0.0,180,84.44444444444444,95.55555555555556,57.77777777777777,81.66666666666667
1721,12760196,williamsburg,entire_place,116.00000000000003,46.91233173255755,-0.375038041652894,0.13027956392755602,-0.040135359373252286,0.06692439709405666,0.0,180,93.88888888888889,46.111111111111114,60.0,70.55555555555556
1722,13055483,williamsburg,entire_place,22.600000000000005,38.69975551092928,-0.375038041652894,-0.30251731091270884,0.2993045027631086,-0.027746479669490825,0.0,180,1.3888888888888888,83.61111111111111,33.88888888888889,43.888888888888886
1723,13192779,williamsburg,entire_place,34.60000000000001,38.69975551092928,-0.375038041652894,-0.30251731091270884,0.2993045027631086,-0.027746479669490825,0.0,180,1.3888888888888888,83.61111111111111,33.88888888888889,43.888888888888886
1724,13393135,williamsburg,entire_place,5.199999999999999,25.445548743821156,-0.375038041652894,-0.2883661120795593,-0.11798151200450924,-0.030868838310833608,0.0,180,5.555555555555555,45.55555555555556,29.166666666666668,22.22222222222222
1725,13407807,williamsburg,entire_place,14.900000000000004,38.641812597245966,-0.375038041652894,-0.2883661120795593,0.2993045027631086,-0.04335827287620472,0.0,180,5.555555555555555,83.61111111111111,18.055555555555554,42.77777777777778
1726,13444688,williamsburg,entire_place,28.799999999999997,39.202735829591404,-0.375038041652894,-0.2883661120795593,0.2993045027631086,-0.02930765899016222,0.0,180,5.555555555555555,83.61111111111111,31.38888888888889,46.111111111111114
1727,13444851,williamsburg,entire_place,14.799999999999997,14.457863811888423,-0.375038041652894,-0.2883661120795593,-0.6549515082447169,-0.030868838310833608,0.0,180,5.555555555555555,10.0,29.166666666666668,2.2222222222222223
1728,13448109,williamsburg,entire_place,50.0,72.38643014669829,-0.375038041652894,-0.16355993359487983,0.28692612688639835,0.46006853277341553,0.0,180,56.111111111111114,67.22222222222223,88.33333333333333,91.11111111111111
1729,13511160,williamsburg,entire_place,5.6,25.425741052241726,-0.375038041652894,-0.2883661120795593,-0.11873079172068549,-0.030868838310833608,0.0,180,5.555555555555555,42.5,29.166666666666668,21.11111111111111
1730,13706391,williamsburg,entire_place,7.9,41.84181515194675,-0.375038041652894,-0.20201605180460291,0.2827787261746235,-0.03555237627284777,0.0,180,32.77777777777778,66.66666666666666,26.38888888888889,62.22222222222222
1731,13730189,williamsburg,entire_place,34.4,14.964021104570032,-0.375038041652894,-0.1826553124811563,-0.6566748515919223,-0.10263664380955106,0.0,180,46.666666666666664,6.666666666666667,13.333333333333334,3.3333333333333335
1732,13741906,williamsburg,private_room,15.400000000000002,8.734564241858468,-0.375038041652894,-0.38257670187020265,-0.560944314887428,-0.4931004245057956,0.0,31,3.225806451612903,9.67741935483871,3.225806451612903,3.225806451612903
1733,13811224,williamsburg,entire_place,208.79999999999995,64.57750466084242,-0.375038041652894,0.0993705761367921,0.29782765099586317,0.07373017617414944,0.0,180,91.94444444444444,71.11111111111111,60.55555555555555,86.11111111111111
1734,13867649,williamsburg,entire_place,13.7,44.16846579793614,-0.375038041652894,-0.10653172323162165,-0.2632478392005797,0.4678744293767725,0.0,180,65.0,16.11111111111111,89.44444444444444,67.22222222222223
1735,13883452,williamsburg,entire_place,8.8,41.72046163725684,-0.375038041652894,-0.23605127669394055,0.28275375018408433,-0.004328789859419994,0.0,180,24.166666666666668,66.11111111111111,48.333333333333336,61.111111111111114
1736,14122344,williamsburg,entire_place,95.60000000000002,84.78123326684529,-0.375038041652894,-0.13035775477637884,0.3941733677940002,0.47568032598012944,0.0,180,62.22222222222222,95.55555555555556,93.61111111111111,96.66666666666667
1737,14234475,williamsburg,entire_place,15.900000000000004,15.417273224967559,-0.375038041652894,-0.15153643705437875,-0.6566748515919223,-0.10575900245089384,0.0,180,58.88888888888889,6.666666666666667,12.777777777777777,4.444444444444445
1738,14251373,williamsburg,other_specialty,158.60000000000002,57.1507991101568,-0.375038041652894,0.10271034063001214,0.19677584202425122,0.051249121358691266,0.0,1,100.0,100.0,100.0,100.0
1739,14252978,williamsburg,entire_place,7.599999999999999,36.4884959416567,-0.375038041652894,-0.23605127669394055,0.16928283302452118,-0.02150176238680527,0.0,180,24.166666666666668,50.55555555555556,41.11111111111111,39.44444444444444
1740,14788657,williamsburg,entire_place,120.3,53.705356696060875,-0.375038041652894,0.13232467219896424,0.29288101858683363,-0.13554837460095323,0.0,180,94.44444444444444,69.44444444444444,11.11111111111111,74.44444444444444
1741,15073094,williamsburg,entire_place,141.7,62.36344735395962,-0.375038041652894,0.16821239540453764,0.1920789695206138,0.07629147301808499,0.0,180,95.55555555555556,57.22222222222222,63.888888888888886,82.77777777777777
1742,15434689,williamsburg,entire_place,40.9,31.214163024262536,-0.375038041652894,0.0993705761367921,-0.13715066830208017,-0.2021180235924157,0.0,180,91.94444444444444,41.11111111111111,8.333333333333332,34.44444444444444
1743,15490423,williamsburg,entire_place,73.19999999999997,44.77489976749415,-0.375038041652894,0.02746419635223915,0.29870181066473545,-0.21473442321508984,0.0,180,90.0,76.11111111111111,7.222222222222221,69.44444444444444
1744,15499165,williamsburg,entire_place,4.3999999999999995,15.007585861053798,-0.375038041652894,-0.30251731091270884,-0.6558131799183196,0.019088899950650842,0.0,180,1.3888888888888888,8.055555555555555,53.888888888888886,3.888888888888889
1745,16490840,williamsburg,entire_place,6.900000000000002,27.680220785979397,-0.375038041652894,-0.09686309430062394,-0.245537643036626,-0.013695865783448329,0.0,180,66.38888888888889,22.22222222222222,44.44444444444444,30.555555555555557
1746,16515105,williamsburg,entire_place,74.10000000000002,24.466360115893647,-0.375038041652894,-0.2365918411075233,-0.23090295737220978,-0.00745114850076277,0.0,180,23.333333333333332,27.77777777777778,47.22222222222222,15.555555555555555
1747,16532367,williamsburg,entire_place,30.699999999999996,37.71652510977435,-0.375038041652894,-0.21456283507784552,0.19095504994634943,-0.03243001763150499,0.0,180,28.888888888888886,56.666666666666664,27.77777777777778,40.0
1748,16577509,williamsburg,entire_place,85.59999999999997,94.61913087394687,-0.375038041652894,-0.16385241525213373,0.3941733677940002,0.6177476441612259,0.0,180,55.27777777777778,95.55555555555556,100.0,97.22222222222221
1749,17041341,williamsburg,hotel_or_hosted_lodging,82.19999999999999,24.710466413717718,-0.375038041652894,-0.19521937343524015,0.20209711429136884,-0.47228389548647515,0.0,3,100.0,83.33333333333334,100.0,100.0
1750,17444216,williamsburg,entire_place,121.99999999999994,75.39606277440518,-0.375038041652894,-0.18534085686822876,0.3941733677940002,0.41479433247394526,0.0,180,40.55555555555556,95.55555555555556,77.77777777777779,91.66666666666666
1751,17551143,williamsburg,private_room,15.700000000000003,21.688672200177287,-0.375038041652894,-0.16852139132884805,-0.23740324557643744,-0.1845139022572977,0.0,31,67.74193548387096,12.903225806451612,74.19354838709677,48.38709677419355
1752,17714877,williamsburg,private_room,42.9,19.265208908830733,-0.375038041652894,-0.32240133696889695,0.07793047652741827,-0.4589278877604944,0.0,31,9.67741935483871,48.38709677419355,17.741935483870968,35.483870967741936
1753,17726778,williamsburg,private_room,112.3,16.218260057625365,-0.375038041652894,-0.2826332848565208,-0.15293740281735735,-0.430763177459758,0.0,31,29.03225806451613,29.03225806451613,35.483870967741936,22.58064516129032
1754,17729669,williamsburg,private_room,61.799999999999976,19.988221694232678,-0.375038041652894,-0.288906676493142,0.07793047652741827,-0.4573667084398231,0.0,31,19.35483870967742,48.38709677419355,25.806451612903224,38.70967741935484
1755,17731943,williamsburg,private_room,26.0,16.31963738186788,-0.375038041652894,-0.2485980599671831,-0.15293740281735735,-0.4589278877604944,0.0,31,48.38709677419355,29.03225806451613,17.741935483870968,25.806451612903224
1756,17777659,williamsburg,hotel_or_hosted_lodging,41.39999999999999,8.858436567218954,-0.375038041652894,-0.2826332848565208,-0.4468060595372009,-0.6945373798049722,0.0,3,66.66666666666666,33.33333333333333,66.66666666666666,33.33333333333333
1757,18247334,williamsburg,entire_place,96.70000000000002,80.64853584099791,-0.375038041652894,-0.2109577101474554,0.3941733677940002,0.5069039123935573,0.0,180,29.444444444444446,95.55555555555556,96.11111111111111,95.0
1758,18784359,williamsburg,entire_place,150.80000000000004,70.35299101081227,-0.375038041652894,0.32256015497617163,0.2995043106874222,-0.06672951943410912,0.0,180,99.44444444444444,90.0,14.444444444444443,89.44444444444444
1759,18849046,williamsburg,private_room,17.499999999999996,10.346676481202195,-0.375038041652894,-0.23002596781364815,-0.6554385400602315,-0.3979149291970073,0.0,31,54.83870967741935,4.838709677419355,45.16129032258064,6.451612903225806
1760,18852745,williamsburg,entire_place,142.39999999999995,99.94503819846742,-0.375038041652894,-0.051885501697950684,0.3941733677940002,0.5599840092963845,0.0,180,75.55555555555556,95.55555555555556,97.22222222222221,98.88888888888889
1761,18907759,williamsburg,entire_place,10.9,43.10709114571376,-0.375038041652894,-0.2826332848565208,-0.11873079172068549,0.47568032598012944,0.0,180,10.0,42.5,93.61111111111111,64.44444444444444
1762,18948127,williamsburg,entire_place,21.6,43.82435819914393,-0.375038041652894,-0.09214971932298455,0.06261583134043121,0.11998127237080067,0.0,180,67.77777777777779,47.77777777777778,68.33333333333333,66.11111111111111
1763,19064995,williamsburg,entire_place,74.79999999999998,62.93202959020176,-0.375038041652894,-0.2826332848565208,0.2993045027631086,0.4288449463599878,0.0,180,10.0,83.61111111111111,81.94444444444444,83.88888888888889
1764,19205320,williamsburg,entire_place,51.20000000000001,76.20357386892756,-0.375038041652894,-0.0923805243984721,0.2726981414275204,0.45382381549073003,0.0,180,67.22222222222223,64.44444444444444,87.77777777777777,92.77777777777779
1765,19590495,williamsburg,entire_place,67.5,41.08947354468561,-0.375038041652894,-0.2826332848565208,-0.11871830372541589,0.4288449463599878,0.0,180,10.0,44.166666666666664,81.94444444444444,58.88888888888889
1766,19603205,williamsburg,entire_place,105.89999999999996,63.031916903442685,-0.375038041652894,-0.2826332848565208,0.2993045027631086,0.43040612568065917,0.0,180,10.0,83.61111111111111,83.05555555555556,84.44444444444444
1767,19783540,williamsburg,entire_place,27.5,36.32285291972783,-0.375038041652894,-0.26848208602337126,-0.24837782160118477,0.42416140839797367,0.0,180,15.833333333333332,19.444444444444446,80.55555555555556,38.88888888888889
1768,19949892,williamsburg,entire_place,19.7,65.02664003845868,-0.375038041652894,-0.15491075690928124,0.19757507372150587,0.4350896636426733,0.0,180,57.49999999999999,61.38888888888889,84.16666666666667,86.66666666666667
1769,19959806,williamsburg,entire_place,6.400000000000001,39.33047390080921,-0.375038041652894,-0.2883661120795593,0.299354454744187,-0.026185300348819437,0.0,180,5.555555555555555,89.44444444444444,37.77777777777778,47.22222222222222
1770,19965943,williamsburg,entire_place,20.499999999999996,41.13043614891156,-0.375038041652894,-0.2883661120795593,0.2993045027631086,0.017527720629979454,0.0,180,5.555555555555555,83.61111111111111,53.333333333333336,59.44444444444444
1771,19968576,williamsburg,entire_place,24.700000000000003,39.90321254293846,-0.375038041652894,-0.2742149132464098,0.2993045027631086,-0.026185300348819437,0.0,180,11.944444444444445,83.61111111111111,37.77777777777778,50.27777777777778
1772,19977553,williamsburg,entire_place,8.500000000000002,25.343359091256577,-0.375038041652894,-0.2883661120795593,-0.11873079172068549,-0.03399119695217638,0.0,180,5.555555555555555,42.5,27.22222222222222,18.88888888888889
1773,19977568,williamsburg,entire_place,11.300000000000002,39.90321254293846,-0.375038041652894,-0.2742149132464098,0.2993045027631086,-0.026185300348819437,0.0,180,11.944444444444445,83.61111111111111,37.77777777777778,50.27777777777778
1774,19977577,williamsburg,entire_place,21.8,40.13837702793265,-0.375038041652894,-0.26848208602337126,0.2993045027631086,-0.026185300348819437,0.0,180,15.833333333333332,83.61111111111111,37.77777777777778,53.61111111111111
1775,19977778,williamsburg,entire_place,109.9,66.84636972836797,-0.375038041652894,-0.26848208602337126,0.2993045027631086,0.4741191466594581,0.0,180,15.833333333333332,83.61111111111111,91.66666666666666,88.88888888888889
1776,19977792,williamsburg,entire_place,109.09999999999995,63.944487043005815,-0.375038041652894,-0.26848208602337126,0.2993045027631086,0.43040612568065917,0.0,180,15.833333333333332,83.61111111111111,83.05555555555556,85.55555555555556
1777,19978006,williamsburg,entire_place,57.89999999999998,65.6145507719308,-0.375038041652894,-0.2883661120795593,0.2993045027631086,0.47568032598012944,0.0,180,5.555555555555555,83.61111111111111,93.61111111111111,87.22222222222223
1778,19984550,williamsburg,private_room,12.899999999999999,18.349029063225927,-0.375038041652894,-0.09657061264337004,-0.6554385400602315,0.0023470762309983073,0.0,31,74.19354838709677,4.838709677419355,83.87096774193549,32.25806451612903
1779,20031625,williamsburg,entire_place,6.499999999999999,26.041086934809243,-0.375038041652894,-0.26848208602337126,-0.11871830372541589,-0.027746479669490825,0.0,180,15.833333333333332,44.166666666666664,33.88888888888889,25.555555555555554
1780,20031636,williamsburg,entire_place,79.60000000000002,40.83373623128803,-0.375038041652894,-0.2485980599671831,0.2993045027631086,-0.02930765899016222,0.0,180,22.22222222222222,83.61111111111111,31.38888888888889,57.77777777777777
1781,20052973,williamsburg,entire_place,26.8,39.437940313427305,-0.375038041652894,-0.26848208602337126,0.2993045027631086,-0.04335827287620472,0.0,180,15.833333333333332,83.61111111111111,18.055555555555554,47.77777777777778
1782,20052986,williamsburg,entire_place,15.700000000000003,14.77933846464761,-0.375038041652894,-0.26848208602337126,-0.6558131799183196,-0.02930765899016222,0.0,180,15.833333333333332,8.055555555555555,31.38888888888889,2.7777777777777777
1783,20120313,williamsburg,entire_place,51.300000000000004,39.26554852758787,-0.375038041652894,-0.2883661120795593,0.2993045027631086,-0.027746479669490825,0.0,180,5.555555555555555,83.61111111111111,33.88888888888889,46.666666666666664
1784,20146628,williamsburg,entire_place,25.699999999999996,37.818402986582704,-0.375038041652894,-0.22190007786079102,0.17906370588515375,-0.010573507142105545,0.0,180,27.77777777777778,51.11111111111111,45.27777777777778,40.55555555555556
1785,20188537,williamsburg,entire_place,17.1,26.262782021102304,-0.375038041652894,0.20379656305262583,-0.34907208369720055,-0.26150632030658,0.0,180,96.66666666666667,14.444444444444443,1.6666666666666667,26.666666666666668
1786,20479320,williamsburg,entire_place,6.0,12.643095435891182,-0.375038041652894,-0.1946788090216574,-0.6554385400602315,-0.24895340321255738,0.0,180,37.77777777777778,8.88888888888889,2.7777777777777777,1.6666666666666667
1787,21767378,williamsburg,entire_place,29.4,40.75453947629764,-0.375038041652894,-0.19574266016798164,-0.23701611772307973,0.4522626361700587,0.0,180,36.666666666666664,27.22222222222222,87.22222222222223,57.22222222222222
1788,21780644,williamsburg,entire_place,39.199999999999996,41.804535097146115,-0.375038041652894,-0.16852139132884805,-0.23784032541087358,0.4507014568493872,0.0,180,53.05555555555556,25.555555555555554,86.66666666666667,61.66666666666667
1789,22483028,williamsburg,private_room,51.00000000000001,14.961875834008909,-0.375038041652894,-0.3286747286055182,-0.15293740281735735,-0.4604890670811659,0.0,31,6.451612903225806,29.03225806451613,9.67741935483871,9.67741935483871
1790,22630093,williamsburg,entire_place,42.20000000000001,9.749185924067742,-0.375038041652894,-0.2025393385373444,-0.8875427309366979,-0.24739222389188598,0.0,180,32.22222222222222,1.1111111111111112,3.3333333333333335,1.1111111111111112
1791,22883592,williamsburg,entire_place,45.500000000000014,40.13837702793265,-0.375038041652894,-0.26848208602337126,0.2993045027631086,-0.026185300348819437,0.0,180,15.833333333333332,83.61111111111111,37.77777777777778,53.61111111111111
1792,22980546,williamsburg,entire_place,75.1,60.280952919290385,-0.375038041652894,-0.20883000785480693,0.19720043386341776,0.41479433247394526,0.0,180,30.277777777777775,59.166666666666664,77.77777777777779,78.88888888888889
1793,22985086,williamsburg,entire_place,11.599999999999998,39.96913159634776,-0.375038041652894,-0.2543308871902217,-0.22083486062037633,0.47568032598012944,0.0,180,20.833333333333336,30.277777777777775,93.61111111111111,51.94444444444445
1794,23525358,williamsburg,hotel_or_hosted_lodging,76.00000000000003,17.38777099871251,-0.375038041652894,-0.30037233093921917,0.20209711429136884,-0.7023432764083292,0.0,3,33.33333333333333,83.33333333333334,33.33333333333333,66.66666666666666
1795,23698101,williamsburg,entire_place,109.30000000000001,61.1647849956157,-0.375038041652894,-0.18213202574841486,0.18482205798670753,0.41479433247394526,0.0,180,47.22222222222222,53.05555555555556,77.77777777777779,80.0
1796,24006342,williamsburg,entire_place,20.7,31.47346010008995,-0.375038041652894,0.21896721413117454,-0.3497729232993807,-0.10107546448887968,0.0,180,97.22222222222221,13.88888888888889,13.88888888888889,35.55555555555556
1797,24513302,williamsburg,entire_place,17.600000000000005,40.00951782077787,-0.375038041652894,0.23622737238205652,-0.23976579379133567,0.005038286064608339,0.0,180,98.33333333333333,24.444444444444443,49.72222222222222,52.77777777777778
1798,25159826,williamsburg,entire_place,105.4,62.428647047265976,-0.375038041652894,-0.1946788090216574,0.19720043386341776,0.4350896636426733,0.0,180,37.77777777777778,59.166666666666664,84.16666666666667,83.33333333333334
1799,25326413,williamsburg,private_room,58.6,33.73280315614325,-0.375038041652894,-0.26848208602337126,0.2993045027631086,-0.19544215750199742,0.0,31,41.935483870967744,75.80645161290323,64.51612903225806,66.12903225806451
1800,26244317,williamsburg,entire_place,29.000000000000004,38.87956451508012,-0.375038041652894,-0.19132176684759616,0.18482205798670753,-0.01994058306613388,0.0,180,39.44444444444444,53.05555555555556,43.05555555555556,45.55555555555556
1801,26838830,williamsburg,private_room,56.300000000000004,32.097737332067695,-0.375038041652894,0.025611698036003355,0.06774190914959817,-0.3061930027653331,0.0,31,100.0,41.935483870967744,58.06451612903226,61.29032258064516
1802,27060315,williamsburg,entire_place,8.2,26.352075364439443,-0.375038041652894,-0.15491075690928124,-0.2380276453399176,-0.010573507142105545,0.0,180,57.49999999999999,25.0,45.27777777777778,27.22222222222222
1803,27158331,williamsburg,entire_place,23.599999999999998,44.50090474851936,-0.375038041652894,-0.26848208602337126,0.19033122988272408,0.1835787494043066,0.0,180,15.833333333333332,55.55555555555556,70.55555555555556,68.33333333333333
1804,27492002,williamsburg,entire_place,42.99999999999999,27.50234818694363,-0.375038041652894,-0.13006527311912494,-0.23729085361901103,0.005038286064608339,0.0,180,62.77777777777778,26.666666666666668,49.72222222222222,30.0
1805,28002664,williamsburg,private_room,17.4,20.501165812859732,-0.375038041652894,-0.23444686113403357,-0.2195236211170679,-0.19022667730979345,0.0,31,51.61290322580645,16.129032258064516,70.96774193548387,45.16129032258064
1806,28044216,williamsburg,entire_place,7.100000000000001,25.57523474717447,-0.375038041652894,-0.17639919852537628,-0.21881180538670048,-0.03711355559351916,0.0,180,48.61111111111111,36.666666666666664,24.444444444444443,23.88888888888889
1807,28079276,williamsburg,entire_place,7.5,25.452283128276537,-0.375038041652894,-0.1826725901619976,-0.21873687741508285,-0.03555237627284777,0.0,180,44.166666666666664,37.22222222222222,26.38888888888889,22.77777777777778
1808,28172758,williamsburg,entire_place,11.4,39.96913159634776,-0.375038041652894,-0.2543308871902217,-0.22083486062037633,0.47568032598012944,0.0,180,20.833333333333336,30.277777777777775,93.61111111111111,51.94444444444445
1809,28173800,williamsburg,entire_place,14.599999999999998,25.136787812547965,-0.375038041652894,-0.1962832245815644,-0.2140025409256366,-0.038674734914190545,0.0,180,35.27777777777778,39.44444444444444,22.77777777777778,17.77777777777778
1810,28176672,williamsburg,entire_place,18.100000000000005,19.889178610022185,-0.375038041652894,-0.20883000785480693,-0.21997318894677365,-0.24426986525054323,0.0,180,30.277777777777775,33.33333333333333,4.166666666666666,9.444444444444445
1811,29208710,williamsburg,entire_place,16.8,41.22183075019279,-0.375038041652894,-0.16852139132884805,-0.21563985458822105,0.41479433247394526,0.0,180,53.05555555555556,38.88888888888889,77.77777777777779,60.55555555555555
1812,29535034,williamsburg,entire_place,33.900000000000006,41.147025320633865,-0.375038041652894,-0.16852139132884805,-0.2174131499165048,0.41479433247394526,0.0,180,53.05555555555556,37.77777777777778,77.77777777777779,60.0
1813,30146359,williamsburg,entire_place,17.600000000000005,44.6867519393851,-0.375038041652894,-0.016245861248706098,0.1675470016820462,-0.041797093555533335,0.0,180,88.33333333333333,50.0,20.555555555555554,68.88888888888889
1814,31851111,williamsburg,entire_place,75.90000000000002,24.753853661948952,-0.375038041652894,-0.2548714516038044,-0.15293740281735735,-0.05591118997022733,0.0,180,19.444444444444446,40.0,15.0,16.666666666666664
1815,31926937,williamsburg,private_room,111.60000000000001,20.08735603859001,-0.375038041652894,-0.2826332848565208,0.07793047652741827,-0.4589278877604944,0.0,31,29.03225806451613,48.38709677419355,17.741935483870968,41.935483870967744
1816,31927353,williamsburg,private_room,101.30000000000003,15.68789127376641,-0.375038041652894,-0.2826332848565208,-0.15293740281735735,-0.46205024640183723,0.0,31,29.03225806451613,29.03225806451613,6.451612903225806,16.129032258064516
1817,31927500,williamsburg,private_room,51.699999999999996,17.731149020514763,-0.375038041652894,-0.30251731091270884,-0.15293740281735735,-0.3266617422435306,0.0,31,14.516129032258066,29.03225806451613,54.83870967741935,29.03225806451613
1818,31927639,williamsburg,private_room,14.999999999999998,15.792428499811143,-0.375038041652894,-0.2826332848565208,-0.15293740281735735,-0.45580552911915173,0.0,31,29.03225806451613,29.03225806451613,29.03225806451613,19.35483870967742
1819,31928189,williamsburg,private_room,33.4,15.410505607861486,-0.375038041652894,-0.30251731091270884,-0.15293740281735735,-0.4589278877604944,0.0,31,14.516129032258066,29.03225806451613,17.741935483870968,12.903225806451612
1820,33660829,williamsburg,entire_place,137.20000000000002,66.67416580996158,-0.375038041652894,0.3277696954664687,0.2930058985395297,-0.11837540207356795,0.0,180,100.0,70.0,11.666666666666666,88.33333333333333
1821,33740911,williamsburg,entire_place,22.800000000000004,25.39947738868953,-0.375038041652894,-0.1826725901619976,-0.219173957249519,-0.03711355559351916,0.0,180,44.166666666666664,36.11111111111111,24.444444444444443,20.0
1822,33801885,williamsburg,entire_place,38.599999999999994,40.34220024478402,-0.375038041652894,-0.1962832245815644,0.19757507372150587,0.008287609763254114,0.0,180,35.27777777777778,61.38888888888889,50.83333333333333,54.44444444444444
1823,33802090,williamsburg,entire_place,68.00000000000001,40.352010751437575,-0.375038041652894,-0.1962832245815644,0.19781234563162836,0.008287609763254114,0.0,180,35.27777777777778,62.5,50.83333333333333,55.00000000000001
1824,33828901,williamsburg,entire_place,56.1,48.48093455564102,-0.375038041652894,-0.21616725063775244,0.19781234563162836,0.20763802281692123,0.0,180,28.333333333333332,62.5,71.11111111111111,71.11111111111111
1825,33844662,williamsburg,entire_place,174.69999999999993,23.15590442189832,-0.375038041652894,-0.15597460805560545,-0.4503415484807651,0.0785406791934666,0.0,180,56.666666666666664,13.333333333333334,64.44444444444444,13.88888888888889
1826,33859475,williamsburg,entire_place,9.5,32.20721963273668,-0.375038041652894,-0.16906195574243077,0.19755009773096668,-0.23802514796785768,0.0,180,50.83333333333333,60.0,5.0,36.11111111111111
1827,33905487,williamsburg,entire_place,37.1,52.76007192212372,-0.375038041652894,-0.17329023910764385,0.18482205798670753,0.26069489809366525,0.0,180,50.0,53.05555555555556,72.77777777777777,71.66666666666667
1828,33932429,williamsburg,entire_place,48.499999999999986,38.485016846660486,-0.375038041652894,-0.16852139132884805,-0.23742822156697663,0.36956657542664145,0.0,180,53.05555555555556,26.111111111111114,75.0,42.22222222222222
1829,34088608,williamsburg,entire_place,48.499999999999986,34.60080271323259,-0.375038041652894,-0.04998860448078984,-0.560944314887428,0.4709967880181153,0.0,180,78.61111111111111,11.38888888888889,90.83333333333333,37.22222222222222
1830,34359228,williamsburg,private_room,29.000000000000004,47.05801569632226,-0.375038041652894,-0.2826332848565208,0.19720043386341776,0.24553747532076728,0.0,31,29.03225806451613,59.67741935483871,93.54838709677419,83.87096774193549
1831,34367450,williamsburg,entire_place,20.6,21.515761619334423,-0.375038041652894,-0.04998860448078984,-0.560944314887428,0.012844182667965285,0.0,180,78.61111111111111,11.38888888888889,52.5,12.222222222222221
1832,34542190,williamsburg,entire_place,3.0999999999999996,22.01520303773094,-0.375038041652894,-0.26848208602337126,-0.2674313176158971,-0.04023591423486195,0.0,180,15.833333333333332,15.0,21.944444444444443,13.333333333333334
1833,34603583,williamsburg,entire_place,24.6,21.967946337984998,-0.375038041652894,-0.030104578424601753,-0.560944314887428,0.012844182667965285,0.0,180,83.05555555555556,11.38888888888889,52.5,12.777777777777777
1834,34831638,williamsburg,entire_place,19.6,66.05079450209261,-0.375038041652894,-0.13925501421830622,0.18482205798670753,0.4475790982080444,0.0,180,60.55555555555555,53.05555555555556,85.55555555555556,87.77777777777777
1835,34981240,williamsburg,entire_place,115.69999999999996,35.75145176719969,-0.375038041652894,0.18103438265419286,-0.24426474041382523,-0.044896230570792894,0.0,180,96.11111111111111,23.333333333333332,16.11111111111111,38.333333333333336
1836,35278890,williamsburg,entire_place,34.699999999999996,42.89822096817796,-0.375038041652894,-0.14498784144134477,-0.2533171103967119,0.4678744293767725,0.0,180,60.0,18.88888888888889,89.44444444444444,63.888888888888886
1837,35682842,williamsburg,entire_place,38.199999999999996,43.81759206325812,-0.375038041652894,-0.09686309430062394,-0.03452911715496053,0.2216886367029637,0.0,180,66.38888888888889,46.666666666666664,71.66666666666667,65.55555555555556
1838,35736703,williamsburg,entire_place,25.2,25.524175663587165,-0.375038041652894,-0.17639919852537628,-0.22073495665821946,-0.03711355559351916,0.0,180,48.61111111111111,31.11111111111111,24.444444444444443,23.333333333333332
1839,35783461,williamsburg,entire_place,84.90000000000002,31.11525578727934,-0.375038041652894,-0.2044091145344215,0.19633876218981508,-0.23490278932651487,0.0,180,31.666666666666664,58.05555555555556,5.555555555555555,33.88888888888889
1840,36137997,williamsburg,entire_place,209.59999999999997,75.51873218627851,-0.375038041652894,-0.18373644130832179,0.3941733677940002,0.41479433247394526,0.0,180,41.388888888888886,95.55555555555556,77.77777777777779,92.22222222222223
1841,36407249,williamsburg,entire_place,88.40000000000002,59.29051795664522,-0.375038041652894,0.08030231847059939,0.20055084536309176,0.10601736263949288,0.0,180,91.11111111111111,63.888888888888886,66.66666666666666,77.77777777777779
1842,36417357,williamsburg,entire_place,8.8,24.818095062646993,-0.375038041652894,-0.17639919852537628,-0.24771595785189576,-0.03711355559351916,0.0,180,48.61111111111111,20.0,24.444444444444443,17.22222222222222
1843,36560859,williamsburg,entire_place,20.499999999999996,35.315774706220566,-0.375038041652894,-0.030104578424601753,-0.560944314887428,0.4709967880181153,0.0,180,83.05555555555556,11.38888888888889,90.83333333333333,37.77777777777778
1844,36561446,williamsburg,private_room,66.5,30.926589732397524,-0.375038041652894,-0.04294384335509822,0.16389242422689604,-0.3698137014249223,0.0,31,90.32258064516128,54.83870967741935,48.38709677419355,58.06451612903226
1845,36561470,williamsburg,private_room,118.20000000000002,57.78344235577714,-0.375038041652894,-0.04294384335509822,0.3941733677940002,0.01032638114382467,0.0,31,90.32258064516128,93.54838709677419,87.09677419354838,93.54838709677419
1846,36561502,williamsburg,private_room,71.1,50.661686629298245,-0.375038041652894,-0.04294384335509822,0.3941733677940002,-0.11881740573179637,0.0,31,90.32258064516128,93.54838709677419,80.64516129032258,87.09677419354838
1847,36561945,williamsburg,private_room,11.100000000000001,35.42115309902132,-0.375038041652894,-0.0628278694112863,0.2920692988943094,-0.34639601161485145,0.0,31,82.25806451612904,66.12903225806451,51.61290322580645,74.19354838709677
1848,36561974,williamsburg,private_room,41.89999999999999,44.226044223217144,-0.375038041652894,-0.0628278694112863,0.2920692988943094,-0.1298726260337991,0.0,31,82.25806451612904,66.12903225806451,77.41935483870968,80.64516129032258
1849,36563907,williamsburg,private_room,14.599999999999998,38.53336823301668,-0.375038041652894,-0.029856495668272892,0.3941733677940002,-0.3994761085176787,0.0,31,96.7741935483871,93.54838709677419,41.935483870967744,77.41935483870968
1850,36563936,williamsburg,private_room,31.5,33.977974580831024,-0.375038041652894,-0.1491606520054014,0.3941733677940002,-0.4025984671590215,0.0,31,70.96774193548387,93.54838709677419,38.70967741935484,70.96774193548387
1851,36563957,williamsburg,private_room,5.199999999999999,30.836780845979714,-0.375038041652894,-0.2025393385373444,0.3941733677940002,-0.4433160945537806,0.0,31,58.06451612903226,93.54838709677419,32.25806451612903,54.83870967741935
1852,37520255,williamsburg,entire_place,69.59999999999998,60.964506238968966,-0.375038041652894,-0.15130563197889113,0.3941733677940002,0.17138968820570794,0.0,180,59.44444444444444,95.55555555555556,69.72222222222221,79.44444444444444
1853,37521577,williamsburg,entire_place,68.7,105.3573876624137,-0.375038041652894,-0.0183908412221958,0.3941733677940002,0.5787181611444412,0.0,180,87.5,95.55555555555556,99.44444444444444,100.0
1854,37744480,williamsburg,entire_place,85.09999999999997,105.19147425218513,-0.375038041652894,-0.0183908412221958,0.3941733677940002,0.5771569818237697,0.0,180,87.5,95.55555555555556,98.88888888888889,99.44444444444444
1855,38209737,williamsburg,entire_place,7.100000000000001,61.21799807936986,-0.375038041652894,0.144623372715878,0.28116777478484456,-0.00745114850076277,0.0,180,95.0,65.55555555555556,47.22222222222222,80.55555555555556
1856,38261305,williamsburg,entire_place,46.7,34.10149292692912,-0.375038041652894,-0.07176952775413878,-0.2536808144319227,0.17138968820570794,0.0,180,72.77777777777777,18.333333333333332,69.72222222222221,36.666666666666664
1857,38429396,williamsburg,entire_place,22.600000000000005,40.45136981648686,-0.375038041652894,-0.24232466833056188,0.27604304211660846,-0.02150176238680527,0.0,180,22.77777777777778,65.0,41.11111111111111,55.55555555555556
1858,39145414,williamsburg,entire_place,153.4,82.89940012241777,-0.375038041652894,-0.09165355381032686,0.3941733677940002,0.41479433247394526,0.0,180,68.33333333333333,95.55555555555556,77.77777777777779,96.11111111111111
1859,39191329,williamsburg,private_room,41.2,33.73280315614325,-0.375038041652894,-0.26848208602337126,0.2993045027631086,-0.19544215750199742,0.0,31,41.935483870967744,75.80645161290323,64.51612903225806,66.12903225806451
1860,39192659,williamsburg,private_room,68.39999999999999,30.36148373735657,-0.375038041652894,-0.26848208602337126,0.19720043386341776,-0.19544215750199742,0.0,31,41.935483870967744,59.67741935483871,64.51612903225806,51.61290322580645
1861,40113019,williamsburg,entire_place,23.700000000000003,25.214174216098304,-0.375038041652894,-0.1826725901619976,-0.21997318894677365,-0.04335827287620472,0.0,180,44.166666666666664,33.33333333333333,18.055555555555554,18.333333333333332
1862,40113475,williamsburg,entire_place,67.60000000000002,39.86917405187038,-0.375038041652894,-0.1826725901619976,0.19756258572623628,-0.016818224424791105,0.0,180,44.166666666666664,60.55555555555555,43.888888888888886,49.44444444444444
1863,40327543,williamsburg,entire_place,23.200000000000003,41.00038029486144,-0.375038041652894,-0.07804291939076007,-0.1429090204036339,0.24632629559793462,0.0,180,71.94444444444444,40.55555555555556,72.22222222222221,58.333333333333336
1864,40504717,williamsburg,entire_place,74.49999999999999,16.662057008219694,-0.375038041652894,-0.18917678687410647,-0.48649808173620684,-0.16521078169370962,0.0,180,40.0,12.777777777777777,10.0,6.666666666666667
1865,41125065,williamsburg,entire_place,11.799999999999999,26.248680533256007,-0.375038041652894,-0.16385241525213373,-0.2547298060345694,0.011283003347293895,0.0,180,55.27777777777778,17.22222222222222,51.66666666666667,26.111111111111114
1866,42040780,williamsburg,entire_place,5.800000000000001,16.889563833525056,-0.375038041652894,-0.024371751201563197,-0.6854666120996912,-0.11824843701626495,0.0,180,85.27777777777777,1.9444444444444444,12.222222222222221,7.222222222222221
1867,42533464,williamsburg,entire_place,38.199999999999996,30.199118236491348,-0.375038041652894,-0.22398338125251435,0.19633876218981508,-0.24426986525054323,0.0,180,26.666666666666668,58.05555555555556,4.166666666666666,31.666666666666664
1868,43980848,williamsburg,entire_place,24.800000000000004,39.68295765462685,-0.375038041652894,-0.22871403391099504,-0.24565543863241107,0.4678744293767725,0.0,180,25.833333333333336,21.666666666666668,89.44444444444444,48.333333333333336
1869,44018253,williamsburg,entire_place,66.69999999999999,44.21182356810263,-0.375038041652894,0.03819667642956108,0.06986997030980487,-0.009012327821434157,0.0,180,90.55555555555556,48.888888888888886,46.111111111111114,67.77777777777779
1870,44302792,williamsburg,entire_place,13.299999999999999,23.770276761578632,-0.375038041652894,-0.22871403391099504,-0.2664947179706768,-0.00745114850076277,0.0,180,25.833333333333336,15.555555555555555,47.22222222222222,15.0
1871,44500393,williamsburg,entire_place,46.400000000000006,62.22188060240883,-0.375038041652894,-0.19705459407063472,0.18382163208287292,0.4475790982080444,0.0,180,33.88888888888889,51.66666666666667,85.55555555555556,82.22222222222221
1872,45344275,williamsburg,entire_place,35.3,17.252484365659924,-0.375038041652894,-0.10259592152366248,-0.6854666120996912,-0.01994058306613388,0.0,180,65.55555555555556,1.9444444444444444,43.05555555555556,7.777777777777778
1873,45502133,williamsburg,entire_place,72.70000000000003,59.42701618139885,-0.375038041652894,0.1140450617026831,0.15636644751093964,0.1187204664169017,0.0,180,92.77777777777779,49.44444444444444,67.77777777777779,78.33333333333333
1874,45712169,williamsburg,entire_place,72.60000000000002,31.413963935865926,-0.375038041652894,-0.13448616643951042,0.18575865763192784,-0.2849874926453023,0.0,180,61.66666666666667,54.72222222222223,0.8333333333333334,35.0
1875,45839967,williamsburg,entire_place,14.599999999999998,26.476526922277227,-0.375038041652894,-0.2543308871902217,-0.11845605582475421,-0.026185300348819437,0.0,180,20.833333333333336,45.0,37.77777777777778,28.333333333333332
1876,45840158,williamsburg,entire_place,4.1,26.468979170902756,-0.375038041652894,-0.2543308871902217,-0.11873079172068549,-0.026185300348819437,0.0,180,20.833333333333336,42.5,37.77777777777778,27.77777777777778
1877,45840391,williamsburg,private_room,69.3,59.50021043925427,-0.375038041652894,-0.17479478296546935,0.2993045027631086,0.26583280648949537,0.0,31,62.903225806451616,75.80645161290323,98.38709677419355,98.38709677419355
1878,45840467,williamsburg,private_room,70.49999999999997,59.50021043925427,-0.375038041652894,-0.17479478296546935,0.2993045027631086,0.26583280648949537,0.0,31,62.903225806451616,75.80645161290323,98.38709677419355,98.38709677419355
1879,45876419,williamsburg,entire_place,3.5000000000000004,18.41826406541568,-0.375038041652894,-0.024371751201563197,-0.6846049404260885,-0.03711355559351916,0.0,180,85.27777777777777,2.7777777777777777,24.444444444444443,8.333333333333332
1880,45955891,williamsburg,entire_place,50.8,30.77580939879922,-0.375038041652894,-0.1543701924956985,0.18575865763192784,-0.2849874926453023,0.0,180,58.333333333333336,54.72222222222223,0.8333333333333334,32.22222222222222
1881,46115640,williamsburg,entire_place,103.10000000000002,44.01505698389888,-0.375038041652894,0.024586042009994286,0.29876474640198303,-0.22865807204382932,0.0,180,89.44444444444444,76.66666666666667,6.388888888888888,66.66666666666666
1882,46254552,williamsburg,entire_place,70.29999999999998,79.12412700651848,-0.375038041652894,-0.13769499755932435,0.3941733677940002,0.41479433247394526,0.0,180,61.111111111111114,95.55555555555556,77.77777777777779,93.33333333333333
1883,46254842,williamsburg,entire_place,53.800000000000004,79.22305441721811,-0.375038041652894,-0.19734707572788857,0.3941733677940002,0.47568032598012944,0.0,180,33.33333333333333,95.55555555555556,93.61111111111111,93.88888888888889
1884,46255358,williamsburg,entire_place,36.5,80.95968386260101,-0.375038041652894,-0.18373644130832179,0.3941733677940002,0.4834862225834864,0.0,180,41.388888888888886,95.55555555555556,95.55555555555556,95.55555555555556
1885,46258337,williamsburg,entire_place,48.89999999999999,99.9421437062131,-0.375038041652894,-0.05815889333457197,0.3941733677940002,0.5662287265790701,0.0,180,74.44444444444444,95.55555555555556,97.77777777777777,98.33333333333333
1886,46259005,williamsburg,entire_place,113.89999999999998,98.10943774687377,-0.375038041652894,-0.07804291939076007,0.3941733677940002,0.5677899058997414,0.0,180,71.94444444444444,95.55555555555556,98.33333333333333,97.77777777777777
1887,46264999,williamsburg,entire_place,22.0,15.632003051322142,-0.375038041652894,-0.04998860448078984,-0.6566748515919223,-0.19431212698905875,0.0,180,78.61111111111111,6.666666666666667,9.166666666666666,5.555555555555555
1888,46265228,williamsburg,entire_place,17.7,20.221302207412407,-0.375038041652894,-0.04998860448078984,-0.6624332036934761,0.05512298938339577,0.0,180,78.61111111111111,4.444444444444445,56.666666666666664,11.11111111111111
1889,46395118,williamsburg,entire_place,5.1,15.536505340202137,-0.375038041652894,-0.04998860448078984,-0.6624332036934761,-0.19431212698905875,0.0,180,78.61111111111111,4.444444444444445,9.166666666666666,5.0
1890,46463859,williamsburg,entire_place,10.600000000000001,30.837624166377363,-0.375038041652894,-0.02149359685931833,0.021913781936796606,-0.2520757618539002,0.0,180,86.11111111111111,47.22222222222222,2.2222222222222223,32.77777777777778
1891,46466941,williamsburg,entire_place,170.6,63.632516520550844,-0.375038041652894,0.12348288555819324,0.2894237259403192,0.04350670728398582,0.0,180,93.33333333333333,67.77777777777779,55.55555555555556,85.0
1892,46484179,williamsburg,entire_place,37.699999999999996,55.75597588243204,-0.375038041652894,-0.030104578424601753,0.2984428310895059,0.05811838296743557,0.0,180,83.05555555555556,73.33333333333333,58.88888888888889,76.11111111111111
1893,46484727,williamsburg,entire_place,123.59999999999998,71.49463297005447,-0.375038041652894,-0.030104578424601753,0.2984428310895059,0.302869961377876,0.0,180,83.05555555555556,73.33333333333333,73.33333333333333,90.55555555555556
1894,46772782,williamsburg,entire_place,16.999999999999996,45.97238454318042,-0.375038041652894,-0.1946788090216574,-0.220497684748097,0.5524320428076335,0.0,180,37.77777777777778,31.666666666666664,96.66666666666667,70.0
1895,47011583,williamsburg,entire_place,10.2,53.53860826884187,-0.375038041652894,0.009663473687774423,0.2984428310895059,-0.02150176238680527,0.0,180,88.88888888888889,73.33333333333333,41.11111111111111,73.33333333333333
1896,47402400,williamsburg,entire_place,111.80000000000003,38.13654573665631,-0.375038041652894,-0.11566599152964653,0.29907645052282356,-0.22865807204382932,0.0,180,64.44444444444444,77.77777777777779,6.388888888888888,41.11111111111111
1897,47729559,williamsburg,entire_place,28.199999999999992,25.685777025197524,-0.375038041652894,-0.1923856179939204,-0.25968737426647626,0.023899402969968002,0.0,180,38.88888888888889,16.666666666666664,54.72222222222223,24.444444444444443
1898,47729653,williamsburg,entire_place,15.300000000000004,30.85709081698569,-0.375038041652894,-0.021014709027501906,-0.2539290221649225,0.023899402969968002,0.0,180,86.66666666666667,17.77777777777778,54.72222222222223,33.33333333333333
1899,47871302,williamsburg,entire_place,39.29999999999999,55.521194116432376,-0.375038041652894,-0.04998860448078984,0.2984428310895059,0.07385714123145244,0.0,180,78.61111111111111,73.33333333333333,62.22222222222222,75.55555555555556
1900,48363711,williamsburg,entire_place,17.499999999999996,20.221302207412407,-0.375038041652894,-0.04998860448078984,-0.6624332036934761,0.05512298938339577,0.0,180,78.61111111111111,4.444444444444445,56.666666666666664,11.11111111111111
1901,48382043,williamsburg,entire_place,20.200000000000003,53.34554667682665,-0.375038041652894,-0.08348326495654473,0.29268447898795213,0.07385714123145244,0.0,180,70.27777777777777,68.61111111111111,62.22222222222222,72.5
1902,48470088,williamsburg,entire_place,71.20000000000003,70.40101200802818,-0.375038041652894,-0.04998860448078984,0.2984428310895059,0.3075534993398901,0.0,180,78.61111111111111,73.33333333333333,74.16666666666667,90.0
1903,48483187,williamsburg,entire_place,12.5,43.547177817512164,-0.375038041652894,-0.06359923890035664,0.2984428310895059,-0.1505991060102599,0.0,180,73.61111111111111,73.33333333333333,10.555555555555555,65.0
1904,48544940,williamsburg,entire_place,13.5,19.910365430938363,-0.375038041652894,-0.08348326495654473,-0.6624332036934761,0.07385714123145244,0.0,180,70.27777777777777,4.444444444444445,62.22222222222222,10.0
1905,48585170,williamsburg,entire_place,32.10000000000001,53.91797673600876,-0.375038041652894,-0.06359923890035664,0.2990172788719077,0.05811838296743557,0.0,180,73.61111111111111,77.22222222222223,58.88888888888889,75.0
1906,48608735,williamsburg,entire_place,21.6,61.33945875767183,-0.375038041652894,-0.0320014756417626,0.3941733677940002,0.05811838296743557,0.0,180,81.66666666666667,95.55555555555556,58.88888888888889,81.11111111111111
1907,48738122,williamsburg,entire_place,13.2,20.221302207412407,-0.375038041652894,-0.04998860448078984,-0.6624332036934761,0.05512298938339577,0.0,180,78.61111111111111,4.444444444444445,56.666666666666664,11.11111111111111
1908,48738266,williamsburg,entire_place,29.600000000000005,53.34554667682665,-0.375038041652894,-0.08348326495654473,0.29268447898795213,0.07385714123145244,0.0,180,70.27777777777777,68.61111111111111,62.22222222222222,72.5
1909,48754297,williamsburg,entire_place,25.299999999999997,40.49078285659772,-0.375038041652894,-0.04998860448078984,-0.24439790920968202,0.3075534993398901,0.0,180,78.61111111111111,22.77777777777778,74.16666666666667,56.666666666666664
1910,48790649,williamsburg,entire_place,31.800000000000008,53.659390213319476,-0.375038041652894,-0.08348326495654473,0.2984428310895059,0.07385714123145244,0.0,180,70.27777777777777,73.33333333333333,62.22222222222222,73.88888888888889
1911,48851926,williamsburg,entire_place,12.0,3.323281835922087,-0.375038041652894,0.23072535023450552,-2.6496651283427477,0.17065025911307857,0.0,180,97.77777777777777,0.5555555555555556,68.88888888888889,0.5555555555555556
1912,49187219,williamsburg,entire_place,148.50000000000006,79.23154416977661,-0.375038041652894,0.2618442256612832,0.3000038304982064,0.11076438313015854,0.0,180,98.88888888888889,90.55555555555556,67.22222222222223,94.44444444444444
1913,109319,wilmington,entire_place,51.5,98.7400090588676,0.049033616356026606,0.21017667605110513,0.2926936986577896,-0.03667945885341493,0.0,207,81.64251207729468,68.59903381642512,65.70048309178745,83.57487922705315
1914,2232753,wilmington,entire_place,72.70000000000003,52.77156650902067,0.049033616356026606,-0.12241142133830774,0.17602065239546272,-0.2052403822337585,0.0,207,18.59903381642512,35.02415458937198,36.71497584541063,28.985507246376812
1915,3280480,wilmington,entire_place,58.400000000000006,81.40532813796517,0.049033616356026606,-0.02901659993765974,0.19833684143295172,0.10595388011084139,0.0,207,34.29951690821256,46.85990338164252,81.88405797101449,71.01449275362319
1916,3824547,wilmington,entire_place,56.7,50.13635342728141,0.049033616356026606,0.17365242833663222,-0.08273935253937657,-0.2927933892486593,0.0,207,74.8792270531401,24.637681159420293,1.6908212560386473,22.705314009661837
1917,3904444,wilmington,entire_place,81.49999999999997,83.0211341088885,0.049033616356026606,0.25276511753072456,0.29256881870509355,-0.25064154759053175,0.0,207,88.40579710144928,66.42512077294685,17.14975845410628,72.94685990338165
1918,4058142,wilmington,entire_place,78.59999999999998,69.84269347963237,0.049033616356026606,0.07803325478348008,0.29981651056916236,-0.25376390623187456,0.0,207,52.17391304347826,82.1256038647343,14.251207729468598,52.65700483091788
1919,5479035,wilmington,entire_place,54.10000000000001,64.72504060802865,0.049033616356026606,0.4086728937613404,-0.22558168510509213,-0.13398719528028186,0.0,207,99.51690821256038,15.458937198067632,46.3768115942029,44.927536231884055
1920,5800270,wilmington,entire_place,59.39999999999999,44.79943967301818,0.049033616356026606,0.02065708996181164,-0.35620947517078005,0.023448266953378698,0.0,207,40.57971014492754,12.560386473429952,71.01449275362319,16.425120772946862
1921,6013118,wilmington,entire_place,71.49999999999997,76.00559835564997,0.049033616356026606,0.15909118054689922,0.29898903455593634,-0.2505780650618803,0.0,207,71.73913043478261,78.74396135265701,17.874396135265698,64.25120772946859
1922,6066667,wilmington,entire_place,128.40000000000003,78.74675778617255,0.049033616356026606,0.03880576708468666,0.3000662704745544,-0.09639192652686551,0.0,207,44.927536231884055,82.6086956521739,55.072463768115945,68.11594202898551
1923,6624147,wilmington,entire_place,191.10000000000002,66.49449206190864,0.049033616356026606,-0.19619742065918028,0.19245360937870193,0.07941383165942777,0.0,207,5.314009661835748,37.92270531400966,78.74396135265701,47.34299516908212
1924,6784655,wilmington,entire_place,33.4,83.113073894199,0.049033616356026606,-0.10305068201486112,0.1982119614802557,0.2006247568743889,0.0,207,22.22222222222222,44.927536231884055,93.23671497584542,73.42995169082126
1925,7595664,wilmington,entire_place,78.7,106.28035805835474,0.049033616356026606,0.35737751062112083,0.2984428310895059,-0.11675074022424509,0.0,207,97.58454106280193,76.32850241545893,50.72463768115942,88.88888888888889
1926,8100426,wilmington,entire_place,87.30000000000004,54.65771029342436,0.049033616356026606,-0.022698809400113398,0.19833684143295172,-0.2927933892486593,0.0,207,35.26570048309179,46.85990338164252,1.6908212560386473,29.951690821256037
1927,8368983,wilmington,entire_place,37.8,76.30248380448867,0.049033616356026606,0.08324279527377715,0.2933180984212698,-0.16521078169370962,0.0,207,54.830917874396135,71.98067632850241,40.57971014492754,65.21739130434783
1928,8771137,wilmington,entire_place,66.1,51.74380493005238,0.049033616356026606,0.11304973679790176,-0.22488235736999435,-0.059097031140221606,0.0,207,63.28502415458937,15.942028985507244,60.86956521739131,26.08695652173913
1929,12294020,wilmington,entire_place,44.5,40.42799824281801,0.049033616356026606,0.012796560446124643,-0.5547141322003443,0.12949853497821523,0.0,207,38.64734299516908,8.212560386473431,85.99033816425121,12.077294685990339
1930,12684015,wilmington,entire_place,163.30000000000007,136.63723240895936,0.049033616356026606,0.02359071710521289,0.3035629091500436,0.46109187192276296,0.0,207,42.028985507246375,85.02415458937197,99.51690821256038,97.58454106280193
1931,13042106,wilmington,entire_place,44.400000000000006,35.07079688629554,0.049033616356026606,0.05888240309604718,-0.8801603597502408,0.27038556901054916,0.0,207,49.75845410628019,1.4492753623188406,96.61835748792271,8.212560386473431
1932,13141364,wilmington,entire_place,69.40000000000003,78.89380272960909,0.049033616356026606,0.1439760022695069,0.3103971948269044,-0.21005088525307564,0.0,207,68.11594202898551,87.92270531400966,36.231884057971016,68.59903381642512
1933,13753743,wilmington,entire_place,128.40000000000003,97.53759628564289,0.049033616356026606,0.11542552184687901,0.19833684143295172,0.14029982516561196,0.0,207,64.25120772946859,46.85990338164252,87.43961352657004,82.6086956521739
1934,13898085,wilmington,entire_place,56.999999999999986,45.86434759329759,0.049033616356026606,-0.11428553138545064,-0.12516676389223003,-0.04966647268754178,0.0,207,20.77294685990338,22.22222222222222,62.31884057971014,17.874396135265698
1935,13942279,wilmington,entire_place,85.20000000000003,33.48353509013996,0.049033616356026606,-0.029247405013147328,-0.29883208360004493,-0.26781452011791707,0.0,207,33.81642512077295,13.043478260869565,10.144927536231885,6.763285024154589
1936,14204255,wilmington,entire_place,74.49999999999999,101.43751784424657,0.049033616356026606,0.17084931665023018,0.19877392126738788,0.12325381769552965,0.0,207,73.91304347826086,49.75845410628019,84.05797101449275,85.5072463768116
1937,14319102,wilmington,entire_place,45.500000000000014,67.82790544486342,0.049033616356026606,0.019693110517568897,0.2996416786353879,-0.22410149913911814,0.0,207,40.09661835748793,81.64251207729468,29.951690821256037,49.275362318840585
1938,14799808,wilmington,entire_place,47.5,64.5293297768745,0.049033616356026606,-0.1331057062953145,0.38930166335658833,-0.21007410687915887,0.0,207,16.183574879227052,88.88888888888889,35.748792270531396,43.96135265700483
1939,15217932,wilmington,entire_place,73.60000000000002,72.26591502986123,0.049033616356026606,0.10885964855300378,0.29319321846857377,-0.24433334777919474,0.0,207,62.31884057971014,71.01449275362319,19.565217391304348,58.454106280193244
1940,15405910,wilmington,entire_place,103.40000000000003,64.07446225682305,0.049033616356026606,-0.16217947345068393,0.29313077849222574,-0.09179509271958605,0.0,207,10.144927536231885,70.53140096618358,56.038647342995176,42.99516908212561
1941,15829388,wilmington,private_room,19.7,30.22224431910267,0.049033616356026606,-0.38801019777621076,0.14388701357257744,-0.45112199115713747,0.0,6,16.666666666666664,66.66666666666666,33.33333333333333,50.0
1942,15882730,wilmington,other_specialty,74.70000000000003,52.54181775776509,0.049033616356026606,-0.17860658563072923,0.2920692988943094,-0.2693756994385884,0.0,2,50.0,50.0,50.0,50.0
1943,16109220,wilmington,entire_place,111.49999999999999,87.68168560139432,0.049033616356026606,0.07924922859081644,0.3956094872500047,-0.1261812986769249,0.0,207,53.62318840579711,91.30434782608695,49.275362318840585,77.29468599033817
1944,16866869,wilmington,entire_place,96.60000000000002,63.8846148708534,0.049033616356026606,-0.031871272818453415,0.2984520507593434,-0.2303462164218037,0.0,207,33.33333333333333,76.81159420289855,25.60386473429952,42.51207729468599
1945,17212761,wilmington,entire_place,120.19999999999996,118.56267464329454,0.049033616356026606,0.18868823443501007,0.04552012358393036,0.4132563747793571,0.0,207,78.26086956521739,28.985507246376812,98.55072463768117,93.23671497584542
1946,17326226,wilmington,entire_place,69.40000000000003,57.47757691944695,0.049033616356026606,0.22218289491076498,-0.12470470806725467,-0.16521078169370962,0.0,207,85.02415458937197,23.18840579710145,40.57971014492754,37.19806763285024
1947,17480631,wilmington,private_room,9.1,34.74843108503256,0.049033616356026606,0.007835102712156407,-0.21467631297034034,-0.35302838238547485,0.0,6,66.66666666666666,50.0,83.33333333333334,66.66666666666666
1948,17608948,wilmington,entire_place,38.199999999999996,28.888111578654474,0.049033616356026606,-0.047296210433940875,-0.6554884920413099,-0.036130477346740075,0.0,207,31.88405797101449,5.314009661835748,66.18357487922705,4.830917874396135
1949,17625379,wilmington,entire_place,77.29999999999995,85.38554854610837,0.049033616356026606,0.15909118054689922,0.2989016185890491,-0.13554837460095323,0.0,207,71.73913043478261,78.26086956521739,45.410628019323674,75.84541062801932
1950,17791952,wilmington,entire_place,55.899999999999984,48.8772788676974,0.049033616356026606,-0.14802827461753437,0.19683828200059925,-0.27562041672127396,0.0,207,12.560386473429952,40.57971014492754,5.314009661835748,20.28985507246377
1951,18712652,wilmington,entire_place,60.19999999999999,34.02657499402496,0.049033616356026606,0.11780130689585627,-0.46004507509376624,-0.23802514796785768,0.0,207,64.73429951690821,9.66183574879227,22.463768115942027,7.246376811594203
1952,19181177,wilmington,entire_place,110.5,94.85266068931628,0.049033616356026606,0.2124698670788422,0.11410703631565679,0.09985934951154204,0.0,207,82.1256038647343,32.367149758454104,81.15942028985508,81.15942028985508
1953,19467082,wilmington,entire_place,121.79999999999995,78.04624643258721,0.049033616356026606,0.07882190195339167,0.4023543909778572,-0.247519188949189,0.0,207,52.89855072463768,95.41062801932367,18.357487922705314,66.66666666666666
1954,19520717,wilmington,entire_place,32.3,42.99866749391337,0.049033616356026606,-0.20690898329702834,-0.21550458497862762,0.07019694241878566,0.0,207,4.3478260869565215,18.357487922705314,76.32850241545893,14.009661835748794
1955,19801374,wilmington,entire_place,133.49999999999997,126.75898142256482,0.049033616356026606,0.17138988106381292,0.2933180984212698,0.2490615767177702,0.0,207,74.39613526570048,71.98067632850241,95.16908212560386,94.68599033816425
1956,20182345,wilmington,entire_place,87.70000000000003,85.42319135538679,0.049033616356026606,0.052664484260582324,0.4026416148690581,-0.13242601595961045,0.0,207,47.10144927536232,98.06763285024155,46.85990338164252,76.32850241545893
1957,20356338,wilmington,entire_place,74.60000000000001,68.95928563144325,0.049033616356026606,0.0644226203639133,0.29931757045823304,-0.25220272691120316,0.0,207,50.72463768115942,80.19323671497585,15.942028985507244,50.24154589371981
1958,20705366,wilmington,entire_place,59.50000000000001,79.28271756967048,0.049033616356026606,0.02383879986154177,0.2936302983030099,-0.06829069875478051,0.0,207,42.51207729468599,73.67149758454107,59.42028985507246,69.08212560386472
1959,21044051,wilmington,entire_place,76.30000000000001,65.11190721899922,0.049033616356026606,-0.19436220002378574,0.29284355460102485,-0.043508459559590935,0.0,207,5.797101449275362,70.04830917874396,64.25120772946859,45.893719806763286
1960,21411318,wilmington,entire_place,13.1,101.40833236269512,0.049033616356026606,-0.05463345321688638,0.39749517453571487,0.14973038361829177,0.0,207,30.434782608695656,92.7536231884058,87.92270531400966,85.02415458937197
1961,21525512,wilmington,entire_place,75.90000000000002,63.55649901979171,0.049033616356026606,0.12695285287472244,0.048502872410199904,-0.14429090619892282,0.0,207,65.21739130434783,29.468599033816425,43.96135265700483,42.028985507246375
1962,21734915,wilmington,entire_place,3.7,21.31854425048813,0.049033616356026606,0.022571264859813762,-1.1109596824260972,0.05743035611272533,0.0,207,41.54589371980676,0.4830917874396135,73.42995169082126,1.4492753623188406
1963,21927007,wilmington,entire_place,25.000000000000004,23.704501632484966,0.049033616356026606,-0.09907048140597688,-0.560944314887428,-0.2693756994385884,0.0,207,23.67149758454106,6.763285024154589,8.454106280193237,3.3816425120772946
1964,22151368,wilmington,entire_place,7.9,15.185882111765592,0.049033616356026606,-0.2671016258791753,-0.8048310068236199,-0.28030395468328817,0.0,207,0.966183574879227,2.4154589371980677,3.864734299516908,0.4830917874396135
1965,22481150,wilmington,entire_place,57.79999999999998,67.77294769419592,0.049033616356026606,0.010520647099228862,0.15070684527204758,-0.06679300196276061,0.0,207,38.164251207729464,33.81642512077295,59.90338164251207,48.792270531400966
1966,22711294,wilmington,entire_place,10.600000000000001,55.35457559253407,0.049033616356026606,0.004670670493267574,-0.22155858464615852,0.11217537576744371,0.0,207,37.19806763285024,16.425120772946862,83.09178743961353,32.367149758454104
1967,22732153,wilmington,entire_place,15.199999999999996,32.64041896168505,0.049033616356026606,-0.12187085692472499,-0.6766487011570844,0.17787187229294504,0.0,207,19.32367149758454,2.898550724637681,90.82125603864735,5.797101449275362
1968,22950939,wilmington,entire_place,118.00000000000003,71.44742563624033,0.049033616356026606,-0.12683231465869324,0.19858718103819867,0.0747302936974136,0.0,207,17.874396135265698,49.275362318840585,77.29468599033817,56.52173913043478
1969,23148110,wilmington,private_room,94.69999999999999,77.47182777976488,0.049033616356026606,0.20100421263276508,0.20309673361279204,-0.17773724274442235,0.0,6,100.0,83.33333333333334,100.0,100.0
1970,23186768,wilmington,entire_place,44.20000000000001,37.7210250635883,0.049033616356026606,-0.14986349525292889,-0.21487670059450886,-0.11525304343222517,0.0,207,12.077294685990339,18.84057971014493,51.449275362318836,10.144927536231885
1971,23657749,wilmington,entire_place,147.19999999999993,76.21214037205695,0.049033616356026606,0.20123501770825267,-0.11584606481340695,0.12479177539011782,0.0,207,79.71014492753623,24.154589371980677,85.02415458937197,64.73429951690821
1972,23668447,wilmington,entire_place,76.4,105.75447870123773,0.049033616356026606,0.21776200159037945,0.29888913059377953,0.017504499003896237,0.0,207,83.57487922705315,77.77777777777779,70.53140096618358,88.40579710144928
1973,23777991,wilmington,entire_place,15.400000000000002,55.375185064466166,0.049033616356026606,-0.047296210433940875,0.19827440145660372,-0.2553250855525459,0.0,207,31.88405797101449,45.893719806763286,13.526570048309178,33.33333333333333
1974,24065348,wilmington,entire_place,19.200000000000003,42.82074110725149,0.049033616356026606,-0.06718023649012897,-0.04781402037211095,-0.24127447166650345,0.0,207,28.985507246376812,25.60386473429952,20.77294685990338,13.526570048309178
1975,24495014,wilmington,entire_place,54.39999999999999,73.22121970913791,0.049033616356026606,0.1845598227718785,0.2024098938729638,-0.2162956025357612,0.0,207,76.81159420289855,50.72463768115942,33.57487922705314,60.38647342995169
1976,25007006,wilmington,entire_place,97.19999999999996,56.12946630102202,0.049033616356026606,-0.06197069599983188,-0.21467631297034034,0.18559106474156728,0.0,207,29.468599033816425,19.32367149758454,91.30434782608695,35.26570048309179
1977,25007387,wilmington,entire_place,64.70000000000002,61.4487549804172,0.049033616356026606,-0.10305068201486112,0.20372113337627223,-0.10270012633820257,0.0,207,22.22222222222222,57.971014492753625,53.14009661835749,40.09661835748793
1978,25066287,wilmington,entire_place,152.19999999999993,98.90454547036173,0.049033616356026606,0.21301043149242493,0.2920692988943094,-0.03724052065082216,0.0,207,82.6086956521739,64.4927536231884,65.21739130434783,84.05797101449275
1979,25193340,wilmington,entire_place,50.400000000000006,139.29731594891177,0.049033616356026606,0.3087294767476585,0.31139623444847275,0.1872621698430566,0.0,207,95.16908212560386,88.40579710144928,91.78743961352657,98.55072463768117
1980,25260941,wilmington,entire_place,103.19999999999999,65.05871906949625,0.049033616356026606,-0.1279134434858587,0.21613617724373,-0.03405467948082788,0.0,207,17.391304347826086,62.31884057971014,66.66666666666666,45.410628019323674
1981,25972293,wilmington,entire_place,81.49999999999997,50.46877849919309,0.049033616356026606,-0.15298973235150262,0.2082306859508656,-0.25064154759053175,0.0,207,11.594202898550725,60.38647342995169,17.14975845410628,24.154589371980677
1982,26007577,wilmington,entire_place,41.89999999999999,60.29137593731582,0.049033616356026606,-0.061678214342578,0.29782765099586317,-0.2568862648732173,0.0,207,29.951690821256037,75.36231884057972,12.80193236714976,38.164251207729464
1983,26105307,wilmington,entire_place,113.60000000000002,56.970135399590504,0.049033616356026606,-0.08049838925244186,0.11930342863007838,-0.11525304343222517,0.0,207,27.053140096618357,32.850241545893724,51.449275362318836,36.231884057971016
1984,26184977,wilmington,entire_place,26.199999999999996,49.144038488934704,0.049033616356026606,-0.18779632672991056,0.20278395403119706,-0.23646396864718627,0.0,207,6.763285024154589,52.17391304347826,23.42995169082126,20.77294685990338
1985,26303082,wilmington,entire_place,32.8,63.17872418941628,0.049033616356026606,0.1876243832886859,-0.11728218426941142,-0.0450464172541791,0.0,207,77.77777777777779,23.67149758454106,63.76811594202898,41.54589371980676
1986,26567573,wilmington,entire_place,102.29999999999998,73.75635033187382,0.049033616356026606,0.05212391984699955,0.3951099674392205,-0.2693756994385884,0.0,207,45.893719806763286,90.33816425120773,8.454106280193237,61.35265700483091
1987,27202814,wilmington,entire_place,57.89999999999998,51.760427294181966,0.049033616356026606,-0.12109948743565468,0.17602065239546272,-0.22553571340248657,0.0,207,19.806763285024154,35.02415458937198,29.227053140096622,26.570048309178745
1988,27203126,wilmington,entire_place,68.29999999999998,50.318064753321856,0.049033616356026606,-0.14725690512846404,0.17602065239546272,-0.22709689272315792,0.0,207,13.043478260869565,35.02415458937198,27.536231884057973,23.18840579710145
1989,27506844,wilmington,entire_place,134.59999999999994,89.7044277940929,0.049033616356026606,0.052664484260582324,0.4026416148690581,-0.08407590027096383,0.0,207,47.10144927536232,98.06763285024155,56.763285024154584,77.77777777777779
1990,27603750,wilmington,entire_place,119.69999999999999,107.72043424046049,0.049033616356026606,0.10604317079252529,0.40285391078864136,0.04350670728398582,0.0,207,61.83574879227053,99.7584541062802,71.73913043478261,89.85507246376811
1991,27978898,wilmington,entire_place,31.89999999999999,69.57439915253045,0.049033616356026606,0.15183653178519388,0.20816824597451758,-0.23971329234583205,0.0,207,70.04830917874396,59.90338164251207,21.256038647342994,51.20772946859904
1992,28198352,wilmington,entire_place,111.80000000000003,66.97410063823895,0.049033616356026606,0.08139029695754138,-0.053010992386387415,0.05437148000003405,0.0,207,54.106280193236714,25.120772946859905,72.94685990338165,47.82608695652174
1993,28206267,wilmington,entire_place,72.10000000000002,100.51560399560091,0.049033616356026606,0.255874076948457,0.3941733677940002,-0.1662108992169738,0.0,207,89.85507246376811,89.85507246376811,39.61352657004831,84.54106280193237
1994,28315641,wilmington,entire_place,112.50000000000001,104.81896330315763,0.049033616356026606,0.14760824841998083,0.30457640274900266,0.07316911437674221,0.0,207,68.59903381642512,85.5072463768116,76.81159420289855,87.43961352657004
1995,28379838,wilmington,entire_place,57.100000000000016,104.74508818356078,0.049033616356026606,0.2336658270376833,0.19752512174042747,0.09346444554547027,0.0,207,85.99033816425121,42.51207729468599,80.19323671497585,86.95652173913044
1996,28955670,wilmington,entire_place,150.70000000000005,73.12022391450367,0.049033616356026606,0.09608206020427368,0.30513778283627996,-0.2319073957424751,0.0,207,59.42028985507246,87.43961352657004,25.120772946859905,59.42028985507246
1997,29209689,wilmington,entire_place,25.000000000000004,36.656320848118945,0.049033616356026606,-0.11559746528810372,-0.5590711155969874,0.1667934303648591,0.0,207,20.28985507246377,7.729468599033816,89.85507246376811,8.695652173913043
1998,29374847,wilmington,entire_place,35.099999999999994,40.998062047125,0.049033616356026606,0.002935321559954525,-0.445194528447567,0.04350670728398582,0.0,207,36.71497584541063,11.11111111111111,71.73913043478261,12.560386473429952
1999,29537460,wilmington,entire_place,156.6,133.13420502209635,0.049033616356026606,0.3705226232829477,0.39642120694252897,-0.004478976542806199,0.0,207,98.06763285024155,92.27053140096618,67.6328502415459,96.61835748792271
2000,29564260,wilmington,entire_place,106.19999999999997,56.08359710178983,0.049033616356026606,-0.17501873838118037,0.20309615391293717,-0.11993658139423935,0.0,207,7.729468599033816,55.55555555555556,50.24154589371981,34.78260869565217
2001,29982967,wilmington,entire_place,34.099999999999994,23.116247834014956,0.049033616356026606,-0.2147867904935566,-0.6608722042847756,-0.07783118298827828,0.0,207,3.864734299516908,3.3816425120772946,57.48792270531401,2.898550724637681
2002,31471086,wilmington,entire_place,108.2,74.23957148194621,0.049033616356026606,-0.16791230067372248,0.19842425739983896,0.1537893772542472,0.0,207,9.178743961352657,48.309178743961354,88.88888888888889,61.83574879227053
2003,31498533,wilmington,entire_place,60.50000000000002,75.87600951460458,0.049033616356026606,0.1795024049425935,0.29256881870509355,-0.26625334079724566,0.0,207,76.32850241545893,66.42512077294685,11.352657004830919,63.76811594202898
2004,31518576,wilmington,entire_place,94.80000000000004,84.91805315843187,0.049033616356026606,0.026507066567772943,0.4026416148690581,-0.1121306847908824,0.0,207,42.99516908212561,98.06763285024155,52.17391304347826,74.8792270531401
2005,31600332,wilmington,entire_place,61.799999999999976,72.01972415924136,0.049033616356026606,0.13166002407175192,0.2920692988943094,-0.2693756994385884,0.0,207,66.66666666666666,64.4927536231884,8.454106280193237,57.48792270531401
2006,31625595,wilmington,entire_place,105.80000000000001,93.89475143090226,0.049033616356026606,0.15544165671558402,0.19712550589180014,0.0638252600787971,0.0,207,71.01449275362319,41.54589371980676,73.91304347826086,80.67632850241546
2007,32427316,wilmington,entire_place,28.000000000000004,40.36437229500549,0.049033616356026606,0.10473123688987221,-0.22589388498683227,-0.2927933892486593,0.0,207,61.35265700483091,14.975845410628018,1.6908212560386473,11.594202898550725
2008,32493401,wilmington,entire_place,2.5,37.66817147204824,0.049033616356026606,0.175618164429026,-0.38135690373351455,-0.27562041672127396,0.0,207,75.36231884057972,11.594202898550725,5.314009661835748,9.66183574879227
2009,32566691,wilmington,entire_place,153.89999999999995,115.79402504008029,0.049033616356026606,0.2527784836048011,0.2933180984212698,0.0779393564934911,0.0,207,88.88888888888889,71.98067632850241,78.26086956521739,92.7536231884058
2010,33097012,wilmington,private_room,39.60000000000001,62.94421724630314,0.049033616356026606,0.1745543132827018,0.21415980566570042,-0.3670789962715173,0.0,6,83.33333333333334,100.0,66.66666666666666,83.33333333333334
2011,33338258,wilmington,entire_place,192.89999999999998,73.17512135764383,0.049033616356026606,0.15412972281293097,-0.23476313419278377,0.2506862385670931,0.0,207,70.53140096618358,13.526570048309178,95.65217391304348,59.90338164251207
2012,33470546,wilmington,entire_place,68.00000000000001,78.70241408321179,0.049033616356026606,0.17638953391809634,0.2926312586814416,-0.22709689272315792,0.0,207,75.84541062801932,67.3913043478261,27.536231884057973,67.6328502415459
2013,33661424,wilmington,entire_place,75.0,37.478138527401526,0.049033616356026606,-0.1802110011906362,-0.04762728014292174,-0.2584474441938887,0.0,207,7.246376811594203,26.08695652173913,12.077294685990339,9.178743961352657
2014,33910639,wilmington,entire_place,151.40000000000003,136.89486715236762,0.049033616356026606,0.39034888436413423,0.20303371393658914,0.1967329891983047,0.0,207,98.55072463768117,54.589371980676326,92.7536231884058,98.06763285024155
2015,33958525,wilmington,entire_place,47.80000000000001,49.28408131179856,0.049033616356026606,-0.2382586637992935,0.2920692988943094,-0.2724980580799312,0.0,207,2.898550724637681,64.4927536231884,6.763285024154589,21.256038647342994
2016,34255853,wilmington,entire_place,77.40000000000003,198.7945546210399,0.049033616356026606,0.399731235418488,0.19506360039004916,0.5661188007982522,0.0,207,99.03381642512076,40.09661835748793,100.0,100.0
2017,34318057,wilmington,entire_place,75.0,150.7193973166152,0.049033616356026606,0.2708100113447534,0.2936302983030099,0.32121645973799484,0.0,207,91.78743961352657,73.67149758454107,98.06763285024155,99.03381642512076
2018,34543675,wilmington,entire_place,80.5,27.67039100166412,0.049033616356026606,-0.047296210433940875,-0.46540032672605414,-0.26781452011791707,0.0,207,31.88405797101449,9.178743961352657,10.144927536231885,4.3478260869565215
2019,34897810,wilmington,entire_place,79.5,32.58225188257999,0.049033616356026606,0.18600660165470237,-0.6509164994903686,-0.15746836761900418,0.0,207,77.29468599033817,5.797101449275362,41.54589371980676,5.314009661835748
2020,35007412,wilmington,other_specialty,58.20000000000003,67.84456699190609,0.049033616356026606,0.044786677064054044,0.3043890828199586,-0.25370042370322304,0.0,2,100.0,100.0,100.0,100.0
2021,35315626,wilmington,entire_place,33.20000000000001,55.35919455851251,0.049033616356026606,-0.2387992282128762,0.2993794307347262,-0.16521078169370962,0.0,207,2.4154589371980677,80.91787439613528,40.57971014492754,32.850241545893724
2022,35603213,wilmington,private_room,12.099999999999998,15.342468222488769,0.049033616356026606,-0.19596661558369272,-0.6848923544363263,-0.4617498730350649,0.0,6,50.0,16.666666666666664,16.666666666666664,16.666666666666664
2023,35699398,wilmington,entire_place,55.200000000000024,70.02162077504883,0.049033616356026606,0.10260353459722377,0.2933805383976178,-0.2693756994385884,0.0,207,60.86956521739131,72.94685990338165,8.454106280193237,53.62318840579711
2024,35805055,wilmington,entire_place,28.300000000000004,51.607878023023815,0.049033616356026606,0.055542638602827175,-0.017504150815299047,-0.21154858204509552,0.0,207,48.792270531400966,27.536231884057973,34.29951690821256,25.60386473429952
2025,35947174,wilmington,entire_place,42.7,67.89640360330165,0.049033616356026606,-0.03445694550344441,0.3046382630254958,-0.17395331329167923,0.0,207,32.850241545893724,85.99033816425121,39.130434782608695,49.75845410628019
2026,36087976,wilmington,entire_place,20.9,45.8478872406132,0.049033616356026606,-0.13602205575787452,-0.21881122568684558,0.06536321777338527,0.0,207,15.458937198067632,17.874396135265698,74.63768115942028,17.391304347826086
2027,36311900,wilmington,entire_place,12.899999999999999,52.62025898825278,0.049033616356026606,0.14808713625179726,-0.1544983393085147,-0.14803780916632434,0.0,207,69.08212560386472,20.77294685990338,42.99516908212561,28.502415458937197
2028,36353753,wilmington,entire_place,70.49999999999997,49.650993730060094,0.049033616356026606,0.16277889949852953,-0.22152112066034968,-0.15267490387617205,0.0,207,72.46376811594203,16.908212560386474,42.028985507246375,21.73913043478261
2029,36598370,wilmington,entire_place,57.79999999999998,44.177300396596486,0.049033616356026606,0.14892018232263388,-0.3673812185617902,-0.10732018177156523,0.0,207,69.56521739130434,12.077294685990339,52.65700483091788,15.458937198067632
2030,36768025,wilmington,entire_place,96.80000000000001,113.34011615173064,0.049033616356026606,0.09243253637295848,0.40285391078864136,0.10751505943151277,0.0,207,57.48792270531401,99.7584541062802,82.6086956521739,91.30434782608695
2031,36917430,wilmington,entire_place,73.60000000000002,55.23991810338488,0.049033616356026606,-0.13256514188173177,0.2920692988943094,-0.26625334079724566,0.0,207,16.908212560386474,64.4927536231884,11.352657004830919,31.88405797101449
2032,37018128,wilmington,entire_place,22.199999999999996,53.8162250867895,0.049033616356026606,0.19938251939201684,-0.4564370764545982,0.12466481033281482,0.0,207,78.74396135265701,10.144927536231885,84.54106280193237,29.468599033816425
2033,37172357,wilmington,entire_place,79.80000000000003,70.66250682718218,0.049033616356026606,-0.09333765418293835,0.3005158383042602,-0.07158646570559273,0.0,207,24.879227053140095,83.57487922705315,57.971014492753625,55.072463768115945
2034,37172634,wilmington,entire_place,53.39999999999999,62.90350364707127,0.049033616356026606,-0.09333765418293835,0.19841176940456937,-0.08407590027096383,0.0,207,24.879227053140095,47.82608695652174,56.763285024154584,41.06280193236715
2035,37176345,wilmington,entire_place,42.9,56.27058333431522,0.049033616356026606,0.018105972638503186,0.12677373937858413,-0.2334685750631465,0.0,207,39.61352657004831,33.33333333333333,24.637681159420293,35.748792270531396
2036,37251701,wilmington,entire_place,76.5,71.4587279664536,0.049033616356026606,-0.09961104581955962,0.30066569424749545,-0.05441349317820744,0.0,207,23.18840579710145,84.54106280193237,61.35265700483091,57.00483091787439
2037,37366664,wilmington,entire_place,53.39999999999999,51.97880983378717,0.049033616356026606,-0.14671634071488132,0.1979622015748636,-0.21772981679912962,0.0,207,13.768115942028986,43.96135265700483,32.608695652173914,27.536231884057973
2038,37456688,wilmington,entire_place,46.60000000000001,70.59631737098084,0.049033616356026606,0.07230042756044155,0.3050759225597868,-0.24270868592987183,0.0,207,51.20772946859904,86.95652173913044,20.28985507246377,54.106280193236714
2039,37707183,wilmington,entire_place,40.29999999999999,70.71495492330763,0.049033616356026606,0.20589062771089045,-0.1349305183788056,0.06536321777338527,0.0,207,80.19323671497585,21.73913043478261,74.63768115942028,55.55555555555556
2040,37920083,wilmington,entire_place,143.3,80.49444699930129,0.049033616356026606,0.2091128249047809,0.2993794307347262,-0.24433334777919474,0.0,207,81.15942028985508,80.91787439613528,19.565217391304348,70.04830917874396
2041,38002364,wilmington,entire_place,127.90000000000005,78.17773292911303,0.049033616356026606,-0.0946495880855914,0.2037829936527654,0.12618572875091796,0.0,207,24.154589371980677,58.454106280193244,85.5072463768116,67.14975845410628
2042,38520254,wilmington,entire_place,116.9,54.80119277977938,0.049033616356026606,-0.19406971836653186,0.20879264573799777,-0.12930365731826765,0.0,207,6.280193236714976,60.86956521739131,48.06763285024155,30.434782608695656
2043,38531337,wilmington,entire_place,51.400000000000006,82.64698776293312,0.049033616356026606,0.21669815044405522,0.20277146603592747,-0.1292401747896162,0.0,207,83.09178743961353,51.690821256038646,48.792270531400966,72.46376811594203
2044,38533788,wilmington,entire_place,161.20000000000002,129.97933575035754,0.049033616356026606,0.2551542686537784,0.20303371393658914,0.2804756107171525,0.0,207,89.3719806763285,54.589371980676326,97.10144927536231,95.16908212560386
2045,38542168,wilmington,entire_place,62.799999999999976,73.38437995976119,0.049033616356026606,0.10127823462049423,0.2924439387523975,-0.22085217544047236,0.0,207,60.38647342995169,65.70048309178745,31.40096618357488,60.86956521739131
2046,38641300,wilmington,entire_place,49.4,64.13121720941416,0.049033616356026606,-0.1331057062953145,0.3955470472736567,-0.22241335476114377,0.0,207,16.183574879227052,90.82125603864735,30.676328502415455,43.47826086956522
2047,38781686,wilmington,entire_place,83.20000000000005,59.57511207828598,0.049033616356026606,-0.08316665595867304,0.10196593234906903,-0.051291134536864666,0.0,207,26.08695652173913,31.88405797101449,61.83574879227053,37.68115942028986
2048,38991661,wilmington,entire_place,49.29999999999999,132.20885331833304,0.049033616356026606,0.28884545069147044,0.2279157090473541,0.23878108742521245,0.0,207,94.20289855072464,62.80193236714976,94.20289855072464,96.1352657004831
2049,39177693,wilmington,entire_place,34.79999999999999,72.36345447516308,0.049033616356026606,0.045619723134890704,0.29281857861048566,-0.1793883606370551,0.0,207,45.410628019323674,69.32367149758454,38.64734299516908,58.93719806763285
2050,39201836,wilmington,entire_place,86.29999999999995,121.78107418714238,0.049033616356026606,0.2376460276465675,0.29907645052282356,0.13730443158157216,0.0,207,86.95652173913044,79.22705314009661,86.95652173913044,93.71980676328504
2051,39311170,wilmington,entire_place,14.999999999999998,22.4561505562477,0.049033616356026606,-0.07086795544175928,-0.6566748515919223,-0.25370042370322304,0.0,207,28.019323671497588,4.3478260869565215,15.217391304347828,2.4154589371980677
2052,39506609,wilmington,entire_place,81.20000000000003,43.07713874081692,0.049033616356026606,0.2498448564613998,-0.45121843109369386,-0.14906114831567172,0.0,207,87.92270531400966,10.628019323671497,42.51207729468599,14.492753623188406
2053,39675018,wilmington,entire_place,31.89999999999999,41.07771551247269,0.049033616356026606,-0.07972701976337154,-0.04151026079918803,-0.27562041672127396,0.0,207,27.536231884057973,26.570048309178745,5.314009661835748,13.043478260869565
2054,40030860,wilmington,entire_place,83.70000000000002,62.035412266235156,0.049033616356026606,-0.011508358930448936,-0.03259347788817189,0.0514225296681607,0.0,207,36.231884057971016,27.053140096618357,72.46376811594203,40.57971014492754
2055,40501313,wilmington,entire_place,145.90000000000006,112.52741414004907,0.049033616356026606,0.45967579524430613,0.1982119614802557,-0.06221938978156438,0.0,207,100.0,44.927536231884055,60.38647342995169,90.33816425120773
2056,41031330,wilmington,entire_place,113.89999999999998,72.04037789943008,0.049033616356026606,0.12797230512012162,0.07476942330228854,-0.04810529336687039,0.0,207,65.70048309178745,29.951690821256037,62.80193236714976,57.971014492753625
2057,41254095,wilmington,entire_place,78.30000000000003,112.8932420792176,0.049033616356026606,0.28287790678617963,0.1975875617167755,0.11842009305012927,0.0,207,93.23671497584542,42.99516908212561,83.57487922705315,90.82125603864735
2058,41536805,wilmington,entire_place,72.10000000000002,34.053002186585964,0.049033616356026606,0.2243278748842547,-0.5594457554550756,-0.2443968303078462,0.0,207,85.5072463768116,7.246376811594203,18.84057971014493,7.729468599033816
2059,41594227,wilmington,entire_place,135.90000000000006,98.25174391553116,0.049033616356026606,0.09739399410692667,0.4015176952947937,-0.03762817413875997,0.0,207,59.90338164251207,93.71980676328504,64.73429951690821,83.09178743961353
2060,41844291,wilmington,entire_place,47.5,94.94934224429403,0.049033616356026606,0.1399651579057049,0.19245360937870193,0.09502562486614166,0.0,207,67.6328502415459,37.92270531400966,80.67632850241546,81.64251207729468
2061,41870036,wilmington,entire_place,143.20000000000002,80.52726846638299,0.049033616356026606,0.2841147980329898,0.20910484561973788,-0.22865807204382932,0.0,207,93.71980676328504,61.59420289855072,26.08695652173913,70.53140096618358
2062,41981204,wilmington,entire_place,151.3,45.41532193511303,0.049033616356026606,-0.22022713605934122,0.20334591381832925,-0.2818651340039595,0.0,207,3.3816425120772946,56.52173913043478,3.140096618357488,16.908212560386474
2063,42200311,wilmington,entire_place,185.69999999999993,90.67028140079967,0.049033616356026606,0.07882190195339167,0.4026416148690581,-0.09964125022551128,0.0,207,52.89855072463768,98.06763285024155,53.864734299516904,78.74396135265701
2064,42202194,wilmington,entire_place,116.20000000000003,105.56006630965122,0.049033616356026606,0.20100421263276508,0.40118051942251437,-0.0698518780754519,0.0,207,79.22705314009661,93.23671497584542,58.454106280193244,87.92270531400966
2065,42355506,wilmington,entire_place,20.4,70.01664650539153,0.049033616356026606,0.031468524301741164,0.2926312586814416,-0.19756145068770453,0.0,207,43.47826086956522,67.3913043478261,37.19806763285024,53.14009661835749
2066,42618048,wilmington,entire_place,86.19999999999999,66.2795347186221,0.049033616356026606,-0.014865401104510213,0.305075342859932,-0.21772981679912962,0.0,207,35.748792270531396,86.47342995169082,32.608695652173914,46.85990338164252
2067,42690764,wilmington,entire_place,127.90000000000005,91.92650167274616,0.049033616356026606,0.09243253637295848,0.4026416148690581,-0.09964125022551128,0.0,207,57.48792270531401,98.06763285024155,53.864734299516904,79.71014492753623
2068,42758651,wilmington,entire_place,71.59999999999997,51.85603259396585,0.049033616356026606,-0.12241142133830774,0.17602065239546272,-0.22241335476114377,0.0,207,18.59903381642512,35.02415458937198,30.676328502415455,27.053140096618357
2069,42803979,wilmington,entire_place,64.50000000000003,75.24099237008842,0.049033616356026606,0.03332102261797696,0.4023543909778572,-0.23815211302516065,0.0,207,44.44444444444444,95.41062801932367,21.73913043478261,62.80193236714976
2070,42915768,wilmington,entire_place,38.39999999999999,38.14687635839826,0.049033616356026606,-0.14671634071488132,-0.12490451599156835,-0.19743448563040156,0.0,207,13.768115942028986,22.705314009661837,37.68115942028986,10.628019323671497
2071,43032840,wilmington,entire_place,104.20000000000002,44.58355507037659,0.049033616356026606,-0.06849217039278203,0.0053636360632341035,-0.25370042370322304,0.0,207,28.502415458937197,28.019323671497588,15.217391304347828,15.942028985507244
2072,43302556,wilmington,private_room,11.9,21.019451918968823,0.049033616356026606,-0.35451553730045593,-0.26547921930040547,-0.4244549776484209,0.0,6,33.33333333333333,33.33333333333333,50.0,33.33333333333333
2073,43392065,wilmington,entire_place,54.499999999999986,79.59752740664612,0.049033616356026606,0.34322631178797125,0.20265907407850103,-0.2927933892486593,0.0,207,96.61835748792271,51.20772946859904,1.6908212560386473,69.56521739130434
2074,43433129,wilmington,entire_place,117.50000000000003,50.76646307463107,0.049033616356026606,-0.15405358349782683,0.1915170097334816,-0.22709689272315792,0.0,207,11.11111111111111,36.71497584541063,27.536231884057973,24.637681159420293
2075,43589217,wilmington,entire_place,80.00000000000003,69.63211900129915,0.049033616356026606,-0.17418569231034375,0.2985769307120394,-0.003282229083989404,0.0,207,8.212560386473431,77.29468599033817,68.11594202898551,51.690821256038646
2076,43725815,wilmington,entire_place,50.5,84.34215673111967,0.049033616356026606,0.11100462852649348,0.29268447898795213,-0.09339653294282572,0.0,207,62.80193236714976,68.11594202898551,55.55555555555556,73.91304347826086
2077,43726935,wilmington,entire_place,127.39999999999998,84.59304423526628,0.049033616356026606,0.33122009292831145,0.20910484561973788,-0.22709689272315792,0.0,207,95.65217391304348,61.59420289855072,27.536231884057973,74.39613526570048
2078,43731350,wilmington,entire_place,95.39999999999998,81.93866066951007,0.049033616356026606,0.0918537768390606,0.19783732162216758,-0.007965767046003568,0.0,207,55.55555555555556,43.47826086956522,67.14975845410628,71.98067632850241
2079,43790706,wilmington,entire_place,155.0,104.36238174092664,0.049033616356026606,0.07590555249083167,0.29394249818475,0.15118163715814523,0.0,207,51.690821256038646,74.39613526570048,88.40579710144928,86.47342995169082
2080,43861700,wilmington,entire_place,119.89999999999996,135.87401118005698,0.049033616356026606,0.27056192858842454,0.30031603037994653,0.2118069422336946,0.0,207,91.30434782608695,83.09178743961353,93.71980676328504,97.10144927536231
2081,43861910,wilmington,entire_place,32.20000000000001,113.48142647727938,0.049033616356026606,0.13162182895143676,0.3006374499315241,0.1717773416936457,0.0,207,66.18357487922705,84.05797101449275,90.33816425120773,92.27053140096618
2082,44016160,wilmington,entire_place,99.49999999999999,86.38130403314531,0.049033616356026606,0.2067370398558036,0.043094184176195066,0.08407414799535871,0.0,207,80.67632850241546,28.502415458937197,79.22705314009661,76.81159420289855
2083,44029556,wilmington,entire_place,59.800000000000004,48.235112989935104,0.049033616356026606,-0.16630788511381553,0.20372055367641737,-0.27718159604194537,0.0,207,9.66183574879227,57.48792270531401,4.3478260869565215,19.32367149758454
2084,44044887,wilmington,entire_place,51.400000000000006,55.928581758849035,0.049033616356026606,-0.04860814433659395,0.20779360611642947,-0.25376390623187456,0.0,207,30.917874396135264,59.42028985507246,14.251207729468598,34.29951690821256
2085,44323966,wilmington,entire_place,111.49999999999999,71.23117144565072,0.049033616356026606,0.3380340489785154,-0.20426015789109114,0.009721824026622507,0.0,207,96.1352657004831,20.28985507246377,69.56521739130434,56.038647342995176
2086,44353791,wilmington,entire_place,22.400000000000002,39.62487135534883,0.049033616356026606,0.09239434125264334,-0.6569240317974596,0.13253418946482326,0.0,207,56.52173913043478,3.864734299516908,86.47342995169082,11.11111111111111
2087,44429148,wilmington,entire_place,106.80000000000004,92.46084371917777,0.049033616356026606,0.22208693481544822,0.29907971884825574,-0.12000006392289084,0.0,207,84.54106280193237,79.71014492753623,49.75845410628019,80.19323671497585
2088,44461668,wilmington,entire_place,70.6,33.203115119399534,0.049033616356026606,-0.08968813035162318,-0.23250598544863155,-0.2818651340039595,0.0,207,25.60386473429952,14.009661835748794,3.140096618357488,6.280193236714976
2089,45073964,wilmington,entire_place,77.90000000000002,64.6481249534051,0.049033616356026606,0.022278783202559854,0.29815233887287285,-0.2724980580799312,0.0,207,41.06280193236715,75.84541062801932,6.763285024154589,44.44444444444444
2090,45156488,wilmington,entire_place,69.79999999999997,50.45705739730584,0.049033616356026606,-0.16057505789077695,0.20297185366009599,-0.23802514796785768,0.0,207,10.628019323671497,53.3816425120773,22.463768115942027,23.67149758454106
2091,45281555,wilmington,entire_place,48.99999999999999,55.16853875536094,0.049033616356026606,0.017565408224920455,-0.21436549937086657,0.08878090758345611,0.0,207,39.130434782608695,19.806763285024154,79.71014492753623,31.40096618357488
2092,45406798,wilmington,entire_place,93.60000000000004,131.67707748232394,0.049033616356026606,0.35368979166949055,0.20434553313975243,0.19350688712574216,0.0,207,97.10144927536231,58.93719806763285,92.27053140096618,95.65217391304348
2093,45465916,wilmington,entire_place,39.70000000000001,24.58841645902769,0.049033616356026606,-0.19903117610050003,-0.6487476220799655,-0.04645740989146428,0.0,207,4.830917874396135,6.280193236714976,63.28502415458937,3.864734299516908
2094,45483841,wilmington,entire_place,76.89999999999998,55.87738993962836,0.049033616356026606,-0.24798896931205758,0.2880592661305002,-0.13554837460095323,0.0,207,1.932367149758454,63.28502415458937,45.410628019323674,33.81642512077295
2095,45485752,wilmington,entire_place,107.50000000000001,91.07200551386843,0.049033616356026606,0.22111904376444075,0.29437957801918613,-0.12930365731826765,0.0,207,84.05797101449275,74.8792270531401,48.06763285024155,79.22705314009661
2096,45539852,wilmington,entire_place,44.20000000000001,84.92734360605627,0.049033616356026606,0.055250156945573274,0.1918292096152217,0.07004675573539944,0.0,207,48.309178743961354,37.19806763285024,75.84541062801932,75.36231884057972
2097,45548963,wilmington,entire_place,61.99999999999999,47.76522158584311,0.049033616356026606,-0.1728737584076907,0.19132968980443754,-0.26781452011791707,0.0,207,8.695652173913043,36.231884057971016,10.144927536231885,18.357487922705314
2098,45567548,wilmington,entire_place,80.80000000000003,69.00025433648334,0.049033616356026606,0.1363733990493913,0.2028463940075451,-0.22709689272315792,0.0,207,67.14975845410628,52.65700483091788,27.536231884057973,50.72463768115942
2099,45632194,wilmington,entire_place,7.3999999999999995,18.98999106460783,0.049033616356026606,-0.25999518817171746,-0.6556133719940059,-0.22553571340248657,0.0,207,1.4492753623188406,4.830917874396135,29.227053140096622,0.966183574879227
2100,45646741,wilmington,entire_place,45.80000000000001,47.944457141007064,0.049033616356026606,-0.11322168023912643,0.07901693211587385,-0.21148509951644406,0.0,207,21.256038647342994,30.676328502415455,35.02415458937198,18.84057971014493
2101,46063691,wilmington,entire_place,20.499999999999996,51.27952549492486,0.049033616356026606,-0.1393790979319358,0.29281857861048566,-0.33321064327664596,0.0,207,14.975845410628018,69.32367149758454,0.4830917874396135,25.120772946859905
2102,46244209,wilmington,entire_place,23.700000000000003,43.314188813376134,0.049033616356026606,0.2763120334923044,-0.8908034839843308,0.2694203904151498,0.0,207,92.27053140096618,0.966183574879227,96.1352657004831,14.975845410628018
2103,46409496,wilmington,entire_place,119.39999999999995,113.38651934660061,0.049033616356026606,0.247568943114504,0.1982119614802557,0.15742635444083078,0.0,207,87.43961352657004,44.927536231884055,89.3719806763285,91.78743961352657
2104,46464800,wilmington,entire_place,90.30000000000003,57.40085521489543,0.049033616356026606,-0.14121431856733035,0.20303371393658914,-0.13086483663893905,0.0,207,14.492753623188406,54.589371980676326,47.34299516908212,36.71497584541063
2105,46640016,wilmington,entire_place,106.19999999999997,60.57921543778509,0.049033616356026606,-0.08103895366602462,0.20365811370006937,-0.138670733242296,0.0,207,26.570048309178745,57.00483091787439,44.44444444444444,38.64734299516908
2106,46835784,wilmington,entire_place,89.50000000000003,48.361692215449295,0.049033616356026606,0.16438331505843645,-0.21969845305084235,-0.18188617495233916,0.0,207,72.94685990338165,17.391304347826086,38.164251207729464,19.806763285024154
2107,46897936,wilmington,entire_place,31.5,65.75551200151676,0.049033616356026606,-0.027412184377752787,0.07937908397869237,0.012693995984579076,0.0,207,34.78260869565217,31.40096618357488,70.04830917874396,46.3768115942029
2108,47099722,wilmington,entire_place,127.10000000000005,76.8835857735233,0.049033616356026606,0.03278045820439423,0.4023543909778572,-0.2162956025357612,0.0,207,43.96135265700483,95.41062801932367,33.57487922705314,65.70048309178745
2109,47120841,wilmington,entire_place,118.70000000000005,76.97319360903715,0.049033616356026606,0.052664484260582324,0.4023543909778572,-0.23502975438381785,0.0,207,47.10144927536232,95.41062801932367,24.154589371980677,66.18357487922705
2110,47247512,wilmington,entire_place,151.59999999999997,90.01398680424853,0.049033616356026606,0.095249014133437,0.20309673361279204,0.07629147301808499,0.0,207,58.93719806763285,56.038647342995176,77.77777777777779,78.26086956521739
2111,47444096,wilmington,entire_place,190.29999999999993,124.81902021048626,0.049033616356026606,0.25957516197416386,0.19289068921313807,0.24600270060507892,0.0,207,90.33816425120773,38.64734299516908,94.68599033816425,94.20289855072464
2112,47491858,wilmington,entire_place,56.800000000000004,106.6928852481876,0.049033616356026606,0.28071956073861337,0.19370240890566232,0.06848557641472805,0.0,207,92.7536231884058,39.61352657004831,75.36231884057972,89.3719806763285
2113,47533553,wilmington,entire_place,147.1,103.15049132146032,0.049033616356026606,0.007835102712156407,0.39567192722635275,0.10595388011084139,0.0,207,37.68115942028986,91.78743961352657,81.88405797101449,85.99033816425121
2114,47564595,wilmington,entire_place,15.599999999999996,21.37912029122407,0.049033616356026606,0.08324279527377715,-0.8750264074121672,-0.23646396864718627,0.0,207,54.830917874396135,1.932367149758454,23.42995169082126,1.932367149758454
2115,47578143,wilmington,entire_place,54.59999999999998,61.368445912008475,0.049033616356026606,-0.10305068201486112,0.19924846508763283,-0.09951428516820829,0.0,207,22.22222222222222,50.24154589371981,54.589371980676326,39.61352657004831
2116,47582881,wilmington,entire_place,126.30000000000001,96.23816684432894,0.049033616356026606,0.23469148306369242,0.19844981309023302,0.0076460261607103255,0.0,207,86.47342995169082,48.792270531400966,69.08212560386472,82.1256038647343
2117,47733622,wilmington,entire_place,124.80000000000004,74.43040787509548,0.049033616356026606,0.05839731148362085,0.19690130167680212,-0.06846410706424995,0.0,207,49.275362318840585,41.06280193236715,58.93719806763285,62.31884057971014
2118,47741862,wilmington,entire_place,133.89999999999995,75.28746090891593,0.049033616356026606,0.052664484260582324,0.4023543909778572,-0.2568862648732173,0.0,207,47.10144927536232,95.41062801932367,12.80193236714976,63.28502415458937
2119,47741948,wilmington,entire_place,102.89999999999998,81.53998965205807,0.049033616356026606,0.09243253637295848,0.4023543909778572,-0.21788000348251582,0.0,207,57.48792270531401,95.41062801932367,31.88405797101449,71.49758454106279
2120,47781184,wilmington,entire_place,54.10000000000001,52.278688553264594,0.049033616356026606,-0.2785672803252524,0.39022577500653904,-0.2724980580799312,0.0,207,0.4830917874396135,89.3719806763285,6.763285024154589,28.019323671497588
2121,47858546,wilmington,entire_place,89.29999999999998,69.75412413199093,0.049033616356026606,0.060982984168611816,0.1974002417877314,-0.13554837460095323,0.0,207,50.24154589371981,42.028985507246375,45.410628019323674,52.17391304347826
2122,47949964,wilmington,entire_place,193.89999999999992,70.61225429520256,0.049033616356026606,0.29069403740094146,-0.46906418024295293,0.3132603764512517,0.0,207,94.68599033816425,8.695652173913043,97.58454106280193,54.589371980676326
2123,47950349,wilmington,entire_place,153.89999999999995,55.12739026027873,0.049033616356026606,0.11490223511413755,-0.22644335677869482,0.0027890798892267234,0.0,207,63.76811594202898,14.492753623188406,68.59903381642512,30.917874396135264
2124,48053862,wilmington,entire_place,90.8,49.980837392309226,0.049033616356026606,0.0944776446443667,-0.15292716517438898,-0.14647662984565296,0.0,207,58.454106280193244,21.256038647342994,43.47826086956522,22.22222222222222
2125,48094797,wilmington,entire_place,116.49999999999999,61.30996430709618,0.049033616356026606,0.16880420837882198,0.07901693211587385,-0.2520757618539002,0.0,207,73.42995169082126,30.676328502415455,16.425120772946862,39.130434782608695
2126,48110123,wilmington,entire_place,95.39999999999998,153.16512974446718,0.049033616356026606,0.26447885473313054,0.19290317720840766,0.4442662919807472,0.0,207,90.82125603864735,39.130434782608695,99.03381642512076,99.51690821256038
2127,48214004,wilmington,entire_place,87.89999999999999,67.03669437867023,0.049033616356026606,0.09218445361662964,0.20297185366009599,-0.21148509951644406,0.0,207,56.038647342995176,53.3816425120773,35.02415458937198,48.309178743961354
